tag,batch,status,alphaT1,alphaT2,betaPhi1,betaPhi2,gamma,delta,meshFile,nt,ndof,order,timeTotal,wallSeconds,resEuclid,relRhoDesign,rhoDesignDiffL2,massRho,massRhoMinusDesign,activeArea,activeDesignArea,activeOverlapArea,activeJaccard,plateauArea,plateauDesignArea,plateauOverlapArea,plateauJaccard,summary,finalFrame,copiedFinalFrame,frameCount,framesCsv
beta_wideext_a40_50_g1500_dp425_b800_950_20260712-232021-752734,runs_coarse_beta_width_shift_wide_ext,OK,0.4,0.5,0.8,0.95,1.4999999999999993,0.425,run_outputs/strategyA_band_study_20260712/fixed_mesh/smooth_star_h010_n220.msh,9110,73321,4,94.45340746099828,96.7432851229969,2.640664991518758e-14,0.3843921124650712,0.29664463607370495,0.6948585709805407,0.01789713886270272,1.2744353460325575,0.9136513354725375,0.8063651382775695,0.5835945326538103,0.4005586742732001,0.4993948322641618,0.3536549772578956,0.6473657868424879,run_outputs/strategyA_band_study_20260712/runs_coarse_beta_width_shift_wide_ext/beta_wideext_a40_50_g1500_dp425_b800_950_20260712-232021-752734/out/summary.txt,run_outputs/strategyA_band_study_20260712/runs_coarse_beta_width_shift_wide_ext/beta_wideext_a40_50_g1500_dp425_b800_950_20260712-232021-752734/frames/beta_wideext_a40_50_g1500_dp425_b800_950_20260712-232021-752734_frame_0000_final.png,docs/strategyA_band_parameter_study/final_frames_beta_width_shift_wide/beta_wideext_a40_50_g1500_dp425_b800_950_20260712-232021-752734_frame_0000_final.png,1,run_outputs/strategyA_band_study_20260712/runs_coarse_beta_width_shift_wide_ext/beta_wideext_a40_50_g1500_dp425_b800_950_20260712-232021-752734/logs/frames.csv
beta_wide_a40_50_g1250_dp350_b738_862_20260712-223850-144824,runs_coarse_beta_width_shift_wide,OK,0.4,0.5,0.7375,0.8625,1.2500000000000002,0.35000000000000003,run_outputs/strategyA_band_study_20260712/fixed_mesh/smooth_star_h010_n220.msh,9110,73321,4,57.26567802600039,59.38715938600217,9.19652185574622e-14,0.4081598421566528,0.31498676458264535,0.6349732024061543,-0.0419882297116837,1.166319459441139,0.9136513354725375,0.7844116770604592,0.6054618938271642,0.3632576839120411,0.4993948322641618,0.3298896046682898,0.6192052741332577,run_outputs/strategyA_band_study_20260712/runs_coarse_beta_width_shift_wide/beta_wide_a40_50_g1250_dp350_b738_862_20260712-223850-144824/out/summary.txt,run_outputs/strategyA_band_study_20260712/runs_coarse_beta_width_shift_wide/beta_wide_a40_50_g1250_dp350_b738_862_20260712-223850-144824/frames/beta_wide_a40_50_g1250_dp350_b738_862_20260712-223850-144824_frame_0000_final.png,docs/strategyA_band_parameter_study/final_frames_beta_width_shift_wide/beta_wide_a40_50_g1250_dp350_b738_862_20260712-223850-144824_frame_0000_final.png,1,run_outputs/strategyA_band_study_20260712/runs_coarse_beta_width_shift_wide/beta_wide_a40_50_g1250_dp350_b738_862_20260712-223850-144824/logs/frames.csv
beta_wideext_a40_50_g1375_dp375_b756_894_20260712-231540-710715,runs_coarse_beta_width_shift_wide_ext,OK,0.4,0.5,0.75625,0.89375,1.3750000000000009,0.37499999999999994,run_outputs/strategyA_band_study_20260712/fixed_mesh/smooth_star_h010_n220.msh,9110,73321,4,68.51737484399928,70.88202712199563,5.377514855512625e-14,0.4093921812252749,0.3159377902740584,0.6749076754556979,-0.002053756662140138,1.2393496342072277,0.9136513354725375,0.8610761397064599,0.6665063784897237,0.3876145398574014,0.4993948322641618,0.3113695171135055,0.5409102834082727,run_outputs/strategyA_band_study_20260712/runs_coarse_beta_width_shift_wide_ext/beta_wideext_a40_50_g1375_dp375_b756_894_20260712-231540-710715/out/summary.txt,run_outputs/strategyA_band_study_20260712/runs_coarse_beta_width_shift_wide_ext/beta_wideext_a40_50_g1375_dp375_b756_894_20260712-231540-710715/frames/beta_wideext_a40_50_g1375_dp375_b756_894_20260712-231540-710715_frame_0000_final.png,docs/strategyA_band_parameter_study/final_frames_beta_width_shift_wide/beta_wideext_a40_50_g1375_dp375_b756_894_20260712-231540-710715_frame_0000_final.png,1,run_outputs/strategyA_band_study_20260712/runs_coarse_beta_width_shift_wide_ext/beta_wideext_a40_50_g1375_dp375_b756_894_20260712-231540-710715/logs/frames.csv
beta_wide_a40_50_g1125_dp300_b694_806_20260712-222751-922288,runs_coarse_beta_width_shift_wide,OK,0.4,0.5,0.69375,0.80625,1.1250000000000007,0.3,run_outputs/strategyA_band_study_20260712/fixed_mesh/smooth_star_h010_n220.msh,9110,73321,4,57.15548643699731,59.70804828799737,1.988057969310745e-13,0.42572390751209044,0.32854137615343304,0.6094446273810807,-0.06751680473675725,1.1207008590417724,0.9136513354725375,0.8241655000205661,0.6810234352851967,0.3464299427348311,0.4993948322641618,0.293466731009122,0.5312980125885586,run_outputs/strategyA_band_study_20260712/runs_coarse_beta_width_shift_wide/beta_wide_a40_50_g1125_dp300_b694_806_20260712-222751-922288/out/summary.txt,run_outputs/strategyA_band_study_20260712/runs_coarse_beta_width_shift_wide/beta_wide_a40_50_g1125_dp300_b694_806_20260712-222751-922288/frames/beta_wide_a40_50_g1125_dp300_b694_806_20260712-222751-922288_frame_0000_final.png,docs/strategyA_band_parameter_study/final_frames_beta_width_shift_wide/beta_wide_a40_50_g1125_dp300_b694_806_20260712-222751-922288_frame_0000_final.png,1,run_outputs/strategyA_band_study_20260712/runs_coarse_beta_width_shift_wide/beta_wide_a40_50_g1125_dp300_b694_806_20260712-222751-922288/logs/frames.csv
beta_wideext_a40_50_g1375_dp400_b781_919_20260712-231555-254895,runs_coarse_beta_width_shift_wide_ext,OK,0.4,0.5,0.78125,0.91875,1.3749999999999998,0.39999999999999997,run_outputs/strategyA_band_study_20260712/fixed_mesh/smooth_star_h010_n220.msh,9110,73321,4,58.779827557002136,61.62595744099963,4.384401996694093e-14,0.4508853268352656,0.34795904846298004,0.6581087211573245,-0.01885271096051433,1.2085765226373428,0.9136513354725375,0.7413183424670046,0.536833394273402,0.37841001559956877,0.4993948322641618,0.3408102999987258,0.6346624958367403,run_outputs/strategyA_band_study_20260712/runs_coarse_beta_width_shift_wide_ext/beta_wideext_a40_50_g1375_dp400_b781_919_20260712-231555-254895/out/summary.txt,run_outputs/strategyA_band_study_20260712/runs_coarse_beta_width_shift_wide_ext/beta_wideext_a40_50_g1375_dp400_b781_919_20260712-231555-254895/frames/beta_wideext_a40_50_g1375_dp400_b781_919_20260712-231555-254895_frame_0000_final.png,docs/strategyA_band_parameter_study/final_frames_beta_width_shift_wide/beta_wideext_a40_50_g1375_dp400_b781_919_20260712-231555-254895_frame_0000_final.png,1,run_outputs/strategyA_band_study_20260712/runs_coarse_beta_width_shift_wide_ext/beta_wideext_a40_50_g1375_dp400_b781_919_20260712-231555-254895/logs/frames.csv
beta_wideext_a40_50_g1500_dp400_b775_925_20260712-231926-705314,runs_coarse_beta_width_shift_wide_ext,OK,0.4,0.5,0.775,0.925,1.5000000000000007,0.4000000000000001,run_outputs/strategyA_band_study_20260712/fixed_mesh/smooth_star_h010_n220.msh,9110,73321,4,54.29938283999945,56.840319041999464,3.217762906252684e-14,0.46965593866641697,0.3624447809610384,0.7121304593803036,0.0351690272624654,1.3082169135870079,0.9136513354725375,0.8925852363733251,0.6714787053282096,0.41108233059077964,0.4993948322641618,0.2919838088856699,0.47208883816102637,run_outputs/strategyA_band_study_20260712/runs_coarse_beta_width_shift_wide_ext/beta_wideext_a40_50_g1500_dp400_b775_925_20260712-231926-705314/out/summary.txt,run_outputs/strategyA_band_study_20260712/runs_coarse_beta_width_shift_wide_ext/beta_wideext_a40_50_g1500_dp400_b775_925_20260712-231926-705314/frames/beta_wideext_a40_50_g1500_dp400_b775_925_20260712-231926-705314_frame_0000_final.png,docs/strategyA_band_parameter_study/final_frames_beta_width_shift_wide/beta_wideext_a40_50_g1500_dp400_b775_925_20260712-231926-705314_frame_0000_final.png,1,run_outputs/strategyA_band_study_20260712/runs_coarse_beta_width_shift_wide_ext/beta_wideext_a40_50_g1500_dp400_b775_925_20260712-231926-705314/logs/frames.csv
beta_wide_a40_50_g1000_dp250_b650_750_20260712-221737-512464,runs_coarse_beta_width_shift_wide,OK,0.4,0.5,0.65,0.75,1.0,0.24999999999999994,run_outputs/strategyA_band_study_20260712/fixed_mesh/smooth_star_h010_n220.msh,9110,73321,4,61.90377537200402,64.50210972700006,4.443596089371927e-13,0.48404230253747754,0.37354708388704455,0.5803745331882488,-0.09658689892958916,1.0687539665695802,0.9136513354725375,0.8454491793888398,0.7436075698469721,0.32861065542104195,0.4993948322641618,0.253882506240263,0.4422092730050568,run_outputs/strategyA_band_study_20260712/runs_coarse_beta_width_shift_wide/beta_wide_a40_50_g1000_dp250_b650_750_20260712-221737-512464/out/summary.txt,run_outputs/strategyA_band_study_20260712/runs_coarse_beta_width_shift_wide/beta_wide_a40_50_g1000_dp250_b650_750_20260712-221737-512464/frames/beta_wide_a40_50_g1000_dp250_b650_750_20260712-221737-512464_frame_0000_final.png,docs/strategyA_band_parameter_study/final_frames_beta_width_shift_wide/beta_wide_a40_50_g1000_dp250_b650_750_20260712-221737-512464_frame_0000_final.png,1,run_outputs/strategyA_band_study_20260712/runs_coarse_beta_width_shift_wide/beta_wide_a40_50_g1000_dp250_b650_750_20260712-221737-512464/logs/frames.csv
beta_wide_a40_50_g0875_dp200_b606_694_20260712-220815-227229,runs_coarse_beta_width_shift_wide,OK,0.4,0.5,0.60625,0.69375,0.8750000000000004,0.1999999999999999,run_outputs/strategyA_band_study_20260712/fixed_mesh/smooth_star_h010_n220.msh,9110,73321,4,52.307049921000726,54.67035480599952,1.034834216895437e-12,0.5482977030297378,0.4231345214974579,0.5471562335177839,-0.12980519860005435,1.0095519005132012,0.9136513354725375,0.8290824395143799,0.7577613387737878,0.30881717722996915,0.4993948322641618,0.21532771911135676,0.3631867509465266,run_outputs/strategyA_band_study_20260712/runs_coarse_beta_width_shift_wide/beta_wide_a40_50_g0875_dp200_b606_694_20260712-220815-227229/out/summary.txt,run_outputs/strategyA_band_study_20260712/runs_coarse_beta_width_shift_wide/beta_wide_a40_50_g0875_dp200_b606_694_20260712-220815-227229/frames/beta_wide_a40_50_g0875_dp200_b606_694_20260712-220815-227229_frame_0000_final.png,docs/strategyA_band_parameter_study/final_frames_beta_width_shift_wide/beta_wide_a40_50_g0875_dp200_b606_694_20260712-220815-227229_frame_0000_final.png,1,run_outputs/strategyA_band_study_20260712/runs_coarse_beta_width_shift_wide/beta_wide_a40_50_g0875_dp200_b606_694_20260712-220815-227229/logs/frames.csv
beta_wideext_a40_50_g1250_dp375_b762_888_20260712-231213-947812,runs_coarse_beta_width_shift_wide_ext,OK,0.4,0.5,0.7625,0.8875,1.2500000000000002,0.37499999999999994,run_outputs/strategyA_band_study_20260712/fixed_mesh/smooth_star_h010_n220.msh,9110,73321,4,54.43074169800093,56.729952415997104,7.430624988346699e-14,0.5657876873392088,0.43663196294376044,0.6187391325812618,-0.058222299536576205,1.1357429523876748,0.9136513354725375,0.6604798663415222,0.475536761738948,0.35509261633201883,0.4993948322641618,0.3027171217648871,0.5486288534277131,run_outputs/strategyA_band_study_20260712/runs_coarse_beta_width_shift_wide_ext/beta_wideext_a40_50_g1250_dp375_b762_888_20260712-231213-947812/out/summary.txt,run_outputs/strategyA_band_study_20260712/runs_coarse_beta_width_shift_wide_ext/beta_wideext_a40_50_g1250_dp375_b762_888_20260712-231213-947812/frames/beta_wideext_a40_50_g1250_dp375_b762_888_20260712-231213-947812_frame_0000_final.png,docs/strategyA_band_parameter_study/final_frames_beta_width_shift_wide/beta_wideext_a40_50_g1250_dp375_b762_888_20260712-231213-947812_frame_0000_final.png,1,run_outputs/strategyA_band_study_20260712/runs_coarse_beta_width_shift_wide_ext/beta_wideext_a40_50_g1250_dp375_b762_888_20260712-231213-947812/logs/frames.csv
beta_wide_a40_50_g0500_dp050_b475_525_20260712-213955-380624,runs_coarse_beta_width_shift_wide,OK,0.4,0.5,0.475,0.525,0.5000000000000006,0.04999999999999999,run_outputs/strategyA_band_study_20260712/fixed_mesh/smooth_star_h010_n220.msh,9110,73321,4,74.23083749299985,76.63590941899747,1.879961731192079e-11,0.5888164747593415,0.4544038319336184,0.4095498946954537,-0.26741153742238427,0.7670705093521915,0.9136513354725375,0.6816005558455767,0.6822000125149961,0.2206257547326703,0.4993948322641618,0.18694868324981406,0.3507006877228611,run_outputs/strategyA_band_study_20260712/runs_coarse_beta_width_shift_wide/beta_wide_a40_50_g0500_dp050_b475_525_20260712-213955-380624/out/summary.txt,run_outputs/strategyA_band_study_20260712/runs_coarse_beta_width_shift_wide/beta_wide_a40_50_g0500_dp050_b475_525_20260712-213955-380624/frames/beta_wide_a40_50_g0500_dp050_b475_525_20260712-213955-380624_frame_0000_final.png,docs/strategyA_band_parameter_study/final_frames_beta_width_shift_wide/beta_wide_a40_50_g0500_dp050_b475_525_20260712-213955-380624_frame_0000_final.png,1,run_outputs/strategyA_band_study_20260712/runs_coarse_beta_width_shift_wide/beta_wide_a40_50_g0500_dp050_b475_525_20260712-213955-380624/logs/frames.csv
beta_wide_a40_50_g1375_dp350_b731_869_20260712-224739-125659,runs_coarse_beta_width_shift_wide,OK,0.4,0.5,0.73125,0.86875,1.3750000000000009,0.35000000000000003,run_outputs/strategyA_band_study_20260712/fixed_mesh/smooth_star_h010_n220.msh,9110,73321,4,56.056894795001426,58.38512721400184,6.557936444747743e-14,0.5918211950219373,0.4567226468101385,0.6928176394375949,0.0158562073197569,1.274460943501788,0.9136513354725375,0.9006489746380567,0.6995531224887003,0.39861113894096534,0.4993948322641618,0.23080171857835516,0.34592363233551443,run_outputs/strategyA_band_study_20260712/runs_coarse_beta_width_shift_wide/beta_wide_a40_50_g1375_dp350_b731_869_20260712-224739-125659/out/summary.txt,run_outputs/strategyA_band_study_20260712/runs_coarse_beta_width_shift_wide/beta_wide_a40_50_g1375_dp350_b731_869_20260712-224739-125659/frames/beta_wide_a40_50_g1375_dp350_b731_869_20260712-224739-125659_frame_0000_final.png,docs/strategyA_band_parameter_study/final_frames_beta_width_shift_wide/beta_wide_a40_50_g1375_dp350_b731_869_20260712-224739-125659_frame_0000_final.png,1,run_outputs/strategyA_band_study_20260712/runs_coarse_beta_width_shift_wide/beta_wide_a40_50_g1375_dp350_b731_869_20260712-224739-125659/logs/frames.csv
beta_wide_a40_50_g0750_dp150_b562_638_20260712-220001-187216,runs_coarse_beta_width_shift_wide,OK,0.4,0.5,0.5625,0.6375,0.7499999999999997,0.14999999999999997,run_outputs/strategyA_band_study_20260712/fixed_mesh/smooth_star_h010_n220.msh,9110,73321,4,58.507217110000056,60.750361778002116,2.534282632314868e-12,0.5944149399981989,0.4587243021761056,0.5086934010241759,-0.16826803109366206,0.9420700519527853,0.9136513354725375,0.7962250472254868,0.7515127867976471,0.2853309685279191,0.4993948322641618,0.18522959479388307,0.3089754245991673,run_outputs/strategyA_band_study_20260712/runs_coarse_beta_width_shift_wide/beta_wide_a40_50_g0750_dp150_b562_638_20260712-220001-187216/out/summary.txt,run_outputs/strategyA_band_study_20260712/runs_coarse_beta_width_shift_wide/beta_wide_a40_50_g0750_dp150_b562_638_20260712-220001-187216/frames/beta_wide_a40_50_g0750_dp150_b562_638_20260712-220001-187216_frame_0000_final.png,docs/strategyA_band_parameter_study/final_frames_beta_width_shift_wide/beta_wide_a40_50_g0750_dp150_b562_638_20260712-220001-187216_frame_0000_final.png,1,run_outputs/strategyA_band_study_20260712/runs_coarse_beta_width_shift_wide/beta_wide_a40_50_g0750_dp150_b562_638_20260712-220001-187216/logs/frames.csv
beta_wide_a40_50_g0625_dp100_b519_581_20260712-215050-658543,runs_coarse_beta_width_shift_wide,OK,0.4,0.5,0.51875,0.58125,0.6250000000000001,0.10000000000000003,run_outputs/strategyA_band_study_20260712/fixed_mesh/smooth_star_h010_n220.msh,9110,73321,4,65.02728754700001,67.27992409199942,6.619683488088289e-12,0.606610790317934,0.46813613312265223,0.4637044960746977,-0.21325693604314028,0.8597029728936646,0.9136513354725375,0.7564575453800003,0.7438882420655957,0.2565809253787617,0.4993948322641618,0.1727870639291866,0.2962798589747705,run_outputs/strategyA_band_study_20260712/runs_coarse_beta_width_shift_wide/beta_wide_a40_50_g0625_dp100_b519_581_20260712-215050-658543/out/summary.txt,run_outputs/strategyA_band_study_20260712/runs_coarse_beta_width_shift_wide/beta_wide_a40_50_g0625_dp100_b519_581_20260712-215050-658543/frames/beta_wide_a40_50_g0625_dp100_b519_581_20260712-215050-658543_frame_0000_final.png,docs/strategyA_band_parameter_study/final_frames_beta_width_shift_wide/beta_wide_a40_50_g0625_dp100_b519_581_20260712-215050-658543_frame_0000_final.png,1,run_outputs/strategyA_band_study_20260712/runs_coarse_beta_width_shift_wide/beta_wide_a40_50_g0625_dp100_b519_581_20260712-215050-658543/logs/frames.csv
beta_wide_a40_50_g0875_dp250_b656_744_20260712-220906-054802,runs_coarse_beta_width_shift_wide,OK,0.4,0.5,0.65625,0.74375,0.8750000000000004,0.24999999999999994,run_outputs/strategyA_band_study_20260712/fixed_mesh/smooth_star_h010_n220.msh,9110,73321,4,61.07801484000083,63.30550503499762,6.639617408265887e-13,0.656999661431182,0.5070224365842315,0.513214395437593,-0.16374703668024504,0.9473839658946464,0.9136513354725375,0.5801348202115587,0.4529117044972632,0.28955154696166047,0.4993948322641618,0.23983619994432778,0.4367724529495178,run_outputs/strategyA_band_study_20260712/runs_coarse_beta_width_shift_wide/beta_wide_a40_50_g0875_dp250_b656_744_20260712-220906-054802/out/summary.txt,run_outputs/strategyA_band_study_20260712/runs_coarse_beta_width_shift_wide/beta_wide_a40_50_g0875_dp250_b656_744_20260712-220906-054802/frames/beta_wide_a40_50_g0875_dp250_b656_744_20260712-220906-054802_frame_0000_final.png,docs/strategyA_band_parameter_study/final_frames_beta_width_shift_wide/beta_wide_a40_50_g0875_dp250_b656_744_20260712-220906-054802_frame_0000_final.png,1,run_outputs/strategyA_band_study_20260712/runs_coarse_beta_width_shift_wide/beta_wide_a40_50_g0875_dp250_b656_744_20260712-220906-054802/logs/frames.csv
beta_wideext_a40_50_g1500_dp375_b750_900_20260712-231921-796836,runs_coarse_beta_width_shift_wide_ext,OK,0.4,0.5,0.75,0.9,1.5000000000000007,0.37499999999999994,run_outputs/strategyA_band_study_20260712/fixed_mesh/smooth_star_h010_n220.msh,9110,73321,4,57.76248108600703,60.27695590999792,3.892351204716081e-14,0.6653075137333829,0.5134338059719539,0.7302255321672813,0.053264100049443264,1.3408487960694828,0.9136513354725375,0.9085039731737827,0.6749677311673533,0.42009450624854716,0.4993948322641618,0.20319063622204406,0.28366746382794905,run_outputs/strategyA_band_study_20260712/runs_coarse_beta_width_shift_wide_ext/beta_wideext_a40_50_g1500_dp375_b750_900_20260712-231921-796836/out/summary.txt,run_outputs/strategyA_band_study_20260712/runs_coarse_beta_width_shift_wide_ext/beta_wideext_a40_50_g1500_dp375_b750_900_20260712-231921-796836/frames/beta_wideext_a40_50_g1500_dp375_b750_900_20260712-231921-796836_frame_0000_final.png,docs/strategyA_band_parameter_study/final_frames_beta_width_shift_wide/beta_wideext_a40_50_g1500_dp375_b750_900_20260712-231921-796836_frame_0000_final.png,1,run_outputs/strategyA_band_study_20260712/runs_coarse_beta_width_shift_wide_ext/beta_wideext_a40_50_g1500_dp375_b750_900_20260712-231921-796836/logs/frames.csv
beta_wide_a40_50_g1000_dp300_b700_800_20260712-221808-896524,runs_coarse_beta_width_shift_wide,OK,0.4,0.5,0.7,0.8,1.000000000000001,0.3,run_outputs/strategyA_band_study_20260712/fixed_mesh/smooth_star_h010_n220.msh,9110,73321,4,55.78804353900341,58.2558417590044,2.866164486875453e-13,0.6690459354506562,0.5163188359032361,0.5469322383789298,-0.1300291937389082,1.0071606790671022,0.9136513354725375,0.5790615657913136,0.43157173253156034,0.3106699266432606,0.4993948322641618,0.24961445639803095,0.4453819638965191,run_outputs/strategyA_band_study_20260712/runs_coarse_beta_width_shift_wide/beta_wide_a40_50_g1000_dp300_b700_800_20260712-221808-896524/out/summary.txt,run_outputs/strategyA_band_study_20260712/runs_coarse_beta_width_shift_wide/beta_wide_a40_50_g1000_dp300_b700_800_20260712-221808-896524/frames/beta_wide_a40_50_g1000_dp300_b700_800_20260712-221808-896524_frame_0000_final.png,docs/strategyA_band_parameter_study/final_frames_beta_width_shift_wide/beta_wide_a40_50_g1000_dp300_b700_800_20260712-221808-896524_frame_0000_final.png,1,run_outputs/strategyA_band_study_20260712/runs_coarse_beta_width_shift_wide/beta_wide_a40_50_g1000_dp300_b700_800_20260712-221808-896524/logs/frames.csv
beta_wide_a40_50_g0750_dp200_b612_688_20260712-220100-256066,runs_coarse_beta_width_shift_wide,OK,0.4,0.5,0.6125,0.6875,0.7499999999999997,0.2,run_outputs/strategyA_band_study_20260712/fixed_mesh/smooth_star_h010_n220.msh,9110,73321,4,56.856955165003455,58.956119541999215,1.6124110677911765e-12,0.6767985629443696,0.5223017249556139,0.47487969891790943,-0.20208173319992878,0.8798307282219386,0.9136513354725375,0.560985856943455,0.45516233954363877,0.2665528122798208,0.4993948322641618,0.2208639977618959,0.4051928526305484,run_outputs/strategyA_band_study_20260712/runs_coarse_beta_width_shift_wide/beta_wide_a40_50_g0750_dp200_b612_688_20260712-220100-256066/out/summary.txt,run_outputs/strategyA_band_study_20260712/runs_coarse_beta_width_shift_wide/beta_wide_a40_50_g0750_dp200_b612_688_20260712-220100-256066/frames/beta_wide_a40_50_g0750_dp200_b612_688_20260712-220100-256066_frame_0000_final.png,docs/strategyA_band_parameter_study/final_frames_beta_width_shift_wide/beta_wide_a40_50_g0750_dp200_b612_688_20260712-220100-256066_frame_0000_final.png,1,run_outputs/strategyA_band_study_20260712/runs_coarse_beta_width_shift_wide/beta_wide_a40_50_g0750_dp200_b612_688_20260712-220100-256066/logs/frames.csv
beta_wide_a40_50_g1125_dp350_b744_856_20260712-222851-503648,runs_coarse_beta_width_shift_wide,OK,0.4,0.5,0.74375,0.85625,1.1249999999999996,0.35000000000000003,run_outputs/strategyA_band_study_20260712/fixed_mesh/smooth_star_h010_n220.msh,9110,73321,4,68.66909057700104,71.08964705900144,1.2855714275377528e-13,0.7080642157948525,0.546430181057275,0.5767555337993364,-0.10020589831850157,1.059987471291984,0.9136513354725375,0.5639498077812816,0.40005264153159964,0.32946176586166115,0.4993948322641618,0.2492974449257106,0.43015012971356226,run_outputs/strategyA_band_study_20260712/runs_coarse_beta_width_shift_wide/beta_wide_a40_50_g1125_dp350_b744_856_20260712-222851-503648/out/summary.txt,run_outputs/strategyA_band_study_20260712/runs_coarse_beta_width_shift_wide/beta_wide_a40_50_g1125_dp350_b744_856_20260712-222851-503648/frames/beta_wide_a40_50_g1125_dp350_b744_856_20260712-222851-503648_frame_0000_final.png,docs/strategyA_band_parameter_study/final_frames_beta_width_shift_wide/beta_wide_a40_50_g1125_dp350_b744_856_20260712-222851-503648_frame_0000_final.png,1,run_outputs/strategyA_band_study_20260712/runs_coarse_beta_width_shift_wide/beta_wide_a40_50_g1125_dp350_b744_856_20260712-222851-503648/logs/frames.csv
beta_wide_a40_50_g1250_dp300_b688_812_20260712-223803-282997,runs_coarse_beta_width_shift_wide,OK,0.4,0.5,0.6875,0.8125,1.2500000000000002,0.3,run_outputs/strategyA_band_study_20260712/fixed_mesh/smooth_star_h010_n220.msh,9110,73321,4,45.484042381998734,47.78036298599909,1.3751069755414442e-13,0.7129582177594384,0.5502070000518648,0.6706005578314843,-0.006360874286353679,1.2344871080021558,0.9136513354725375,0.8786947234458685,0.6921887985911784,0.3841475019775247,0.4993948322641618,0.1675605802198552,0.2340291205448038,run_outputs/strategyA_band_study_20260712/runs_coarse_beta_width_shift_wide/beta_wide_a40_50_g1250_dp300_b688_812_20260712-223803-282997/out/summary.txt,run_outputs/strategyA_band_study_20260712/runs_coarse_beta_width_shift_wide/beta_wide_a40_50_g1250_dp300_b688_812_20260712-223803-282997/frames/beta_wide_a40_50_g1250_dp300_b688_812_20260712-223803-282997_frame_0000_final.png,docs/strategyA_band_parameter_study/final_frames_beta_width_shift_wide/beta_wide_a40_50_g1250_dp300_b688_812_20260712-223803-282997_frame_0000_final.png,1,run_outputs/strategyA_band_study_20260712/runs_coarse_beta_width_shift_wide/beta_wide_a40_50_g1250_dp300_b688_812_20260712-223803-282997/logs/frames.csv
beta_wide_a40_50_g0625_dp150_b569_631_20260712-215101-646503,runs_coarse_beta_width_shift_wide,OK,0.4,0.5,0.56875,0.63125,0.6250000000000001,0.14999999999999997,run_outputs/strategyA_band_study_20260712/fixed_mesh/smooth_star_h010_n220.msh,9110,73321,4,68.51894203199845,70.73844915600057,4.150569514859912e-12,0.7359733743465685,0.5679683498001351,0.43013730432150477,-0.24682412779633345,0.8001411989960902,0.9136513354725375,0.5070371242167346,0.4201656109508536,0.23875336686650916,0.4993948322641618,0.18637929598241315,0.33778506711592243,run_outputs/strategyA_band_study_20260712/runs_coarse_beta_width_shift_wide/beta_wide_a40_50_g0625_dp150_b569_631_20260712-215101-646503/out/summary.txt,run_outputs/strategyA_band_study_20260712/runs_coarse_beta_width_shift_wide/beta_wide_a40_50_g0625_dp150_b569_631_20260712-215101-646503/frames/beta_wide_a40_50_g0625_dp150_b569_631_20260712-215101-646503_frame_0000_final.png,docs/strategyA_band_parameter_study/final_frames_beta_width_shift_wide/beta_wide_a40_50_g0625_dp150_b569_631_20260712-215101-646503_frame_0000_final.png,1,run_outputs/strategyA_band_study_20260712/runs_coarse_beta_width_shift_wide/beta_wide_a40_50_g0625_dp150_b569_631_20260712-215101-646503/logs/frames.csv
beta_wideext_a40_50_g1250_dp400_b788_913_20260712-231232-717485,runs_coarse_beta_width_shift_wide_ext,OK,0.4,0.5,0.7875,0.9125,1.2500000000000002,0.39999999999999997,run_outputs/strategyA_band_study_20260712/fixed_mesh/smooth_star_h010_n220.msh,9110,73321,4,49.68489416500233,52.119234616999165,5.95416208693951e-14,0.7684143687463559,0.5930038452370205,0.6031197004773012,-0.07384173164053698,1.1070648150525157,0.9136513354725375,0.5388578409836243,0.3636365484567668,0.34687913572986895,0.4993948322641618,0.23091815404851831,0.3752595633539676,run_outputs/strategyA_band_study_20260712/runs_coarse_beta_width_shift_wide_ext/beta_wideext_a40_50_g1250_dp400_b788_913_20260712-231232-717485/out/summary.txt,run_outputs/strategyA_band_study_20260712/runs_coarse_beta_width_shift_wide_ext/beta_wideext_a40_50_g1250_dp400_b788_913_20260712-231232-717485/frames/beta_wideext_a40_50_g1250_dp400_b788_913_20260712-231232-717485_frame_0000_final.png,docs/strategyA_band_parameter_study/final_frames_beta_width_shift_wide/beta_wideext_a40_50_g1250_dp400_b788_913_20260712-231232-717485_frame_0000_final.png,1,run_outputs/strategyA_band_study_20260712/runs_coarse_beta_width_shift_wide_ext/beta_wideext_a40_50_g1250_dp400_b788_913_20260712-231232-717485/logs/frames.csv
beta_wide_a40_50_g1125_dp250_b644_756_20260712-222742-391841,runs_coarse_beta_width_shift_wide,OK,0.4,0.5,0.64375,0.75625,1.1249999999999996,0.24999999999999994,run_outputs/strategyA_band_study_20260712/fixed_mesh/smooth_star_h010_n220.msh,9110,73321,4,82.55207363600493,85.40510911399906,2.965870877429167e-13,0.8195315274815045,0.63245218576843,0.645443070250568,-0.03151836186726997,1.1916456329610854,0.9136513354725375,0.8379976488451605,0.661246822982031,0.3670203720274772,0.4993948322641618,0.128222079784923,0.173697201353108,run_outputs/strategyA_band_study_20260712/runs_coarse_beta_width_shift_wide/beta_wide_a40_50_g1125_dp250_b644_756_20260712-222742-391841/out/summary.txt,run_outputs/strategyA_band_study_20260712/runs_coarse_beta_width_shift_wide/beta_wide_a40_50_g1125_dp250_b644_756_20260712-222742-391841/frames/beta_wide_a40_50_g1125_dp250_b644_756_20260712-222742-391841_frame_0000_final.png,docs/strategyA_band_parameter_study/final_frames_beta_width_shift_wide/beta_wide_a40_50_g1125_dp250_b644_756_20260712-222742-391841_frame_0000_final.png,1,run_outputs/strategyA_band_study_20260712/runs_coarse_beta_width_shift_wide/beta_wide_a40_50_g1125_dp250_b644_756_20260712-222742-391841/logs/frames.csv
beta_wide_a40_50_g1500_dp350_b725_875_20260712-225800-859000,runs_coarse_beta_width_shift_wide,OK,0.4,0.5,0.725,0.875,1.5000000000000007,0.35000000000000003,run_outputs/strategyA_band_study_20260712/fixed_mesh/smooth_star_h010_n220.msh,9110,73321,4,73.2059192720044,75.31589605400222,4.6759372705012766e-14,0.8455816656308871,0.6525557037658122,0.7487213934542611,0.07175996133642293,1.3761653700781142,0.9136513354725375,0.8835108864592341,0.6282494706806024,0.4316503830484947,0.4993948322641618,0.13767508857978097,0.17353197951469582,run_outputs/strategyA_band_study_20260712/runs_coarse_beta_width_shift_wide/beta_wide_a40_50_g1500_dp350_b725_875_20260712-225800-859000/out/summary.txt,run_outputs/strategyA_band_study_20260712/runs_coarse_beta_width_shift_wide/beta_wide_a40_50_g1500_dp350_b725_875_20260712-225800-859000/frames/beta_wide_a40_50_g1500_dp350_b725_875_20260712-225800-859000_frame_0000_final.png,docs/strategyA_band_parameter_study/final_frames_beta_width_shift_wide/beta_wide_a40_50_g1500_dp350_b725_875_20260712-225800-859000_frame_0000_final.png,1,run_outputs/strategyA_band_study_20260712/runs_coarse_beta_width_shift_wide/beta_wide_a40_50_g1500_dp350_b725_875_20260712-225800-859000/logs/frames.csv
beta_wide_a40_50_g0500_dp100_b525_575_20260712-213959-296898,runs_coarse_beta_width_shift_wide,OK,0.4,0.5,0.525,0.575,0.49999999999999944,0.10000000000000003,run_outputs/strategyA_band_study_20260712/fixed_mesh/smooth_star_h010_n220.msh,9110,73321,4,75.63497557200026,77.85391611700106,1.1432378097408326e-11,0.8650213468398192,0.6675577731907839,0.377183768153765,-0.299777663964073,0.7029720958722395,0.9136513354725375,0.3957451768126939,0.32414794459941315,0.20557305912141602,0.4993948322641618,0.1097751697826597,0.18443634439450696,run_outputs/strategyA_band_study_20260712/runs_coarse_beta_width_shift_wide/beta_wide_a40_50_g0500_dp100_b525_575_20260712-213959-296898/out/summary.txt,run_outputs/strategyA_band_study_20260712/runs_coarse_beta_width_shift_wide/beta_wide_a40_50_g0500_dp100_b525_575_20260712-213959-296898/frames/beta_wide_a40_50_g0500_dp100_b525_575_20260712-213959-296898_frame_0000_final.png,docs/strategyA_band_parameter_study/final_frames_beta_width_shift_wide/beta_wide_a40_50_g0500_dp100_b525_575_20260712-213959-296898_frame_0000_final.png,1,run_outputs/strategyA_band_study_20260712/runs_coarse_beta_width_shift_wide/beta_wide_a40_50_g0500_dp100_b525_575_20260712-213959-296898/logs/frames.csv
beta_wide_a40_50_g1000_dp200_b600_700_20260712-221702-444253,runs_coarse_beta_width_shift_wide,OK,0.4,0.5,0.6,0.7,1.0,0.1999999999999999,run_outputs/strategyA_band_study_20260712/fixed_mesh/smooth_star_h010_n220.msh,9110,73321,4,63.86696369600395,66.74139435099642,6.627446947651514e-13,0.9048232827516491,0.6982738841897227,0.6170193289576581,-0.059942103160179894,1.1396782774839365,0.9136513354725375,0.7834327155188759,0.6169262379486785,0.3491785761638517,0.4993948322641618,0.09959284962226642,0.13297120793237635,run_outputs/strategyA_band_study_20260712/runs_coarse_beta_width_shift_wide/beta_wide_a40_50_g1000_dp200_b600_700_20260712-221702-444253/out/summary.txt,run_outputs/strategyA_band_study_20260712/runs_coarse_beta_width_shift_wide/beta_wide_a40_50_g1000_dp200_b600_700_20260712-221702-444253/frames/beta_wide_a40_50_g1000_dp200_b600_700_20260712-221702-444253_frame_0000_final.png,docs/strategyA_band_parameter_study/final_frames_beta_width_shift_wide/beta_wide_a40_50_g1000_dp200_b600_700_20260712-221702-444253_frame_0000_final.png,1,run_outputs/strategyA_band_study_20260712/runs_coarse_beta_width_shift_wide/beta_wide_a40_50_g1000_dp200_b600_700_20260712-221702-444253/logs/frames.csv
beta_wideext_a40_50_g1125_dp375_b769_881_20260712-230849-041874,runs_coarse_beta_width_shift_wide_ext,OK,0.4,0.5,0.76875,0.88125,1.1249999999999996,0.37499999999999994,run_outputs/strategyA_band_study_20260712/fixed_mesh/smooth_star_h010_n220.msh,9110,73321,4,52.485695292001765,54.93627256000036,1.0190956730554316e-13,0.9157276876886392,0.7066890756810092,0.5614248363799798,-0.11553659573785846,1.0305264573336645,0.9136513354725375,0.43608336802433867,0.28916184614064566,0.32133433218762225,0.4993948322641618,0.1347931733275828,0.19650984213070116,run_outputs/strategyA_band_study_20260712/runs_coarse_beta_width_shift_wide_ext/beta_wideext_a40_50_g1125_dp375_b769_881_20260712-230849-041874/out/summary.txt,run_outputs/strategyA_band_study_20260712/runs_coarse_beta_width_shift_wide_ext/beta_wideext_a40_50_g1125_dp375_b769_881_20260712-230849-041874/frames/beta_wideext_a40_50_g1125_dp375_b769_881_20260712-230849-041874_frame_0000_final.png,docs/strategyA_band_parameter_study/final_frames_beta_width_shift_wide/beta_wideext_a40_50_g1125_dp375_b769_881_20260712-230849-041874_frame_0000_final.png,1,run_outputs/strategyA_band_study_20260712/runs_coarse_beta_width_shift_wide_ext/beta_wideext_a40_50_g1125_dp375_b769_881_20260712-230849-041874/logs/frames.csv
beta_wide_a40_50_g1375_dp300_b681_819_20260712-224732-709344,runs_coarse_beta_width_shift_wide,OK,0.4,0.5,0.68125,0.81875,1.3749999999999998,0.3,run_outputs/strategyA_band_study_20260712/fixed_mesh/smooth_star_h010_n220.msh,9110,73321,4,53.8347140199985,56.442874273998314,9.518862832973246e-14,0.9490745598767629,0.7324236587894002,0.7299666805321127,0.053005248414274675,1.344645379747673,0.9136513354725375,0.8353819134003907,0.5870920116453838,0.4176196221712067,0.4993948322641618,0.10238203753814744,0.12567881588618954,run_outputs/strategyA_band_study_20260712/runs_coarse_beta_width_shift_wide/beta_wide_a40_50_g1375_dp300_b681_819_20260712-224732-709344/out/summary.txt,run_outputs/strategyA_band_study_20260712/runs_coarse_beta_width_shift_wide/beta_wide_a40_50_g1375_dp300_b681_819_20260712-224732-709344/frames/beta_wide_a40_50_g1375_dp300_b681_819_20260712-224732-709344_frame_0000_final.png,docs/strategyA_band_parameter_study/final_frames_beta_width_shift_wide/beta_wide_a40_50_g1375_dp300_b681_819_20260712-224732-709344_frame_0000_final.png,1,run_outputs/strategyA_band_study_20260712/runs_coarse_beta_width_shift_wide/beta_wide_a40_50_g1375_dp300_b681_819_20260712-224732-709344/logs/frames.csv
beta_wide_a40_50_g0875_dp150_b556_644_20260712-220800-535321,runs_coarse_beta_width_shift_wide,OK,0.4,0.5,0.55625,0.64375,0.8750000000000004,0.15000000000000008,run_outputs/strategyA_band_study_20260712/fixed_mesh/smooth_star_h010_n220.msh,9110,73321,4,63.26489055999991,65.51618047800002,1.5448732228879915e-12,0.964734332750548,0.7445086820625115,0.5841390295683423,-0.0928224025494957,1.0819664701268132,0.9136513354725375,0.7212836929671732,0.5660083064694383,0.32828079759206397,0.4993948322641618,0.07783346614283042,0.10379979935694829,run_outputs/strategyA_band_study_20260712/runs_coarse_beta_width_shift_wide/beta_wide_a40_50_g0875_dp150_b556_644_20260712-220800-535321/out/summary.txt,run_outputs/strategyA_band_study_20260712/runs_coarse_beta_width_shift_wide/beta_wide_a40_50_g0875_dp150_b556_644_20260712-220800-535321/frames/beta_wide_a40_50_g0875_dp150_b556_644_20260712-220800-535321_frame_0000_final.png,docs/strategyA_band_parameter_study/final_frames_beta_width_shift_wide/beta_wide_a40_50_g0875_dp150_b556_644_20260712-220800-535321_frame_0000_final.png,1,run_outputs/strategyA_band_study_20260712/runs_coarse_beta_width_shift_wide/beta_wide_a40_50_g0875_dp150_b556_644_20260712-220800-535321/logs/frames.csv
beta_wide_a40_50_g0750_dp100_b513_588_20260712-215948-788381,runs_coarse_beta_width_shift_wide,OK,0.4,0.5,0.5125,0.5875,0.7500000000000009,0.10000000000000003,run_outputs/strategyA_band_study_20260712/fixed_mesh/smooth_star_h010_n220.msh,9110,73321,4,69.4024651050022,71.75730877200112,3.80164143337378e-12,1.0013189810165024,0.7727419348239732,0.5460497847116067,-0.1309116474062313,1.0160441605802446,0.9136513354725375,0.655059156789871,0.5139184696151645,0.30407163470653087,0.4993948322641618,0.061767611300520046,0.08327855817535142,run_outputs/strategyA_band_study_20260712/runs_coarse_beta_width_shift_wide/beta_wide_a40_50_g0750_dp100_b513_588_20260712-215948-788381/out/summary.txt,run_outputs/strategyA_band_study_20260712/runs_coarse_beta_width_shift_wide/beta_wide_a40_50_g0750_dp100_b513_588_20260712-215948-788381/frames/beta_wide_a40_50_g0750_dp100_b513_588_20260712-215948-788381_frame_0000_final.png,docs/strategyA_band_parameter_study/final_frames_beta_width_shift_wide/beta_wide_a40_50_g0750_dp100_b513_588_20260712-215948-788381_frame_0000_final.png,1,run_outputs/strategyA_band_study_20260712/runs_coarse_beta_width_shift_wide/beta_wide_a40_50_g0750_dp100_b513_588_20260712-215948-788381/logs/frames.csv
beta_wide_a40_50_g0500_dp000_b425_475_20260712-213841-727685,runs_coarse_beta_width_shift_wide,OK,0.4,0.5,0.425,0.475,0.5,-5.551115123125783e-17,run_outputs/strategyA_band_study_20260712/fixed_mesh/smooth_star_h010_n220.msh,9110,73321,4,75.31091229799858,77.51246668500244,2.9018151885990177e-11,1.0060978161154848,0.7764298767791368,0.4465892617490196,-0.2303721703688184,0.839942135588789,0.9136513354725375,0.543464943735459,0.4490968781112891,0.24037946729107185,0.4993948322641618,0.04805242245185269,0.0694678367743327,run_outputs/strategyA_band_study_20260712/runs_coarse_beta_width_shift_wide/beta_wide_a40_50_g0500_dp000_b425_475_20260712-213841-727685/out/summary.txt,run_outputs/strategyA_band_study_20260712/runs_coarse_beta_width_shift_wide/beta_wide_a40_50_g0500_dp000_b425_475_20260712-213841-727685/frames/beta_wide_a40_50_g0500_dp000_b425_475_20260712-213841-727685_frame_0000_final.png,docs/strategyA_band_parameter_study/final_frames_beta_width_shift_wide/beta_wide_a40_50_g0500_dp000_b425_475_20260712-213841-727685_frame_0000_final.png,1,run_outputs/strategyA_band_study_20260712/runs_coarse_beta_width_shift_wide/beta_wide_a40_50_g0500_dp000_b425_475_20260712-213841-727685/logs/frames.csv
beta_wide_a40_50_g0625_dp050_b469_531_20260712-214952-458623,runs_coarse_beta_width_shift_wide,OK,0.4,0.5,0.46875,0.53125,0.6250000000000001,0.04999999999999999,run_outputs/strategyA_band_study_20260712/fixed_mesh/smooth_star_h010_n220.msh,9110,73321,4,66.93643661999886,69.2898186220009,1.0018379419688627e-11,1.0165582408487743,0.7845024380715203,0.5010980695774936,-0.17586336254034463,0.9352617534625273,0.9136513354725375,0.5920281243722713,0.4710280901309117,0.2744113589033788,0.4993948322641618,0.05103680739321005,0.07061285181546263,run_outputs/strategyA_band_study_20260712/runs_coarse_beta_width_shift_wide/beta_wide_a40_50_g0625_dp050_b469_531_20260712-214952-458623/out/summary.txt,run_outputs/strategyA_band_study_20260712/runs_coarse_beta_width_shift_wide/beta_wide_a40_50_g0625_dp050_b469_531_20260712-214952-458623/frames/beta_wide_a40_50_g0625_dp050_b469_531_20260712-214952-458623_frame_0000_final.png,docs/strategyA_band_parameter_study/final_frames_beta_width_shift_wide/beta_wide_a40_50_g0625_dp050_b469_531_20260712-214952-458623_frame_0000_final.png,1,run_outputs/strategyA_band_study_20260712/runs_coarse_beta_width_shift_wide/beta_wide_a40_50_g0625_dp050_b469_531_20260712-214952-458623/logs/frames.csv
beta_wide_a40_50_g1250_dp250_b638_762_20260712-223712-474800,runs_coarse_beta_width_shift_wide,OK,0.4,0.5,0.6375,0.7625,1.2500000000000002,0.24999999999999994,run_outputs/strategyA_band_study_20260712/fixed_mesh/smooth_star_h010_n220.msh,9110,73321,4,95.52252436300478,97.7065426429981,1.9854496323549106e-13,1.0277613875481775,0.7931481757642435,0.7085311574998117,0.03156972538197367,1.3062184139762936,0.9136513354725375,0.773973009308858,0.5352892691589664,0.4051023196662487,0.4993948322641618,0.0752089066296464,0.09069091121913807,run_outputs/strategyA_band_study_20260712/runs_coarse_beta_width_shift_wide/beta_wide_a40_50_g1250_dp250_b638_762_20260712-223712-474800/out/summary.txt,run_outputs/strategyA_band_study_20260712/runs_coarse_beta_width_shift_wide/beta_wide_a40_50_g1250_dp250_b638_762_20260712-223712-474800/frames/beta_wide_a40_50_g1250_dp250_b638_762_20260712-223712-474800_frame_0000_final.png,docs/strategyA_band_parameter_study/final_frames_beta_width_shift_wide/beta_wide_a40_50_g1250_dp250_b638_762_20260712-223712-474800_frame_0000_final.png,1,run_outputs/strategyA_band_study_20260712/runs_coarse_beta_width_shift_wide/beta_wide_a40_50_g1250_dp250_b638_762_20260712-223712-474800/logs/frames.csv
beta_wide_a40_50_g1000_dp350_b750_850_20260712-221842-058045,runs_coarse_beta_width_shift_wide,OK,0.4,0.5,0.75,0.85,1.0,0.35000000000000003,run_outputs/strategyA_band_study_20260712/fixed_mesh/smooth_star_h010_n220.msh,9110,73321,4,71.48330526499922,74.12336449400027,1.7759362496747707e-13,1.0822452105228626,0.8351946520422869,0.5172587707328028,-0.1597026613850352,0.9507741151722644,0.9136513354725375,0.3131160003155265,0.2018398071700431,0.29493887244011024,0.4993948322641618,0.02041974535805816,0.026385033001999767,run_outputs/strategyA_band_study_20260712/runs_coarse_beta_width_shift_wide/beta_wide_a40_50_g1000_dp350_b750_850_20260712-221842-058045/out/summary.txt,run_outputs/strategyA_band_study_20260712/runs_coarse_beta_width_shift_wide/beta_wide_a40_50_g1000_dp350_b750_850_20260712-221842-058045/frames/beta_wide_a40_50_g1000_dp350_b750_850_20260712-221842-058045_frame_0000_final.png,docs/strategyA_band_parameter_study/final_frames_beta_width_shift_wide/beta_wide_a40_50_g1000_dp350_b750_850_20260712-221842-058045_frame_0000_final.png,1,run_outputs/strategyA_band_study_20260712/runs_coarse_beta_width_shift_wide/beta_wide_a40_50_g1000_dp350_b750_850_20260712-221842-058045/logs/frames.csv
beta_wide_a40_50_g0875_dp300_b706_794_20260712-220909-798923,runs_coarse_beta_width_shift_wide,OK,0.4,0.5,0.70625,0.79375,0.8749999999999993,0.3,run_outputs/strategyA_band_study_20260712/fixed_mesh/smooth_star_h010_n220.msh,9110,73321,4,56.05508280600043,58.38101580000148,4.076482621947411e-13,1.084187724878985,0.8366937370795542,0.48365564753852924,-0.19330578457930875,0.8911232934871538,0.9136513354725375,0.2967797976784968,0.19680425391534814,0.27449845611900003,0.4993948322641618,0.010569456297754036,0.013846621647955342,run_outputs/strategyA_band_study_20260712/runs_coarse_beta_width_shift_wide/beta_wide_a40_50_g0875_dp300_b706_794_20260712-220909-798923/out/summary.txt,run_outputs/strategyA_band_study_20260712/runs_coarse_beta_width_shift_wide/beta_wide_a40_50_g0875_dp300_b706_794_20260712-220909-798923/frames/beta_wide_a40_50_g0875_dp300_b706_794_20260712-220909-798923_frame_0000_final.png,docs/strategyA_band_parameter_study/final_frames_beta_width_shift_wide/beta_wide_a40_50_g0875_dp300_b706_794_20260712-220909-798923_frame_0000_final.png,1,run_outputs/strategyA_band_study_20260712/runs_coarse_beta_width_shift_wide/beta_wide_a40_50_g0875_dp300_b706_794_20260712-220909-798923/logs/frames.csv
beta_wide_a40_50_g1125_dp200_b594_706_20260712-222640-726658,runs_coarse_beta_width_shift_wide,OK,0.4,0.5,0.59375,0.70625,1.1250000000000007,0.2,run_outputs/strategyA_band_study_20260712/fixed_mesh/smooth_star_h010_n220.msh,9110,73321,4,68.51940870899853,71.0052904349941,4.266912342485999e-13,1.0850271289511881,0.8373415253859285,0.6842898391020377,0.007328406984199676,1.2638321565895094,0.9136513354725375,0.6998553553592247,0.4736342913183023,0.38919565887691293,0.4993948322641618,0.0528044121704671,0.06317933918629445,run_outputs/strategyA_band_study_20260712/runs_coarse_beta_width_shift_wide/beta_wide_a40_50_g1125_dp200_b594_706_20260712-222640-726658/out/summary.txt,run_outputs/strategyA_band_study_20260712/runs_coarse_beta_width_shift_wide/beta_wide_a40_50_g1125_dp200_b594_706_20260712-222640-726658/frames/beta_wide_a40_50_g1125_dp200_b594_706_20260712-222640-726658_frame_0000_final.png,docs/strategyA_band_parameter_study/final_frames_beta_width_shift_wide/beta_wide_a40_50_g1125_dp200_b594_706_20260712-222640-726658_frame_0000_final.png,1,run_outputs/strategyA_band_study_20260712/runs_coarse_beta_width_shift_wide/beta_wide_a40_50_g1125_dp200_b594_706_20260712-222640-726658/logs/frames.csv
beta_wide_a40_50_g1500_dp300_b675_825_20260712-225745-346215,runs_coarse_beta_width_shift_wide,OK,0.4,0.5,0.675,0.825,1.4999999999999993,0.3,run_outputs/strategyA_band_study_20260712/fixed_mesh/smooth_star_h010_n220.msh,9110,73321,4,52.63196174600307,54.898990385001525,6.614590736374978e-14,1.0856718350060772,0.837839060550739,0.7876666794511467,0.11070524733330867,1.4505512404689975,0.9136513354725375,0.7888360360281934,0.5007317446716788,0.4530007999729158,0.4993948322641618,0.06737007279043997,0.07612217757028747,run_outputs/strategyA_band_study_20260712/runs_coarse_beta_width_shift_wide/beta_wide_a40_50_g1500_dp300_b675_825_20260712-225745-346215/out/summary.txt,run_outputs/strategyA_band_study_20260712/runs_coarse_beta_width_shift_wide/beta_wide_a40_50_g1500_dp300_b675_825_20260712-225745-346215/frames/beta_wide_a40_50_g1500_dp300_b675_825_20260712-225745-346215_frame_0000_final.png,docs/strategyA_band_parameter_study/final_frames_beta_width_shift_wide/beta_wide_a40_50_g1500_dp300_b675_825_20260712-225745-346215_frame_0000_final.png,1,run_outputs/strategyA_band_study_20260712/runs_coarse_beta_width_shift_wide/beta_wide_a40_50_g1500_dp300_b675_825_20260712-225745-346215/logs/frames.csv
beta_wideext_a40_50_g1125_dp400_b794_906_20260712-230905-656138,runs_coarse_beta_width_shift_wide_ext,OK,0.4,0.5,0.79375,0.90625,1.1250000000000007,0.39999999999999997,run_outputs/strategyA_band_study_20260712/fixed_mesh/smooth_star_h010_n220.msh,9110,73321,4,54.61507057199924,56.972874924998905,8.002941458416717e-14,1.1021736438863976,0.850573903257235,0.5471347761371291,-0.12982665598070908,1.003545698451575,0.9136513354725375,0.3132864572092527,0.19532663588448182,0.3136906805576303,0.4993948322641618,0.016927497067516284,0.021261479169407425,run_outputs/strategyA_band_study_20260712/runs_coarse_beta_width_shift_wide_ext/beta_wideext_a40_50_g1125_dp400_b794_906_20260712-230905-656138/out/summary.txt,run_outputs/strategyA_band_study_20260712/runs_coarse_beta_width_shift_wide_ext/beta_wideext_a40_50_g1125_dp400_b794_906_20260712-230905-656138/frames/beta_wideext_a40_50_g1125_dp400_b794_906_20260712-230905-656138_frame_0000_final.png,docs/strategyA_band_parameter_study/final_frames_beta_width_shift_wide/beta_wideext_a40_50_g1125_dp400_b794_906_20260712-230905-656138_frame_0000_final.png,1,run_outputs/strategyA_band_study_20260712/runs_coarse_beta_width_shift_wide_ext/beta_wideext_a40_50_g1125_dp400_b794_906_20260712-230905-656138/logs/frames.csv
beta_wide_a40_50_g0750_dp250_b662_737_20260712-220101-674990,runs_coarse_beta_width_shift_wide,OK,0.4,0.5,0.6625,0.7375,0.7500000000000009,0.24999999999999994,run_outputs/strategyA_band_study_20260712/fixed_mesh/smooth_star_h010_n220.msh,9110,73321,4,57.780250822997914,59.78149404500073,9.766538296851761e-13,1.1169822273345056,0.8620020431833119,0.4452284373706864,-0.2317329947471516,0.8216070110747407,0.9136513354725375,0.2550488226665707,0.1723058922076801,0.249914801615587,0.4993948322641618,0.0,0.0,run_outputs/strategyA_band_study_20260712/runs_coarse_beta_width_shift_wide/beta_wide_a40_50_g0750_dp250_b662_737_20260712-220101-674990/out/summary.txt,run_outputs/strategyA_band_study_20260712/runs_coarse_beta_width_shift_wide/beta_wide_a40_50_g0750_dp250_b662_737_20260712-220101-674990/frames/beta_wide_a40_50_g0750_dp250_b662_737_20260712-220101-674990_frame_0000_final.png,docs/strategyA_band_parameter_study/final_frames_beta_width_shift_wide/beta_wide_a40_50_g0750_dp250_b662_737_20260712-220101-674990_frame_0000_final.png,1,run_outputs/strategyA_band_study_20260712/runs_coarse_beta_width_shift_wide/beta_wide_a40_50_g0750_dp250_b662_737_20260712-220101-674990/logs/frames.csv
beta_wide_a40_50_g1000_dp150_b550_650_20260712-221613-623555,runs_coarse_beta_width_shift_wide,OK,0.4,0.5,0.55,0.65,1.0,0.15000000000000008,run_outputs/strategyA_band_study_20260712/fixed_mesh/smooth_star_h010_n220.msh,9110,73321,4,81.2966895770005,84.29211797799508,9.49689343888216e-13,1.1273320548189676,0.8699892539194136,0.6564662129254799,-0.020495219192358083,1.216971877344701,0.9136513354725375,0.616110042780276,0.4068040179308838,0.3715406895418243,0.4993948322641618,0.034597323826644766,0.0413676236601827,run_outputs/strategyA_band_study_20260712/runs_coarse_beta_width_shift_wide/beta_wide_a40_50_g1000_dp150_b550_650_20260712-221613-623555/out/summary.txt,run_outputs/strategyA_band_study_20260712/runs_coarse_beta_width_shift_wide/beta_wide_a40_50_g1000_dp150_b550_650_20260712-221613-623555/frames/beta_wide_a40_50_g1000_dp150_b550_650_20260712-221613-623555_frame_0000_final.png,docs/strategyA_band_parameter_study/final_frames_beta_width_shift_wide/beta_wide_a40_50_g1000_dp150_b550_650_20260712-221613-623555_frame_0000_final.png,1,run_outputs/strategyA_band_study_20260712/runs_coarse_beta_width_shift_wide/beta_wide_a40_50_g1000_dp150_b550_650_20260712-221613-623555/logs/frames.csv
beta_wide_a40_50_g1375_dp250_b631_769_20260712-224646-475339,runs_coarse_beta_width_shift_wide,OK,0.4,0.5,0.63125,0.76875,1.3750000000000009,0.24999999999999994,run_outputs/strategyA_band_study_20260712/fixed_mesh/smooth_star_h010_n220.msh,9110,73321,4,50.383308083000884,52.623857229998976,1.337544540362622e-13,1.1421011934990775,0.8813869533695589,0.7694986767447577,0.0925372446269197,1.418918158166862,0.9136513354725375,0.7159935697110328,0.4429074806280238,0.4413499446835559,0.4993948322641618,0.04504759896299441,0.05029333581730088,run_outputs/strategyA_band_study_20260712/runs_coarse_beta_width_shift_wide/beta_wide_a40_50_g1375_dp250_b631_769_20260712-224646-475339/out/summary.txt,run_outputs/strategyA_band_study_20260712/runs_coarse_beta_width_shift_wide/beta_wide_a40_50_g1375_dp250_b631_769_20260712-224646-475339/frames/beta_wide_a40_50_g1375_dp250_b631_769_20260712-224646-475339_frame_0000_final.png,docs/strategyA_band_parameter_study/final_frames_beta_width_shift_wide/beta_wide_a40_50_g1375_dp250_b631_769_20260712-224646-475339_frame_0000_final.png,1,run_outputs/strategyA_band_study_20260712/runs_coarse_beta_width_shift_wide/beta_wide_a40_50_g1375_dp250_b631_769_20260712-224646-475339/logs/frames.csv
beta_wide_a40_50_g0875_dp100_b506_594_20260712-220709-081849,runs_coarse_beta_width_shift_wide,OK,0.4,0.5,0.50625,0.59375,0.8750000000000004,0.10000000000000003,run_outputs/strategyA_band_study_20260712/fixed_mesh/smooth_star_h010_n220.msh,9110,73321,4,63.74336857099843,66.12445134299924,2.2089969818272085e-12,1.1571378377117463,0.8929910932714727,0.6240030138712751,-0.05295841824656311,1.1616920260492989,0.9136513354725375,0.5225142371558783,0.3364917806840003,0.34910717002390884,0.4993948322641618,0.020644611641602122,0.024937400903651867,run_outputs/strategyA_band_study_20260712/runs_coarse_beta_width_shift_wide/beta_wide_a40_50_g0875_dp100_b506_594_20260712-220709-081849/out/summary.txt,run_outputs/strategyA_band_study_20260712/runs_coarse_beta_width_shift_wide/beta_wide_a40_50_g0875_dp100_b506_594_20260712-220709-081849/frames/beta_wide_a40_50_g0875_dp100_b506_594_20260712-220709-081849_frame_0000_final.png,docs/strategyA_band_parameter_study/final_frames_beta_width_shift_wide/beta_wide_a40_50_g0875_dp100_b506_594_20260712-220709-081849_frame_0000_final.png,1,run_outputs/strategyA_band_study_20260712/runs_coarse_beta_width_shift_wide/beta_wide_a40_50_g0875_dp100_b506_594_20260712-220709-081849/logs/frames.csv
beta_wide_a40_50_g0500_dp300_b725_775_20260712-214312-653647,runs_coarse_beta_width_shift_wide,OK,0.4,0.5,0.725,0.775,0.5000000000000006,0.3,run_outputs/strategyA_band_study_20260712/fixed_mesh/smooth_star_h010_n220.msh,9110,73321,4,137.67049064299863,139.9873969859982,6.292879782659914e-13,1.1623706559845828,0.8970293849581328,0.2740173342563197,-0.4029440978615183,0.5087205563100178,0.9136513354725375,0.0,0.0,0.15348394258268216,0.4993948322641618,0.0,0.0,run_outputs/strategyA_band_study_20260712/runs_coarse_beta_width_shift_wide/beta_wide_a40_50_g0500_dp300_b725_775_20260712-214312-653647/out/summary.txt,run_outputs/strategyA_band_study_20260712/runs_coarse_beta_width_shift_wide/beta_wide_a40_50_g0500_dp300_b725_775_20260712-214312-653647/frames/beta_wide_a40_50_g0500_dp300_b725_775_20260712-214312-653647_frame_0000_final.png,docs/strategyA_band_parameter_study/final_frames_beta_width_shift_wide/beta_wide_a40_50_g0500_dp300_b725_775_20260712-214312-653647_frame_0000_final.png,1,run_outputs/strategyA_band_study_20260712/runs_coarse_beta_width_shift_wide/beta_wide_a40_50_g0500_dp300_b725_775_20260712-214312-653647/logs/frames.csv
beta_wide_a40_50_g0500_dp250_b675_725_20260712-214248-085421,runs_coarse_beta_width_shift_wide,OK,0.4,0.5,0.675,0.725,0.49999999999999944,0.24999999999999994,run_outputs/strategyA_band_study_20260712/fixed_mesh/smooth_star_h010_n220.msh,9110,73321,4,129.36188261999996,131.5796241140015,1.630164816780168e-12,1.1756928668413493,0.9073104554149617,0.2993743923121302,-0.3775870398057078,0.5563970510466693,0.9136513354725375,0.0,0.0,0.16597816803308185,0.4993948322641618,0.0,0.0,run_outputs/strategyA_band_study_20260712/runs_coarse_beta_width_shift_wide/beta_wide_a40_50_g0500_dp250_b675_725_20260712-214248-085421/out/summary.txt,run_outputs/strategyA_band_study_20260712/runs_coarse_beta_width_shift_wide/beta_wide_a40_50_g0500_dp250_b675_725_20260712-214248-085421/frames/beta_wide_a40_50_g0500_dp250_b675_725_20260712-214248-085421_frame_0000_final.png,docs/strategyA_band_parameter_study/final_frames_beta_width_shift_wide/beta_wide_a40_50_g0500_dp250_b675_725_20260712-214248-085421_frame_0000_final.png,1,run_outputs/strategyA_band_study_20260712/runs_coarse_beta_width_shift_wide/beta_wide_a40_50_g0500_dp250_b675_725_20260712-214248-085421/logs/frames.csv
beta_wide_a40_50_g0750_dp050_b462_538_20260712-215850-855323,runs_coarse_beta_width_shift_wide,OK,0.4,0.5,0.4625,0.5375,0.7499999999999997,0.04999999999999999,run_outputs/strategyA_band_study_20260712/fixed_mesh/smooth_star_h010_n220.msh,9110,73321,4,67.98861095900065,70.22205299599955,5.4384404775755955e-12,1.176206789226177,0.9077070616768322,0.5859125761492467,-0.09104885596859125,1.092026107622763,0.9136513354725375,0.4280495924098298,0.2713248198704432,0.323528470314521,0.4993948322641618,0.010314692890376034,0.012693309875626904,run_outputs/strategyA_band_study_20260712/runs_coarse_beta_width_shift_wide/beta_wide_a40_50_g0750_dp050_b462_538_20260712-215850-855323/out/summary.txt,run_outputs/strategyA_band_study_20260712/runs_coarse_beta_width_shift_wide/beta_wide_a40_50_g0750_dp050_b462_538_20260712-215850-855323/frames/beta_wide_a40_50_g0750_dp050_b462_538_20260712-215850-855323_frame_0000_final.png,docs/strategyA_band_parameter_study/final_frames_beta_width_shift_wide/beta_wide_a40_50_g0750_dp050_b462_538_20260712-215850-855323_frame_0000_final.png,1,run_outputs/strategyA_band_study_20260712/runs_coarse_beta_width_shift_wide/beta_wide_a40_50_g0750_dp050_b462_538_20260712-215850-855323/logs/frames.csv
beta_wide_a40_50_g0625_dp200_b619_681_20260712-215158-041959,runs_coarse_beta_width_shift_wide,OK,0.4,0.5,0.61875,0.68125,0.6250000000000001,0.2,run_outputs/strategyA_band_study_20260712/fixed_mesh/smooth_star_h010_n220.msh,9110,73321,4,84.02331108900034,86.41846163399896,2.46241252924133e-12,1.1777394080787327,0.9088898204978719,0.4010538031269966,-0.27590762899084137,0.743141398442445,0.9136513354725375,0.17666896643438174,0.1193609415076819,0.2235651066278992,0.4993948322641618,0.0,0.0,run_outputs/strategyA_band_study_20260712/runs_coarse_beta_width_shift_wide/beta_wide_a40_50_g0625_dp200_b619_681_20260712-215158-041959/out/summary.txt,run_outputs/strategyA_band_study_20260712/runs_coarse_beta_width_shift_wide/beta_wide_a40_50_g0625_dp200_b619_681_20260712-215158-041959/frames/beta_wide_a40_50_g0625_dp200_b619_681_20260712-215158-041959_frame_0000_final.png,docs/strategyA_band_parameter_study/final_frames_beta_width_shift_wide/beta_wide_a40_50_g0625_dp200_b619_681_20260712-215158-041959_frame_0000_final.png,1,run_outputs/strategyA_band_study_20260712/runs_coarse_beta_width_shift_wide/beta_wide_a40_50_g0625_dp200_b619_681_20260712-215158-041959/logs/frames.csv
beta_wide_a40_50_g0500_dm050_b375_425_20260712-213835-364356,runs_coarse_beta_width_shift_wide,OK,0.4,0.5,0.375,0.425,0.5,-0.04999999999999999,run_outputs/strategyA_band_study_20260712/fixed_mesh/smooth_star_h010_n220.msh,9110,73321,4,77.7111803129992,79.8605018829985,4.210521824898746e-11,1.1797712362783508,0.9104578311757568,0.48680050392193397,-0.19016092819590402,0.9129013287518022,0.9136513354725375,0.28589947078967026,0.1855702970713984,0.25931837943495295,0.4993948322641618,0.0005169840367775286,0.0006818604708328455,run_outputs/strategyA_band_study_20260712/runs_coarse_beta_width_shift_wide/beta_wide_a40_50_g0500_dm050_b375_425_20260712-213835-364356/out/summary.txt,run_outputs/strategyA_band_study_20260712/runs_coarse_beta_width_shift_wide/beta_wide_a40_50_g0500_dm050_b375_425_20260712-213835-364356/frames/beta_wide_a40_50_g0500_dm050_b375_425_20260712-213835-364356_frame_0000_final.png,docs/strategyA_band_parameter_study/final_frames_beta_width_shift_wide/beta_wide_a40_50_g0500_dm050_b375_425_20260712-213835-364356_frame_0000_final.png,1,run_outputs/strategyA_band_study_20260712/runs_coarse_beta_width_shift_wide/beta_wide_a40_50_g0500_dm050_b375_425_20260712-213835-364356/logs/frames.csv
beta_wide_a40_50_g0625_dp000_b419_481_20260712-214938-871416,runs_coarse_beta_width_shift_wide,OK,0.4,0.5,0.41875,0.48125,0.6250000000000001,0.0,run_outputs/strategyA_band_study_20260712/fixed_mesh/smooth_star_h010_n220.msh,9110,73321,4,69.53662871599954,71.65289016000315,1.4390541289763802e-11,1.1844716202072794,0.9140852304765955,0.5410727323348246,-0.13588869978301343,1.0116701242387867,0.9136513354725375,0.35182775166231495,0.22359654179904523,0.29484091172091437,0.4993948322641618,0.0033952680924847793,0.004293240161554288,run_outputs/strategyA_band_study_20260712/runs_coarse_beta_width_shift_wide/beta_wide_a40_50_g0625_dp000_b419_481_20260712-214938-871416/out/summary.txt,run_outputs/strategyA_band_study_20260712/runs_coarse_beta_width_shift_wide/beta_wide_a40_50_g0625_dp000_b419_481_20260712-214938-871416/frames/beta_wide_a40_50_g0625_dp000_b419_481_20260712-214938-871416_frame_0000_final.png,docs/strategyA_band_parameter_study/final_frames_beta_width_shift_wide/beta_wide_a40_50_g0625_dp000_b419_481_20260712-214938-871416_frame_0000_final.png,1,run_outputs/strategyA_band_study_20260712/runs_coarse_beta_width_shift_wide/beta_wide_a40_50_g0625_dp000_b419_481_20260712-214938-871416/logs/frames.csv
beta_wide_a40_50_g1250_dp200_b588_712_20260712-223706-092916,runs_coarse_beta_width_shift_wide,OK,0.4,0.5,0.5875,0.7125,1.2500000000000002,0.2,run_outputs/strategyA_band_study_20260712/fixed_mesh/smooth_star_h010_n220.msh,9110,73321,4,54.838381336994644,57.65095351399941,2.771053036105624e-13,1.1859622885422834,0.915235615074521,0.7485381876033542,0.07157675548551623,1.3823842366275378,0.9136513354725375,0.6308337991562407,0.37883324976349153,0.42630449618947974,0.4993948322641618,0.026914979039455358,0.02994598098753959,run_outputs/strategyA_band_study_20260712/runs_coarse_beta_width_shift_wide/beta_wide_a40_50_g1250_dp200_b588_712_20260712-223706-092916/out/summary.txt,run_outputs/strategyA_band_study_20260712/runs_coarse_beta_width_shift_wide/beta_wide_a40_50_g1250_dp200_b588_712_20260712-223706-092916/frames/beta_wide_a40_50_g1250_dp200_b588_712_20260712-223706-092916_frame_0000_final.png,docs/strategyA_band_parameter_study/final_frames_beta_width_shift_wide/beta_wide_a40_50_g1250_dp200_b588_712_20260712-223706-092916_frame_0000_final.png,1,run_outputs/strategyA_band_study_20260712/runs_coarse_beta_width_shift_wide/beta_wide_a40_50_g1250_dp200_b588_712_20260712-223706-092916/logs/frames.csv
beta_wide_a40_50_g0500_dp200_b625_675_20260712-214117-231795,runs_coarse_beta_width_shift_wide,OK,0.4,0.5,0.625,0.675,0.5000000000000006,0.2,run_outputs/strategyA_band_study_20260712/fixed_mesh/smooth_star_h010_n220.msh,9110,73321,4,113.05349698499776,115.39787980799883,3.478946816493206e-12,1.189163386361519,0.9177059792334884,0.3243229013761738,-0.3526385307416642,0.6036561869262037,0.9136513354725375,0.0,0.0,0.17913618620570645,0.4993948322641618,0.0,0.0,run_outputs/strategyA_band_study_20260712/runs_coarse_beta_width_shift_wide/beta_wide_a40_50_g0500_dp200_b625_675_20260712-214117-231795/out/summary.txt,run_outputs/strategyA_band_study_20260712/runs_coarse_beta_width_shift_wide/beta_wide_a40_50_g0500_dp200_b625_675_20260712-214117-231795/frames/beta_wide_a40_50_g0500_dp200_b625_675_20260712-214117-231795_frame_0000_final.png,docs/strategyA_band_parameter_study/final_frames_beta_width_shift_wide/beta_wide_a40_50_g0500_dp200_b625_675_20260712-214117-231795_frame_0000_final.png,1,run_outputs/strategyA_band_study_20260712/runs_coarse_beta_width_shift_wide/beta_wide_a40_50_g0500_dp200_b625_675_20260712-214117-231795/logs/frames.csv
beta_wide_a40_50_g0625_dp350_b769_831_20260712-215342-494625,runs_coarse_beta_width_shift_wide,OK,0.4,0.5,0.76875,0.83125,0.6250000000000001,0.35000000000000003,run_outputs/strategyA_band_study_20260712/fixed_mesh/smooth_star_h010_n220.msh,9110,73321,4,117.9242806129987,120.30462802599868,3.1292410629712707e-13,1.1907108093766932,0.9189001627827935,0.3255462410573951,-0.3514151910604429,0.6001779625485241,0.9136513354725375,0.0,0.0,0.18374540766822697,0.4993948322641618,0.0,0.0,run_outputs/strategyA_band_study_20260712/runs_coarse_beta_width_shift_wide/beta_wide_a40_50_g0625_dp350_b769_831_20260712-215342-494625/out/summary.txt,run_outputs/strategyA_band_study_20260712/runs_coarse_beta_width_shift_wide/beta_wide_a40_50_g0625_dp350_b769_831_20260712-215342-494625/frames/beta_wide_a40_50_g0625_dp350_b769_831_20260712-215342-494625_frame_0000_final.png,docs/strategyA_band_parameter_study/final_frames_beta_width_shift_wide/beta_wide_a40_50_g0625_dp350_b769_831_20260712-215342-494625_frame_0000_final.png,1,run_outputs/strategyA_band_study_20260712/runs_coarse_beta_width_shift_wide/beta_wide_a40_50_g0625_dp350_b769_831_20260712-215342-494625/logs/frames.csv
beta_wide_a40_50_g0500_dp150_b575_625_20260712-214112-001648,runs_coarse_beta_width_shift_wide,OK,0.4,0.5,0.575,0.625,0.5000000000000006,0.14999999999999997,run_outputs/strategyA_band_study_20260712/fixed_mesh/smooth_star_h010_n220.msh,9110,73321,4,93.85222400499697,96.21734489799928,6.60127203079405e-12,1.199462888391391,0.9256543526061846,0.3489440205527817,-0.32801741156505654,0.6506622487323376,0.9136513354725375,0.03710681606460781,0.024297178901187082,0.1914548312117235,0.4993948322641618,0.0,0.0,run_outputs/strategyA_band_study_20260712/runs_coarse_beta_width_shift_wide/beta_wide_a40_50_g0500_dp150_b575_625_20260712-214112-001648/out/summary.txt,run_outputs/strategyA_band_study_20260712/runs_coarse_beta_width_shift_wide/beta_wide_a40_50_g0500_dp150_b575_625_20260712-214112-001648/frames/beta_wide_a40_50_g0500_dp150_b575_625_20260712-214112-001648_frame_0000_final.png,docs/strategyA_band_parameter_study/final_frames_beta_width_shift_wide/beta_wide_a40_50_g0500_dp150_b575_625_20260712-214112-001648_frame_0000_final.png,1,run_outputs/strategyA_band_study_20260712/runs_coarse_beta_width_shift_wide/beta_wide_a40_50_g0500_dp150_b575_625_20260712-214112-001648/logs/frames.csv
beta_wide_a40_50_g0625_dp300_b719_781_20260712-215324-420425,runs_coarse_beta_width_shift_wide,OK,0.4,0.5,0.71875,0.78125,0.6250000000000001,0.3,run_outputs/strategyA_band_study_20260712/fixed_mesh/smooth_star_h010_n220.msh,9110,73321,4,107.87132124300115,110.22361302900026,6.954098412575728e-13,1.2035656649663258,0.9288205639422037,0.35028115437260965,-0.32668027774522834,0.6474462822190327,0.9136513354725375,0.0,0.0,0.1968846432284059,0.4993948322641618,0.0,0.0,run_outputs/strategyA_band_study_20260712/runs_coarse_beta_width_shift_wide/beta_wide_a40_50_g0625_dp300_b719_781_20260712-215324-420425/out/summary.txt,run_outputs/strategyA_band_study_20260712/runs_coarse_beta_width_shift_wide/beta_wide_a40_50_g0625_dp300_b719_781_20260712-215324-420425/frames/beta_wide_a40_50_g0625_dp300_b719_781_20260712-215324-420425_frame_0000_final.png,docs/strategyA_band_parameter_study/final_frames_beta_width_shift_wide/beta_wide_a40_50_g0625_dp300_b719_781_20260712-215324-420425_frame_0000_final.png,1,run_outputs/strategyA_band_study_20260712/runs_coarse_beta_width_shift_wide/beta_wide_a40_50_g0625_dp300_b719_781_20260712-215324-420425/logs/frames.csv
beta_wide_a40_50_g0625_dp250_b669_731_20260712-215212-497390,runs_coarse_beta_width_shift_wide,OK,0.4,0.5,0.66875,0.73125,0.6250000000000001,0.24999999999999994,run_outputs/strategyA_band_study_20260712/fixed_mesh/smooth_star_h010_n220.msh,9110,73321,4,87.60504138399847,89.98595634599769,1.36549351565769e-12,1.216039120051365,0.9384466291612692,0.3744649322117534,-0.30249649990608457,0.6936294172807577,0.9136513354725375,0.0007195873303973462,0.0004479053433411781,0.20857587610361158,0.4993948322641618,0.0,0.0,run_outputs/strategyA_band_study_20260712/runs_coarse_beta_width_shift_wide/beta_wide_a40_50_g0625_dp250_b669_731_20260712-215212-497390/out/summary.txt,run_outputs/strategyA_band_study_20260712/runs_coarse_beta_width_shift_wide/beta_wide_a40_50_g0625_dp250_b669_731_20260712-215212-497390/frames/beta_wide_a40_50_g0625_dp250_b669_731_20260712-215212-497390_frame_0000_final.png,docs/strategyA_band_parameter_study/final_frames_beta_width_shift_wide/beta_wide_a40_50_g0625_dp250_b669_731_20260712-215212-497390_frame_0000_final.png,1,run_outputs/strategyA_band_study_20260712/runs_coarse_beta_width_shift_wide/beta_wide_a40_50_g0625_dp250_b669_731_20260712-215212-497390/logs/frames.csv
beta_wide_a40_50_g1500_dp250_b625_775_20260712-225711-278227,runs_coarse_beta_width_shift_wide,OK,0.4,0.5,0.625,0.775,1.5000000000000007,0.24999999999999994,run_outputs/strategyA_band_study_20260712/fixed_mesh/smooth_star_h010_n220.msh,9110,73321,4,47.39430748500308,49.83777747199929,9.077126563047035e-14,1.2187498638799534,0.940538575354868,0.8275360923268444,0.15057466020900645,1.5255885610614344,0.9136513354725375,0.6684475470947987,0.3774849983435395,0.4737268518002917,0.4993948322641618,0.026065154426285098,0.027522279410547464,run_outputs/strategyA_band_study_20260712/runs_coarse_beta_width_shift_wide/beta_wide_a40_50_g1500_dp250_b625_775_20260712-225711-278227/out/summary.txt,run_outputs/strategyA_band_study_20260712/runs_coarse_beta_width_shift_wide/beta_wide_a40_50_g1500_dp250_b625_775_20260712-225711-278227/frames/beta_wide_a40_50_g1500_dp250_b625_775_20260712-225711-278227_frame_0000_final.png,docs/strategyA_band_parameter_study/final_frames_beta_width_shift_wide/beta_wide_a40_50_g1500_dp250_b625_775_20260712-225711-278227_frame_0000_final.png,1,run_outputs/strategyA_band_study_20260712/runs_coarse_beta_width_shift_wide/beta_wide_a40_50_g1500_dp250_b625_775_20260712-225711-278227/logs/frames.csv
beta_wide_a40_50_g1125_dp150_b544_656_20260712-222635-169300,runs_coarse_beta_width_shift_wide,OK,0.4,0.5,0.54375,0.65625,1.1250000000000007,0.14999999999999997,run_outputs/strategyA_band_study_20260712/fixed_mesh/smooth_star_h010_n220.msh,9110,73321,4,64.42087067000102,66.92144652800198,5.913312880302564e-13,1.2194591009673816,0.9410859106691669,0.724333002325887,0.04737157020804905,1.339942156458603,0.9136513354725375,0.5329155449646585,0.3097125443515895,0.40919145905121257,0.4993948322641618,0.01292959583962646,0.014435883642625614,run_outputs/strategyA_band_study_20260712/runs_coarse_beta_width_shift_wide/beta_wide_a40_50_g1125_dp150_b544_656_20260712-222635-169300/out/summary.txt,run_outputs/strategyA_band_study_20260712/runs_coarse_beta_width_shift_wide/beta_wide_a40_50_g1125_dp150_b544_656_20260712-222635-169300/frames/beta_wide_a40_50_g1125_dp150_b544_656_20260712-222635-169300_frame_0000_final.png,docs/strategyA_band_parameter_study/final_frames_beta_width_shift_wide/beta_wide_a40_50_g1125_dp150_b544_656_20260712-222635-169300_frame_0000_final.png,1,run_outputs/strategyA_band_study_20260712/runs_coarse_beta_width_shift_wide/beta_wide_a40_50_g1125_dp150_b544_656_20260712-222635-169300/logs/frames.csv
beta_wide_a40_50_g0750_dp350_b763_838_20260712-220201-675849,runs_coarse_beta_width_shift_wide,OK,0.4,0.5,0.7625,0.8375,0.7500000000000009,0.35000000000000003,run_outputs/strategyA_band_study_20260712/fixed_mesh/smooth_star_h010_n220.msh,9110,73321,4,82.71678126999905,84.99396394900032,2.978846942486856e-13,1.226368534264967,0.946418086485402,0.3934762309813025,-0.28348520113653547,0.7254438920574892,0.9136513354725375,0.0,0.0,0.2226199581345839,0.4993948322641618,0.0,0.0,run_outputs/strategyA_band_study_20260712/runs_coarse_beta_width_shift_wide/beta_wide_a40_50_g0750_dp350_b763_838_20260712-220201-675849/out/summary.txt,run_outputs/strategyA_band_study_20260712/runs_coarse_beta_width_shift_wide/beta_wide_a40_50_g0750_dp350_b763_838_20260712-220201-675849/frames/beta_wide_a40_50_g0750_dp350_b763_838_20260712-220201-675849_frame_0000_final.png,docs/strategyA_band_parameter_study/final_frames_beta_width_shift_wide/beta_wide_a40_50_g0750_dp350_b763_838_20260712-220201-675849_frame_0000_final.png,1,run_outputs/strategyA_band_study_20260712/runs_coarse_beta_width_shift_wide/beta_wide_a40_50_g0750_dp350_b763_838_20260712-220201-675849/logs/frames.csv
beta_wideext_a40_50_g1000_dp375_b775_875_20260712-230514-106393,runs_coarse_beta_width_shift_wide_ext,OK,0.4,0.5,0.775,0.875,1.0,0.37499999999999994,run_outputs/strategyA_band_study_20260712/fixed_mesh/smooth_star_h010_n220.msh,9110,73321,4,62.42522911100241,64.86691967099614,1.3742419912421918e-13,1.2281441049924706,0.9477883371102279,0.5035286513963502,-0.17343278072148782,0.9251566509299961,0.9136513354725375,0.18594956193782497,0.11250180849460609,0.28814049455708635,0.4993948322641618,0.0,0.0,run_outputs/strategyA_band_study_20260712/runs_coarse_beta_width_shift_wide_ext/beta_wideext_a40_50_g1000_dp375_b775_875_20260712-230514-106393/out/summary.txt,run_outputs/strategyA_band_study_20260712/runs_coarse_beta_width_shift_wide_ext/beta_wideext_a40_50_g1000_dp375_b775_875_20260712-230514-106393/frames/beta_wideext_a40_50_g1000_dp375_b775_875_20260712-230514-106393_frame_0000_final.png,docs/strategyA_band_parameter_study/final_frames_beta_width_shift_wide/beta_wideext_a40_50_g1000_dp375_b775_875_20260712-230514-106393_frame_0000_final.png,1,run_outputs/strategyA_band_study_20260712/runs_coarse_beta_width_shift_wide_ext/beta_wideext_a40_50_g1000_dp375_b775_875_20260712-230514-106393/logs/frames.csv
beta_wide_a40_50_g0750_dp300_b712_788_20260712-220159-246262,runs_coarse_beta_width_shift_wide,OK,0.4,0.5,0.7125,0.7875,0.7499999999999997,0.3,run_outputs/strategyA_band_study_20260712/fixed_mesh/smooth_star_h010_n220.msh,9110,73321,4,75.50297915699775,77.62391464599932,5.598872265850755e-13,1.2387777051102566,0.9559945420109087,0.41836739773160075,-0.25859403438623746,0.7729940525871292,0.9136513354725375,0.0034496554111845203,0.002049467773873536,0.23648030275814166,0.4993948322641618,0.0,0.0,run_outputs/strategyA_band_study_20260712/runs_coarse_beta_width_shift_wide/beta_wide_a40_50_g0750_dp300_b712_788_20260712-220159-246262/out/summary.txt,run_outputs/strategyA_band_study_20260712/runs_coarse_beta_width_shift_wide/beta_wide_a40_50_g0750_dp300_b712_788_20260712-220159-246262/frames/beta_wide_a40_50_g0750_dp300_b712_788_20260712-220159-246262_frame_0000_final.png,docs/strategyA_band_parameter_study/final_frames_beta_width_shift_wide/beta_wide_a40_50_g0750_dp300_b712_788_20260712-220159-246262_frame_0000_final.png,1,run_outputs/strategyA_band_study_20260712/runs_coarse_beta_width_shift_wide/beta_wide_a40_50_g0750_dp300_b712_788_20260712-220159-246262/logs/frames.csv
beta_wide_a40_50_g1000_dp100_b500_600_20260712-221541-635008,runs_coarse_beta_width_shift_wide,OK,0.4,0.5,0.5,0.6,1.0,0.10000000000000003,run_outputs/strategyA_band_study_20260712/fixed_mesh/smooth_star_h010_n220.msh,9110,73321,4,77.89178888699826,80.74502735999704,1.3089667650431005e-12,1.2448563275850324,0.9606855611379549,0.6967188157973652,0.019757383679527174,1.2920364774968072,0.9136513354725375,0.4406209354683902,0.24963413062979084,0.3918818338878485,0.4993948322641618,0.0031097290478646704,0.003501288910848104,run_outputs/strategyA_band_study_20260712/runs_coarse_beta_width_shift_wide/beta_wide_a40_50_g1000_dp100_b500_600_20260712-221541-635008/out/summary.txt,run_outputs/strategyA_band_study_20260712/runs_coarse_beta_width_shift_wide/beta_wide_a40_50_g1000_dp100_b500_600_20260712-221541-635008/frames/beta_wide_a40_50_g1000_dp100_b500_600_20260712-221541-635008_frame_0000_final.png,docs/strategyA_band_parameter_study/final_frames_beta_width_shift_wide/beta_wide_a40_50_g1000_dp100_b500_600_20260712-221541-635008_frame_0000_final.png,1,run_outputs/strategyA_band_study_20260712/runs_coarse_beta_width_shift_wide/beta_wide_a40_50_g1000_dp100_b500_600_20260712-221541-635008/logs/frames.csv
beta_wideext_a40_50_g0875_dp400_b806_894_20260712-230133-538107,runs_coarse_beta_width_shift_wide_ext,OK,0.4,0.5,0.80625,0.89375,0.8750000000000004,0.4000000000000001,run_outputs/strategyA_band_study_20260712/fixed_mesh/smooth_star_h010_n220.msh,9110,73321,4,86.50178982400394,88.608797314002,1.308981621554729e-13,1.2464792312855724,0.9619379949471243,0.4313355210432677,-0.24562591107457027,0.793315699311905,0.9136513354725375,0.0,0.0,0.2449824931842787,0.4993948322641618,0.0,0.0,run_outputs/strategyA_band_study_20260712/runs_coarse_beta_width_shift_wide_ext/beta_wideext_a40_50_g0875_dp400_b806_894_20260712-230133-538107/out/summary.txt,run_outputs/strategyA_band_study_20260712/runs_coarse_beta_width_shift_wide_ext/beta_wideext_a40_50_g0875_dp400_b806_894_20260712-230133-538107/frames/beta_wideext_a40_50_g0875_dp400_b806_894_20260712-230133-538107_frame_0000_final.png,docs/strategyA_band_parameter_study/final_frames_beta_width_shift_wide/beta_wideext_a40_50_g0875_dp400_b806_894_20260712-230133-538107_frame_0000_final.png,1,run_outputs/strategyA_band_study_20260712/runs_coarse_beta_width_shift_wide_ext/beta_wideext_a40_50_g0875_dp400_b806_894_20260712-230133-538107/logs/frames.csv
beta_wideext_a40_50_g0875_dp375_b781_869_20260712-230133-544899,runs_coarse_beta_width_shift_wide_ext,OK,0.4,0.5,0.78125,0.86875,0.8750000000000004,0.37499999999999994,run_outputs/strategyA_band_study_20260712/fixed_mesh/smooth_star_h010_n220.msh,9110,73321,4,68.12535984200076,70.24347467699408,1.7800142716502973e-13,1.252654706137518,0.9667037573824921,0.4437948038790666,-0.23316662823877138,0.8158508049646063,0.9136513354725375,0.00046161807904174945,0.00026697932932895346,0.25221328823466255,0.4993948322641618,0.0,0.0,run_outputs/strategyA_band_study_20260712/runs_coarse_beta_width_shift_wide_ext/beta_wideext_a40_50_g0875_dp375_b781_869_20260712-230133-544899/out/summary.txt,run_outputs/strategyA_band_study_20260712/runs_coarse_beta_width_shift_wide_ext/beta_wideext_a40_50_g0875_dp375_b781_869_20260712-230133-544899/frames/beta_wideext_a40_50_g0875_dp375_b781_869_20260712-230133-544899_frame_0000_final.png,docs/strategyA_band_parameter_study/final_frames_beta_width_shift_wide/beta_wideext_a40_50_g0875_dp375_b781_869_20260712-230133-544899_frame_0000_final.png,1,run_outputs/strategyA_band_study_20260712/runs_coarse_beta_width_shift_wide_ext/beta_wideext_a40_50_g0875_dp375_b781_869_20260712-230133-544899/logs/frames.csv
beta_wide_a40_50_g1375_dp200_b581_719_20260712-224639-972282,runs_coarse_beta_width_shift_wide,OK,0.4,0.5,0.58125,0.71875,1.3749999999999998,0.2,run_outputs/strategyA_band_study_20260712/fixed_mesh/smooth_star_h010_n220.msh,9110,73321,4,50.08960488300363,52.45402562399977,1.820145650140853e-13,1.2551850044595578,0.9686564494397925,0.809691362769282,0.132729930651444,1.4945710113329578,0.9136513354725375,0.576096574835632,0.3144416085672028,0.4620543588374054,0.4993948322641618,0.01195924222589963,0.012595438466790607,run_outputs/strategyA_band_study_20260712/runs_coarse_beta_width_shift_wide/beta_wide_a40_50_g1375_dp200_b581_719_20260712-224639-972282/out/summary.txt,run_outputs/strategyA_band_study_20260712/runs_coarse_beta_width_shift_wide/beta_wide_a40_50_g1375_dp200_b581_719_20260712-224639-972282/frames/beta_wide_a40_50_g1375_dp200_b581_719_20260712-224639-972282_frame_0000_final.png,docs/strategyA_band_parameter_study/final_frames_beta_width_shift_wide/beta_wide_a40_50_g1375_dp200_b581_719_20260712-224639-972282_frame_0000_final.png,1,run_outputs/strategyA_band_study_20260712/runs_coarse_beta_width_shift_wide/beta_wide_a40_50_g1375_dp200_b581_719_20260712-224639-972282/logs/frames.csv
beta_wide_a40_50_g0875_dp350_b756_844_20260712-221008-104267,runs_coarse_beta_width_shift_wide,OK,0.4,0.5,0.75625,0.84375,0.8750000000000004,0.35000000000000003,run_outputs/strategyA_band_study_20260712/fixed_mesh/smooth_star_h010_n220.msh,9110,73321,4,73.59164377699926,75.87514829999782,2.384592960523355e-13,1.2570800067477403,0.9701188682717808,0.45646867280433895,-0.22049275931349904,0.8405777953862597,0.9136513354725375,0.030030658722780185,0.01741717047549451,0.25941951654973955,0.4993948322641618,0.0,0.0,run_outputs/strategyA_band_study_20260712/runs_coarse_beta_width_shift_wide/beta_wide_a40_50_g0875_dp350_b756_844_20260712-221008-104267/out/summary.txt,run_outputs/strategyA_band_study_20260712/runs_coarse_beta_width_shift_wide/beta_wide_a40_50_g0875_dp350_b756_844_20260712-221008-104267/frames/beta_wide_a40_50_g0875_dp350_b756_844_20260712-221008-104267_frame_0000_final.png,docs/strategyA_band_parameter_study/final_frames_beta_width_shift_wide/beta_wide_a40_50_g0875_dp350_b756_844_20260712-221008-104267_frame_0000_final.png,1,run_outputs/strategyA_band_study_20260712/runs_coarse_beta_width_shift_wide/beta_wide_a40_50_g0875_dp350_b756_844_20260712-221008-104267/logs/frames.csv
beta_wide_a40_50_g0500_dm100_b325_375_20260712-213736-124209,runs_coarse_beta_width_shift_wide,OK,0.4,0.5,0.325,0.375,0.5,-0.10000000000000003,run_outputs/strategyA_band_study_20260712/fixed_mesh/smooth_star_h010_n220.msh,9110,73321,4,63.39110095400247,65.50462516400148,5.793149621354344e-11,1.2591910455293442,0.9717480076604391,0.5259566198956172,-0.15100481222222084,0.9880240421436929,0.9136513354725375,0.15910952556784394,0.0913076113484094,0.2778227111116837,0.4993948322641618,0.0,0.0,run_outputs/strategyA_band_study_20260712/runs_coarse_beta_width_shift_wide/beta_wide_a40_50_g0500_dm100_b325_375_20260712-213736-124209/out/summary.txt,run_outputs/strategyA_band_study_20260712/runs_coarse_beta_width_shift_wide/beta_wide_a40_50_g0500_dm100_b325_375_20260712-213736-124209/frames/beta_wide_a40_50_g0500_dm100_b325_375_20260712-213736-124209_frame_0000_final.png,docs/strategyA_band_parameter_study/final_frames_beta_width_shift_wide/beta_wide_a40_50_g0500_dm100_b325_375_20260712-213736-124209_frame_0000_final.png,1,run_outputs/strategyA_band_study_20260712/runs_coarse_beta_width_shift_wide/beta_wide_a40_50_g0500_dm100_b325_375_20260712-213736-124209/logs/frames.csv
beta_wide_a40_50_g0875_dp050_b456_544_20260712-220700-060574,runs_coarse_beta_width_shift_wide,OK,0.4,0.5,0.45625,0.54375,0.8749999999999999,0.04999999999999999,run_outputs/strategyA_band_study_20260712/fixed_mesh/smooth_star_h010_n220.msh,9110,73321,4,58.19368879100148,60.4839594010009,3.032764540164068e-12,1.2622559192585094,0.9741132444135284,0.6638565131122683,-0.013104919005569649,1.234816536699096,0.9136513354725375,0.36465432618492183,0.2044240144971061,0.3706588710585985,0.4993948322641618,0.0,0.0,run_outputs/strategyA_band_study_20260712/runs_coarse_beta_width_shift_wide/beta_wide_a40_50_g0875_dp050_b456_544_20260712-220700-060574/out/summary.txt,run_outputs/strategyA_band_study_20260712/runs_coarse_beta_width_shift_wide/beta_wide_a40_50_g0875_dp050_b456_544_20260712-220700-060574/frames/beta_wide_a40_50_g0875_dp050_b456_544_20260712-220700-060574_frame_0000_final.png,docs/strategyA_band_parameter_study/final_frames_beta_width_shift_wide/beta_wide_a40_50_g0875_dp050_b456_544_20260712-220700-060574_frame_0000_final.png,1,run_outputs/strategyA_band_study_20260712/runs_coarse_beta_width_shift_wide/beta_wide_a40_50_g0875_dp050_b456_544_20260712-220700-060574/logs/frames.csv
beta_wide_a40_50_g0625_dm050_b369_431_20260712-214852-111675,runs_coarse_beta_width_shift_wide,OK,0.4,0.5,0.36875,0.43125,0.6250000000000001,-0.04999999999999999,run_outputs/strategyA_band_study_20260712/fixed_mesh/smooth_star_h010_n220.msh,9110,73321,4,57.93062900099903,60.346543774001475,1.972884635530376e-11,1.2695965672172367,0.9797781989525207,0.5797043856097589,-0.09725704650807909,1.0856536258853595,0.9136513354725375,0.2186395411719949,0.12278530188403887,0.3141633827644173,0.4993948322641618,0.0,0.0,run_outputs/strategyA_band_study_20260712/runs_coarse_beta_width_shift_wide/beta_wide_a40_50_g0625_dm050_b369_431_20260712-214852-111675/out/summary.txt,run_outputs/strategyA_band_study_20260712/runs_coarse_beta_width_shift_wide/beta_wide_a40_50_g0625_dm050_b369_431_20260712-214852-111675/frames/beta_wide_a40_50_g0625_dm050_b369_431_20260712-214852-111675_frame_0000_final.png,docs/strategyA_band_parameter_study/final_frames_beta_width_shift_wide/beta_wide_a40_50_g0625_dm050_b369_431_20260712-214852-111675_frame_0000_final.png,1,run_outputs/strategyA_band_study_20260712/runs_coarse_beta_width_shift_wide/beta_wide_a40_50_g0625_dm050_b369_431_20260712-214852-111675/logs/frames.csv
beta_wide_a40_50_g0750_dp000_b413_488_20260712-215847-508078,runs_coarse_beta_width_shift_wide,OK,0.4,0.5,0.4125,0.4875,0.7500000000000003,-5.551115123125783e-17,run_outputs/strategyA_band_study_20260712/fixed_mesh/smooth_star_h010_n220.msh,9110,73321,4,58.81845982800223,61.21303218500179,7.446826293856755e-12,1.2709992711493674,0.9808606993056045,0.6253826290574596,-0.05157880306037843,1.1690851859856104,0.9136513354725375,0.28720450387426255,0.15995510024974793,0.3466752543856818,0.4993948322641618,0.0,0.0,run_outputs/strategyA_band_study_20260712/runs_coarse_beta_width_shift_wide/beta_wide_a40_50_g0750_dp000_b413_488_20260712-215847-508078/out/summary.txt,run_outputs/strategyA_band_study_20260712/runs_coarse_beta_width_shift_wide/beta_wide_a40_50_g0750_dp000_b413_488_20260712-215847-508078/frames/beta_wide_a40_50_g0750_dp000_b413_488_20260712-215847-508078_frame_0000_final.png,docs/strategyA_band_parameter_study/final_frames_beta_width_shift_wide/beta_wide_a40_50_g0750_dp000_b413_488_20260712-215847-508078_frame_0000_final.png,1,run_outputs/strategyA_band_study_20260712/runs_coarse_beta_width_shift_wide/beta_wide_a40_50_g0750_dp000_b413_488_20260712-215847-508078/logs/frames.csv
beta_wideext_a40_50_g1000_dp400_b800_900_20260712-230532-494807,runs_coarse_beta_width_shift_wide_ext,OK,0.4,0.5,0.8,0.9,1.0,0.4000000000000001,run_outputs/strategyA_band_study_20260712/fixed_mesh/smooth_star_h010_n220.msh,9110,73321,4,60.763731382001424,63.158575055000256,1.0493780042874166e-13,1.2715300716007516,0.9812703307772777,0.48997501107920993,-0.18698642103862806,0.8995319994825144,0.9136513354725375,0.05992490403128761,0.03417916205297477,0.2797095933239882,0.4993948322641618,0.0,0.0,run_outputs/strategyA_band_study_20260712/runs_coarse_beta_width_shift_wide_ext/beta_wideext_a40_50_g1000_dp400_b800_900_20260712-230532-494807/out/summary.txt,run_outputs/strategyA_band_study_20260712/runs_coarse_beta_width_shift_wide_ext/beta_wideext_a40_50_g1000_dp400_b800_900_20260712-230532-494807/frames/beta_wideext_a40_50_g1000_dp400_b800_900_20260712-230532-494807_frame_0000_final.png,docs/strategyA_band_parameter_study/final_frames_beta_width_shift_wide/beta_wideext_a40_50_g1000_dp400_b800_900_20260712-230532-494807_frame_0000_final.png,1,run_outputs/strategyA_band_study_20260712/runs_coarse_beta_width_shift_wide_ext/beta_wideext_a40_50_g1000_dp400_b800_900_20260712-230532-494807/logs/frames.csv
beta_wide_a40_50_g1250_dp150_b538_662_20260712-223559-980089,runs_coarse_beta_width_shift_wide,OK,0.4,0.5,0.5375,0.6625,1.2500000000000002,0.14999999999999997,run_outputs/strategyA_band_study_20260712/fixed_mesh/smooth_star_h010_n220.msh,9110,73321,4,63.17819462099578,65.45427063399984,3.741073506933974e-13,1.284120143947451,0.9909863923412819,0.7885465216034776,0.11158508948563939,1.4583430491805278,0.9136513354725375,0.480057223042864,0.253738460654948,0.44775388820501943,0.4993948322641618,0.002266249422669216,0.002398445830156224,run_outputs/strategyA_band_study_20260712/runs_coarse_beta_width_shift_wide/beta_wide_a40_50_g1250_dp150_b538_662_20260712-223559-980089/out/summary.txt,run_outputs/strategyA_band_study_20260712/runs_coarse_beta_width_shift_wide/beta_wide_a40_50_g1250_dp150_b538_662_20260712-223559-980089/frames/beta_wide_a40_50_g1250_dp150_b538_662_20260712-223559-980089_frame_0000_final.png,docs/strategyA_band_parameter_study/final_frames_beta_width_shift_wide/beta_wide_a40_50_g1250_dp150_b538_662_20260712-223559-980089_frame_0000_final.png,1,run_outputs/strategyA_band_study_20260712/runs_coarse_beta_width_shift_wide/beta_wide_a40_50_g1250_dp150_b538_662_20260712-223559-980089/logs/frames.csv
beta_wide_a40_50_g0500_dm150_b275_325_20260712-213735-438023,runs_coarse_beta_width_shift_wide,OK,0.4,0.5,0.275,0.325,0.5,-0.14999999999999997,run_outputs/strategyA_band_study_20260712/fixed_mesh/smooth_star_h010_n220.msh,9110,73321,4,57.67748924600164,59.80425850300162,7.680688498010714e-11,1.2932771091054927,0.9980530425371642,0.5589939216620204,-0.11796751045581755,1.0529794895180293,0.9136513354725375,0.07472362092182312,0.03949645139102076,0.29429920466506226,0.4993948322641618,0.0,0.0,run_outputs/strategyA_band_study_20260712/runs_coarse_beta_width_shift_wide/beta_wide_a40_50_g0500_dm150_b275_325_20260712-213735-438023/out/summary.txt,run_outputs/strategyA_band_study_20260712/runs_coarse_beta_width_shift_wide/beta_wide_a40_50_g0500_dm150_b275_325_20260712-213735-438023/frames/beta_wide_a40_50_g0500_dm150_b275_325_20260712-213735-438023_frame_0000_final.png,docs/strategyA_band_parameter_study/final_frames_beta_width_shift_wide/beta_wide_a40_50_g0500_dm150_b275_325_20260712-213735-438023_frame_0000_final.png,1,run_outputs/strategyA_band_study_20260712/runs_coarse_beta_width_shift_wide/beta_wide_a40_50_g0500_dm150_b275_325_20260712-213735-438023/logs/frames.csv
beta_wide_a40_50_g1125_dp100_b494_606_20260712-222538-720213,runs_coarse_beta_width_shift_wide,OK,0.4,0.5,0.49375,0.60625,1.1249999999999996,0.10000000000000003,run_outputs/strategyA_band_study_20260712/fixed_mesh/smooth_star_h010_n220.msh,9110,73321,4,59.63278083300247,62.12169464500039,7.924958184732393e-13,1.3055032860197266,1.0074882772459024,0.7634539648798737,0.08649253276203572,1.4147705385636828,0.9136513354725375,0.40532325618107773,0.21076571550612425,0.4318880690850962,0.4993948322641618,0.0,0.0,run_outputs/strategyA_band_study_20260712/runs_coarse_beta_width_shift_wide/beta_wide_a40_50_g1125_dp100_b494_606_20260712-222538-720213/out/summary.txt,run_outputs/strategyA_band_study_20260712/runs_coarse_beta_width_shift_wide/beta_wide_a40_50_g1125_dp100_b494_606_20260712-222538-720213/frames/beta_wide_a40_50_g1125_dp100_b494_606_20260712-222538-720213_frame_0000_final.png,docs/strategyA_band_parameter_study/final_frames_beta_width_shift_wide/beta_wide_a40_50_g1125_dp100_b494_606_20260712-222538-720213_frame_0000_final.png,1,run_outputs/strategyA_band_study_20260712/runs_coarse_beta_width_shift_wide/beta_wide_a40_50_g1125_dp100_b494_606_20260712-222538-720213/logs/frames.csv
beta_wide_a40_50_g1500_dp200_b575_725_20260712-225604-756445,runs_coarse_beta_width_shift_wide,OK,0.4,0.5,0.575,0.725,1.5000000000000007,0.1999999999999999,run_outputs/strategyA_band_study_20260712/fixed_mesh/smooth_star_h010_n220.msh,9110,73321,4,63.99270010700275,66.48761643399484,1.2100499480100624e-13,1.3083914060033692,1.0097171088834473,0.8674651662764109,0.1905037341585729,1.601530390436175,0.9136513354725375,0.5341499278356132,0.269632182762118,0.49689036289560434,0.4993948322641618,0.003113294256964917,0.003134698287511867,run_outputs/strategyA_band_study_20260712/runs_coarse_beta_width_shift_wide/beta_wide_a40_50_g1500_dp200_b575_725_20260712-225604-756445/out/summary.txt,run_outputs/strategyA_band_study_20260712/runs_coarse_beta_width_shift_wide/beta_wide_a40_50_g1500_dp200_b575_725_20260712-225604-756445/frames/beta_wide_a40_50_g1500_dp200_b575_725_20260712-225604-756445_frame_0000_final.png,docs/strategyA_band_parameter_study/final_frames_beta_width_shift_wide/beta_wide_a40_50_g1500_dp200_b575_725_20260712-225604-756445_frame_0000_final.png,1,run_outputs/strategyA_band_study_20260712/runs_coarse_beta_width_shift_wide/beta_wide_a40_50_g1500_dp200_b575_725_20260712-225604-756445/logs/frames.csv
beta_wide_a40_50_g0625_dm100_b319_381_20260712-214837-654211,runs_coarse_beta_width_shift_wide,OK,0.4,0.5,0.31875,0.38125,0.6250000000000001,-0.10000000000000003,run_outputs/strategyA_band_study_20260712/fixed_mesh/smooth_star_h010_n220.msh,9110,73321,4,59.088012891999824,61.4313886609998,2.606565840331932e-11,1.3127239229691496,1.013060616403295,0.6150666774903436,-0.061894754627494386,1.154945631078704,0.9136513354725375,0.12692655054587498,0.06536977104847859,0.333283804308402,0.4993948322641618,0.0,0.0,run_outputs/strategyA_band_study_20260712/runs_coarse_beta_width_shift_wide/beta_wide_a40_50_g0625_dm100_b319_381_20260712-214837-654211/out/summary.txt,run_outputs/strategyA_band_study_20260712/runs_coarse_beta_width_shift_wide/beta_wide_a40_50_g0625_dm100_b319_381_20260712-214837-654211/frames/beta_wide_a40_50_g0625_dm100_b319_381_20260712-214837-654211_frame_0000_final.png,docs/strategyA_band_parameter_study/final_frames_beta_width_shift_wide/beta_wide_a40_50_g0625_dm100_b319_381_20260712-214837-654211_frame_0000_final.png,1,run_outputs/strategyA_band_study_20260712/runs_coarse_beta_width_shift_wide/beta_wide_a40_50_g0625_dm100_b319_381_20260712-214837-654211/logs/frames.csv
beta_wide_a40_50_g0500_dm200_b225_275_20260712-213629-738631,runs_coarse_beta_width_shift_wide,OK,0.4,0.5,0.225,0.275,0.5000000000000003,-0.2,run_outputs/strategyA_band_study_20260712/fixed_mesh/smooth_star_h010_n220.msh,9110,73321,4,63.64731784800097,65.72724935099905,9.933269595888158e-11,1.3127280107316035,1.0130637710278727,0.5878236163115426,-0.08913781580629543,1.1183819814701976,0.9136513354725375,0.01827631935658831,0.00907573226486403,0.3111308564026898,0.4993948322641618,0.0,0.0,run_outputs/strategyA_band_study_20260712/runs_coarse_beta_width_shift_wide/beta_wide_a40_50_g0500_dm200_b225_275_20260712-213629-738631/out/summary.txt,run_outputs/strategyA_band_study_20260712/runs_coarse_beta_width_shift_wide/beta_wide_a40_50_g0500_dm200_b225_275_20260712-213629-738631/frames/beta_wide_a40_50_g0500_dm200_b225_275_20260712-213629-738631_frame_0000_final.png,docs/strategyA_band_parameter_study/final_frames_beta_width_shift_wide/beta_wide_a40_50_g0500_dm200_b225_275_20260712-213629-738631_frame_0000_final.png,1,run_outputs/strategyA_band_study_20260712/runs_coarse_beta_width_shift_wide/beta_wide_a40_50_g0500_dm200_b225_275_20260712-213629-738631/logs/frames.csv
beta_wide_a40_50_g1000_dp050_b450_550_20260712-221510-424537,runs_coarse_beta_width_shift_wide,OK,0.4,0.5,0.45,0.55,1.0000000000000007,0.04999999999999999,run_outputs/strategyA_band_study_20260712/fixed_mesh/smooth_star_h010_n220.msh,9110,73321,4,60.253935193999496,62.78726882900082,1.7435741130721824e-12,1.3199602034150302,1.0186450280230588,0.7351193328793172,0.0581579007614792,1.3626351712195726,0.9136513354725375,0.330389248679327,0.16978761202260584,0.413030831631457,0.4993948322641618,0.0,0.0,run_outputs/strategyA_band_study_20260712/runs_coarse_beta_width_shift_wide/beta_wide_a40_50_g1000_dp050_b450_550_20260712-221510-424537/out/summary.txt,run_outputs/strategyA_band_study_20260712/runs_coarse_beta_width_shift_wide/beta_wide_a40_50_g1000_dp050_b450_550_20260712-221510-424537/frames/beta_wide_a40_50_g1000_dp050_b450_550_20260712-221510-424537_frame_0000_final.png,docs/strategyA_band_parameter_study/final_frames_beta_width_shift_wide/beta_wide_a40_50_g1000_dp050_b450_550_20260712-221510-424537_frame_0000_final.png,1,run_outputs/strategyA_band_study_20260712/runs_coarse_beta_width_shift_wide/beta_wide_a40_50_g1000_dp050_b450_550_20260712-221510-424537/logs/frames.csv
beta_wide_a40_50_g0750_dm050_b363_438_20260712-215754-578267,runs_coarse_beta_width_shift_wide,OK,0.4,0.5,0.3625,0.4375,0.7500000000000003,-0.04999999999999999,run_outputs/strategyA_band_study_20260712/fixed_mesh/smooth_star_h010_n220.msh,9110,73321,4,54.0569443150016,56.329744064001716,9.839625716923353e-12,1.32369577925115,1.0215278617194243,0.6618282526877596,-0.015133179430078636,1.2387312052598043,0.9136513354725375,0.18730055880443125,0.09531437391770986,0.36601228725020757,0.4993948322641618,0.0,0.0,run_outputs/strategyA_band_study_20260712/runs_coarse_beta_width_shift_wide/beta_wide_a40_50_g0750_dm050_b363_438_20260712-215754-578267/out/summary.txt,run_outputs/strategyA_band_study_20260712/runs_coarse_beta_width_shift_wide/beta_wide_a40_50_g0750_dm050_b363_438_20260712-215754-578267/frames/beta_wide_a40_50_g0750_dm050_b363_438_20260712-215754-578267_frame_0000_final.png,docs/strategyA_band_parameter_study/final_frames_beta_width_shift_wide/beta_wide_a40_50_g0750_dm050_b363_438_20260712-215754-578267_frame_0000_final.png,1,run_outputs/strategyA_band_study_20260712/runs_coarse_beta_width_shift_wide/beta_wide_a40_50_g0750_dm050_b363_438_20260712-215754-578267/logs/frames.csv
beta_wide_a40_50_g0875_dp000_b406_494_20260712-220613-761025,runs_coarse_beta_width_shift_wide,OK,0.4,0.5,0.40625,0.49375,0.8750000000000004,0.0,run_outputs/strategyA_band_study_20260712/fixed_mesh/smooth_star_h010_n220.msh,9110,73321,4,52.88320332799776,55.29304465899986,4.019673362713437e-12,1.325580881366603,1.0229826403500633,0.7014974485983804,0.024536016480542377,1.3053284791810569,0.9136513354725375,0.25538992956956386,0.1300627648927997,0.39214265781749286,0.4993948322641618,0.0,0.0,run_outputs/strategyA_band_study_20260712/runs_coarse_beta_width_shift_wide/beta_wide_a40_50_g0875_dp000_b406_494_20260712-220613-761025/out/summary.txt,run_outputs/strategyA_band_study_20260712/runs_coarse_beta_width_shift_wide/beta_wide_a40_50_g0875_dp000_b406_494_20260712-220613-761025/frames/beta_wide_a40_50_g0875_dp000_b406_494_20260712-220613-761025_frame_0000_final.png,docs/strategyA_band_parameter_study/final_frames_beta_width_shift_wide/beta_wide_a40_50_g0875_dp000_b406_494_20260712-220613-761025_frame_0000_final.png,1,run_outputs/strategyA_band_study_20260712/runs_coarse_beta_width_shift_wide/beta_wide_a40_50_g0875_dp000_b406_494_20260712-220613-761025/logs/frames.csv
beta_wide_a40_50_g0500_dm250_b175_225_20260712-213629-725369,runs_coarse_beta_width_shift_wide,OK,0.4,0.5,0.175,0.225,0.5000000000000003,-0.25,run_outputs/strategyA_band_study_20260712/fixed_mesh/smooth_star_h010_n220.msh,9110,73321,4,64.35493130999748,66.36875647499983,1.0726880768892284e-15,1.3266065194371195,1.023774149911018,0.6109992997756962,-0.06596213234214177,1.1462253588385187,0.9136513354725375,0.0,0.0,0.32194636073596694,0.4993948322641618,0.0,0.0,run_outputs/strategyA_band_study_20260712/runs_coarse_beta_width_shift_wide/beta_wide_a40_50_g0500_dm250_b175_225_20260712-213629-725369/out/summary.txt,run_outputs/strategyA_band_study_20260712/runs_coarse_beta_width_shift_wide/beta_wide_a40_50_g0500_dm250_b175_225_20260712-213629-725369/frames/beta_wide_a40_50_g0500_dm250_b175_225_20260712-213629-725369_frame_0000_final.png,docs/strategyA_band_parameter_study/final_frames_beta_width_shift_wide/beta_wide_a40_50_g0500_dm250_b175_225_20260712-213629-725369_frame_0000_final.png,1,run_outputs/strategyA_band_study_20260712/runs_coarse_beta_width_shift_wide/beta_wide_a40_50_g0500_dm250_b175_225_20260712-213629-725369/logs/frames.csv
beta_wide_a40_50_g1375_dp150_b531_669_20260712-224536-953140,runs_coarse_beta_width_shift_wide,OK,0.4,0.5,0.53125,0.66875,1.3749999999999998,0.14999999999999997,run_outputs/strategyA_band_study_20260712/fixed_mesh/smooth_star_h010_n220.msh,9110,73321,4,60.761191541998414,62.93461911399936,2.4057799617500515e-13,1.33345954158486,1.0290627918864859,0.848827493377429,0.1718660612595908,1.5693056902469587,0.9136513354725375,0.45475204066726316,0.22421404346146587,0.48390863059975014,0.4993948322641618,0.0,0.0,run_outputs/strategyA_band_study_20260712/runs_coarse_beta_width_shift_wide/beta_wide_a40_50_g1375_dp150_b531_669_20260712-224536-953140/out/summary.txt,run_outputs/strategyA_band_study_20260712/runs_coarse_beta_width_shift_wide/beta_wide_a40_50_g1375_dp150_b531_669_20260712-224536-953140/frames/beta_wide_a40_50_g1375_dp150_b531_669_20260712-224536-953140_frame_0000_final.png,docs/strategyA_band_parameter_study/final_frames_beta_width_shift_wide/beta_wide_a40_50_g1375_dp150_b531_669_20260712-224536-953140_frame_0000_final.png,1,run_outputs/strategyA_band_study_20260712/runs_coarse_beta_width_shift_wide/beta_wide_a40_50_g1375_dp150_b531_669_20260712-224536-953140/logs/frames.csv
beta_wide_a40_50_g0625_dm150_b269_331_20260712-214729-770925,runs_coarse_beta_width_shift_wide,OK,0.4,0.5,0.26875,0.33125,0.6250000000000001,-0.15000000000000002,run_outputs/strategyA_band_study_20260712/fixed_mesh/smooth_star_h010_n220.msh,9110,73321,4,79.9137580960014,82.275740193003,3.36337981363312e-11,1.3355343020219337,1.0306639344043407,0.6442309559650329,-0.03273047615280511,1.2095205699072502,0.9136513354725375,0.059242521421860914,0.028703754053955838,0.3496892069773057,0.4993948322641618,0.0,0.0,run_outputs/strategyA_band_study_20260712/runs_coarse_beta_width_shift_wide/beta_wide_a40_50_g0625_dm150_b269_331_20260712-214729-770925/out/summary.txt,run_outputs/strategyA_band_study_20260712/runs_coarse_beta_width_shift_wide/beta_wide_a40_50_g0625_dm150_b269_331_20260712-214729-770925/frames/beta_wide_a40_50_g0625_dm150_b269_331_20260712-214729-770925_frame_0000_final.png,docs/strategyA_band_parameter_study/final_frames_beta_width_shift_wide/beta_wide_a40_50_g0625_dm150_b269_331_20260712-214729-770925_frame_0000_final.png,1,run_outputs/strategyA_band_study_20260712/runs_coarse_beta_width_shift_wide/beta_wide_a40_50_g0625_dm150_b269_331_20260712-214729-770925/logs/frames.csv
beta_wide_a40_50_g1250_dp100_b488_612_20260712-223559-329606,runs_coarse_beta_width_shift_wide,OK,0.4,0.5,0.4875,0.6125,1.2500000000000009,0.10000000000000003,run_outputs/strategyA_band_study_20260712/fixed_mesh/smooth_star_h010_n220.msh,9110,73321,4,70.98095233200002,73.14175251400593,4.907135337463143e-13,1.3513204284551197,1.042846467757471,0.8261536501269049,0.1491922180090669,1.5277193517404897,0.9136513354725375,0.3851221286180461,0.18729356770039374,0.4682466165914416,0.4993948322641618,0.0,0.0,run_outputs/strategyA_band_study_20260712/runs_coarse_beta_width_shift_wide/beta_wide_a40_50_g1250_dp100_b488_612_20260712-223559-329606/out/summary.txt,run_outputs/strategyA_band_study_20260712/runs_coarse_beta_width_shift_wide/beta_wide_a40_50_g1250_dp100_b488_612_20260712-223559-329606/frames/beta_wide_a40_50_g1250_dp100_b488_612_20260712-223559-329606_frame_0000_final.png,docs/strategyA_band_parameter_study/final_frames_beta_width_shift_wide/beta_wide_a40_50_g1250_dp100_b488_612_20260712-223559-329606_frame_0000_final.png,1,run_outputs/strategyA_band_study_20260712/runs_coarse_beta_width_shift_wide/beta_wide_a40_50_g1250_dp100_b488_612_20260712-223559-329606/logs/frames.csv
beta_wide_a40_50_g0625_dm200_b219_281_20260712-214722-998809,runs_coarse_beta_width_shift_wide,OK,0.4,0.5,0.21875,0.28125,0.6250000000000001,-0.2,run_outputs/strategyA_band_study_20260712/fixed_mesh/smooth_star_h010_n220.msh,9110,73321,4,72.31701742099904,74.81234616599977,4.2776798362135575e-11,1.3527927494755805,1.0439826932915939,0.6708032704088034,-0.006158161709034604,1.262230965897946,0.9136513354725375,0.013548691851016294,0.006265773140356081,0.3579703596033205,0.4993948322641618,0.0,0.0,run_outputs/strategyA_band_study_20260712/runs_coarse_beta_width_shift_wide/beta_wide_a40_50_g0625_dm200_b219_281_20260712-214722-998809/out/summary.txt,run_outputs/strategyA_band_study_20260712/runs_coarse_beta_width_shift_wide/beta_wide_a40_50_g0625_dm200_b219_281_20260712-214722-998809/frames/beta_wide_a40_50_g0625_dm200_b219_281_20260712-214722-998809_frame_0000_final.png,docs/strategyA_band_parameter_study/final_frames_beta_width_shift_wide/beta_wide_a40_50_g0625_dm200_b219_281_20260712-214722-998809_frame_0000_final.png,1,run_outputs/strategyA_band_study_20260712/runs_coarse_beta_width_shift_wide/beta_wide_a40_50_g0625_dm200_b219_281_20260712-214722-998809/logs/frames.csv
beta_wide_a40_50_g0750_dm100_b312_387_20260712-215743-118224,runs_coarse_beta_width_shift_wide,OK,0.4,0.5,0.3125,0.3875,0.7500000000000003,-0.10000000000000003,run_outputs/strategyA_band_study_20260712/fixed_mesh/smooth_star_h010_n220.msh,9110,73321,4,62.097302862002834,64.48862220500087,1.2696961151774048e-11,1.3529698199763744,1.044119342854798,0.6938512004584392,0.016889768340601186,1.2966997049685887,0.9136513354725375,0.1111471647037439,0.052947293966243036,0.38150569230257175,0.4993948322641618,0.0,0.0,run_outputs/strategyA_band_study_20260712/runs_coarse_beta_width_shift_wide/beta_wide_a40_50_g0750_dm100_b312_387_20260712-215743-118224/out/summary.txt,run_outputs/strategyA_band_study_20260712/runs_coarse_beta_width_shift_wide/beta_wide_a40_50_g0750_dm100_b312_387_20260712-215743-118224/frames/beta_wide_a40_50_g0750_dm100_b312_387_20260712-215743-118224_frame_0000_final.png,docs/strategyA_band_parameter_study/final_frames_beta_width_shift_wide/beta_wide_a40_50_g0750_dm100_b312_387_20260712-215743-118224_frame_0000_final.png,1,run_outputs/strategyA_band_study_20260712/runs_coarse_beta_width_shift_wide/beta_wide_a40_50_g0750_dm100_b312_387_20260712-215743-118224/logs/frames.csv
beta_wide_a40_50_g1125_dp050_b444_556_20260712-222516-751620,runs_coarse_beta_width_shift_wide,OK,0.4,0.5,0.44375,0.55625,1.1250000000000007,0.04999999999999999,run_outputs/strategyA_band_study_20260712/fixed_mesh/smooth_star_h010_n220.msh,9110,73321,4,75.93590885600133,78.57290941700194,1.0330898490641977e-12,1.3631190580406807,1.051951753912101,0.8009309754211641,0.1239695433033261,1.4883222143240884,0.9136513354725375,0.3119989639289391,0.14928361619259006,0.4529959118120709,0.4993948322641618,0.0,0.0,run_outputs/strategyA_band_study_20260712/runs_coarse_beta_width_shift_wide/beta_wide_a40_50_g1125_dp050_b444_556_20260712-222516-751620/out/summary.txt,run_outputs/strategyA_band_study_20260712/runs_coarse_beta_width_shift_wide/beta_wide_a40_50_g1125_dp050_b444_556_20260712-222516-751620/frames/beta_wide_a40_50_g1125_dp050_b444_556_20260712-222516-751620_frame_0000_final.png,docs/strategyA_band_parameter_study/final_frames_beta_width_shift_wide/beta_wide_a40_50_g1125_dp050_b444_556_20260712-222516-751620_frame_0000_final.png,1,run_outputs/strategyA_band_study_20260712/runs_coarse_beta_width_shift_wide/beta_wide_a40_50_g1125_dp050_b444_556_20260712-222516-751620/logs/frames.csv
beta_wide_a40_50_g0875_dm050_b356_444_20260712-220553-165450,runs_coarse_beta_width_shift_wide,OK,0.4,0.5,0.35625,0.44375,0.8749999999999999,-0.04999999999999999,run_outputs/strategyA_band_study_20260712/fixed_mesh/smooth_star_h010_n220.msh,9110,73321,4,64.52323282900034,66.97915202899821,5.194534824208601e-12,1.3634084953312715,1.0521751196289022,0.7350390333273132,0.05807760120947503,1.3682434591852557,0.9136513354725375,0.17098594850317195,0.08100110472067606,0.40735663641495196,0.4993948322641618,0.0,0.0,run_outputs/strategyA_band_study_20260712/runs_coarse_beta_width_shift_wide/beta_wide_a40_50_g0875_dm050_b356_444_20260712-220553-165450/out/summary.txt,run_outputs/strategyA_band_study_20260712/runs_coarse_beta_width_shift_wide/beta_wide_a40_50_g0875_dm050_b356_444_20260712-220553-165450/frames/beta_wide_a40_50_g0875_dm050_b356_444_20260712-220553-165450_frame_0000_final.png,docs/strategyA_band_parameter_study/final_frames_beta_width_shift_wide/beta_wide_a40_50_g0875_dm050_b356_444_20260712-220553-165450_frame_0000_final.png,1,run_outputs/strategyA_band_study_20260712/runs_coarse_beta_width_shift_wide/beta_wide_a40_50_g0875_dm050_b356_444_20260712-220553-165450/logs/frames.csv
beta_wide_a40_50_g0625_dm250_b169_231_20260712-214532-610701,runs_coarse_beta_width_shift_wide,OK,0.4,0.5,0.16875,0.23125,0.6250000000000001,-0.25,run_outputs/strategyA_band_study_20260712/fixed_mesh/smooth_star_h010_n220.msh,9110,73321,4,107.84521018099986,110.21975017800287,5.393098201010638e-11,1.3647390641359998,1.0532019515696474,0.6927103174764752,0.015748885358637166,1.3092912668657095,0.9136513354725375,0.0,0.0,0.37579304089007065,0.4993948322641618,0.0,0.0,run_outputs/strategyA_band_study_20260712/runs_coarse_beta_width_shift_wide/beta_wide_a40_50_g0625_dm250_b169_231_20260712-214532-610701/out/summary.txt,run_outputs/strategyA_band_study_20260712/runs_coarse_beta_width_shift_wide/beta_wide_a40_50_g0625_dm250_b169_231_20260712-214532-610701/frames/beta_wide_a40_50_g0625_dm250_b169_231_20260712-214532-610701_frame_0000_final.png,docs/strategyA_band_parameter_study/final_frames_beta_width_shift_wide/beta_wide_a40_50_g0625_dm250_b169_231_20260712-214532-610701_frame_0000_final.png,1,run_outputs/strategyA_band_study_20260712/runs_coarse_beta_width_shift_wide/beta_wide_a40_50_g0625_dm250_b169_231_20260712-214532-610701/logs/frames.csv
beta_wide_a40_50_g1000_dp000_b400_500_20260712-221438-836746,runs_coarse_beta_width_shift_wide,OK,0.4,0.5,0.4,0.5,1.0,0.0,run_outputs/strategyA_band_study_20260712/fixed_mesh/smooth_star_h010_n220.msh,9110,73321,4,60.005706736999855,62.38552373999846,2.2609163218500893e-12,1.367159849622496,1.0550701299384722,0.7706266175308893,0.09366518541305113,1.4325674683094096,0.9136513354725375,0.2377813325836829,0.11277608932293702,0.43139365547633224,0.4993948322641618,0.0,0.0,run_outputs/strategyA_band_study_20260712/runs_coarse_beta_width_shift_wide/beta_wide_a40_50_g1000_dp000_b400_500_20260712-221438-836746/out/summary.txt,run_outputs/strategyA_band_study_20260712/runs_coarse_beta_width_shift_wide/beta_wide_a40_50_g1000_dp000_b400_500_20260712-221438-836746/frames/beta_wide_a40_50_g1000_dp000_b400_500_20260712-221438-836746_frame_0000_final.png,docs/strategyA_band_parameter_study/final_frames_beta_width_shift_wide/beta_wide_a40_50_g1000_dp000_b400_500_20260712-221438-836746_frame_0000_final.png,1,run_outputs/strategyA_band_study_20260712/runs_coarse_beta_width_shift_wide/beta_wide_a40_50_g1000_dp000_b400_500_20260712-221438-836746/logs/frames.csv
beta_wide_a40_50_g0750_dm150_b263_338_20260712-215628-676311,runs_coarse_beta_width_shift_wide,OK,0.4,0.5,0.2625,0.3375,0.7500000000000003,-0.14999999999999997,run_outputs/strategyA_band_study_20260712/fixed_mesh/smooth_star_h010_n220.msh,9110,73321,4,71.97677326699704,74.36733983500017,1.612993935595561e-11,1.372543648526925,1.0592249370089306,0.7214516116509992,0.044490179533161034,1.3539909470515665,0.9136513354725375,0.05231079298911478,0.023613076975714867,0.39527536528365126,0.4993948322641618,0.0,0.0,run_outputs/strategyA_band_study_20260712/runs_coarse_beta_width_shift_wide/beta_wide_a40_50_g0750_dm150_b263_338_20260712-215628-676311/out/summary.txt,run_outputs/strategyA_band_study_20260712/runs_coarse_beta_width_shift_wide/beta_wide_a40_50_g0750_dm150_b263_338_20260712-215628-676311/frames/beta_wide_a40_50_g0750_dm150_b263_338_20260712-215628-676311_frame_0000_final.png,docs/strategyA_band_parameter_study/final_frames_beta_width_shift_wide/beta_wide_a40_50_g0750_dm150_b263_338_20260712-215628-676311_frame_0000_final.png,1,run_outputs/strategyA_band_study_20260712/runs_coarse_beta_width_shift_wide/beta_wide_a40_50_g0750_dm150_b263_338_20260712-215628-676311/logs/frames.csv
beta_wide_a40_50_g1500_dp150_b525_675_20260712-225555-028905,runs_coarse_beta_width_shift_wide,OK,0.4,0.5,0.525,0.675,1.5000000000000007,0.15000000000000008,run_outputs/strategyA_band_study_20260712/fixed_mesh/smooth_star_h010_n220.msh,9110,73321,4,108.11118063700269,110.73912734500482,1.5730577877753418e-13,1.373012871282137,1.0595870474918039,0.9052926341708963,0.22833120205305835,1.6740702989003746,0.9136513354725375,0.43943781399593135,0.2045529598220494,0.5178301828686737,0.4993948322641618,0.0,0.0,run_outputs/strategyA_band_study_20260712/runs_coarse_beta_width_shift_wide/beta_wide_a40_50_g1500_dp150_b525_675_20260712-225555-028905/out/summary.txt,run_outputs/strategyA_band_study_20260712/runs_coarse_beta_width_shift_wide/beta_wide_a40_50_g1500_dp150_b525_675_20260712-225555-028905/frames/beta_wide_a40_50_g1500_dp150_b525_675_20260712-225555-028905_frame_0000_final.png,docs/strategyA_band_parameter_study/final_frames_beta_width_shift_wide/beta_wide_a40_50_g1500_dp150_b525_675_20260712-225555-028905_frame_0000_final.png,1,run_outputs/strategyA_band_study_20260712/runs_coarse_beta_width_shift_wide/beta_wide_a40_50_g1500_dp150_b525_675_20260712-225555-028905/logs/frames.csv
beta_wide_a40_50_g0750_dm200_b213_288_20260712-215542-797583,runs_coarse_beta_width_shift_wide,OK,0.4,0.5,0.2125,0.2875,0.75,-0.2,run_outputs/strategyA_band_study_20260712/fixed_mesh/smooth_star_h010_n220.msh,9110,73321,4,129.48214308800016,131.85926226399897,2.027699326063957e-11,1.386763309575877,1.07019859135867,0.7448173912176299,0.0678559590997917,1.3845049702268064,0.9136513354725375,0.012287550776476181,0.005375440190961795,0.41274605032391687,0.4993948322641618,0.0,0.0,run_outputs/strategyA_band_study_20260712/runs_coarse_beta_width_shift_wide/beta_wide_a40_50_g0750_dm200_b213_288_20260712-215542-797583/out/summary.txt,run_outputs/strategyA_band_study_20260712/runs_coarse_beta_width_shift_wide/beta_wide_a40_50_g0750_dm200_b213_288_20260712-215542-797583/frames/beta_wide_a40_50_g0750_dm200_b213_288_20260712-215542-797583_frame_0000_final.png,docs/strategyA_band_parameter_study/final_frames_beta_width_shift_wide/beta_wide_a40_50_g0750_dm200_b213_288_20260712-215542-797583_frame_0000_final.png,1,run_outputs/strategyA_band_study_20260712/runs_coarse_beta_width_shift_wide/beta_wide_a40_50_g0750_dm200_b213_288_20260712-215542-797583/logs/frames.csv
beta_wide_a40_50_g0875_dm100_b306_394_20260712-220502-196472,runs_coarse_beta_width_shift_wide,OK,0.4,0.5,0.30625,0.39375,0.8749999999999999,-0.10000000000000003,run_outputs/strategyA_band_study_20260712/fixed_mesh/smooth_star_h010_n220.msh,9110,73321,4,69.18205175800176,71.51154894700085,6.6003762745771524e-12,1.3868797421093524,1.0702884451444266,0.7649178911157296,0.08795645899789162,1.425858562353829,0.9136513354725375,0.10316842765617097,0.04613268100256594,0.425484120695902,0.4993948322641618,0.0,0.0,run_outputs/strategyA_band_study_20260712/runs_coarse_beta_width_shift_wide/beta_wide_a40_50_g0875_dm100_b306_394_20260712-220502-196472/out/summary.txt,run_outputs/strategyA_band_study_20260712/runs_coarse_beta_width_shift_wide/beta_wide_a40_50_g0875_dm100_b306_394_20260712-220502-196472/frames/beta_wide_a40_50_g0875_dm100_b306_394_20260712-220502-196472_frame_0000_final.png,docs/strategyA_band_parameter_study/final_frames_beta_width_shift_wide/beta_wide_a40_50_g0875_dm100_b306_394_20260712-220502-196472_frame_0000_final.png,1,run_outputs/strategyA_band_study_20260712/runs_coarse_beta_width_shift_wide/beta_wide_a40_50_g0875_dm100_b306_394_20260712-220502-196472/logs/frames.csv
beta_wide_a40_50_g1375_dp100_b481_619_20260712-224531-843354,runs_coarse_beta_width_shift_wide,OK,0.4,0.5,0.48125,0.61875,1.3750000000000004,0.10000000000000003,run_outputs/strategyA_band_study_20260712/fixed_mesh/smooth_star_h010_n220.msh,9110,73321,4,72.45653689800383,74.70840610900632,3.1050627275380425e-13,1.3891641831939001,1.0720514032598043,0.8853664079845055,0.2084049758666675,1.6412656386775304,0.9136513354725375,0.37282835503528916,0.17085848474226348,0.5042902628849383,0.4993948322641618,0.0,0.0,run_outputs/strategyA_band_study_20260712/runs_coarse_beta_width_shift_wide/beta_wide_a40_50_g1375_dp100_b481_619_20260712-224531-843354/out/summary.txt,run_outputs/strategyA_band_study_20260712/runs_coarse_beta_width_shift_wide/beta_wide_a40_50_g1375_dp100_b481_619_20260712-224531-843354/frames/beta_wide_a40_50_g1375_dp100_b481_619_20260712-224531-843354_frame_0000_final.png,docs/strategyA_band_parameter_study/final_frames_beta_width_shift_wide/beta_wide_a40_50_g1375_dp100_b481_619_20260712-224531-843354_frame_0000_final.png,1,run_outputs/strategyA_band_study_20260712/runs_coarse_beta_width_shift_wide/beta_wide_a40_50_g1375_dp100_b481_619_20260712-224531-843354/logs/frames.csv
beta_wide_a40_50_g1000_dm050_b350_450_20260712-221354-147869,runs_coarse_beta_width_shift_wide,OK,0.4,0.5,0.35,0.45,1.0000000000000007,-0.04999999999999999,run_outputs/strategyA_band_study_20260712/fixed_mesh/smooth_star_h010_n220.msh,9110,73321,4,73.85351549699408,76.1732756929996,2.877722291030371e-12,1.396494183140341,1.0777081404716788,0.8019423338148824,0.12498090169704446,1.4897191498833113,0.9136513354725375,0.16239857178554834,0.07246791929971853,0.44946987690489554,0.4993948322641618,0.0,0.0,run_outputs/strategyA_band_study_20260712/runs_coarse_beta_width_shift_wide/beta_wide_a40_50_g1000_dm050_b350_450_20260712-221354-147869/out/summary.txt,run_outputs/strategyA_band_study_20260712/runs_coarse_beta_width_shift_wide/beta_wide_a40_50_g1000_dm050_b350_450_20260712-221354-147869/frames/beta_wide_a40_50_g1000_dm050_b350_450_20260712-221354-147869_frame_0000_final.png,docs/strategyA_band_parameter_study/final_frames_beta_width_shift_wide/beta_wide_a40_50_g1000_dm050_b350_450_20260712-221354-147869_frame_0000_final.png,1,run_outputs/strategyA_band_study_20260712/runs_coarse_beta_width_shift_wide/beta_wide_a40_50_g1000_dm050_b350_450_20260712-221354-147869/logs/frames.csv
beta_wide_a40_50_g1250_dp050_b438_562_20260712-223442-868055,runs_coarse_beta_width_shift_wide,OK,0.4,0.5,0.4375,0.5625,1.2500000000000002,0.04999999999999999,run_outputs/strategyA_band_study_20260712/fixed_mesh/smooth_star_h010_n220.msh,9110,73321,4,74.96535390299687,77.49402837800153,6.295088758965645e-13,1.39839696204263,1.0791765607037656,0.8617983276463312,0.18483689552849303,1.596226444815578,0.9136513354725375,0.3002234454710658,0.13586896409112922,0.48829506454198807,0.4993948322641618,0.0,0.0,run_outputs/strategyA_band_study_20260712/runs_coarse_beta_width_shift_wide/beta_wide_a40_50_g1250_dp050_b438_562_20260712-223442-868055/out/summary.txt,run_outputs/strategyA_band_study_20260712/runs_coarse_beta_width_shift_wide/beta_wide_a40_50_g1250_dp050_b438_562_20260712-223442-868055/frames/beta_wide_a40_50_g1250_dp050_b438_562_20260712-223442-868055_frame_0000_final.png,docs/strategyA_band_parameter_study/final_frames_beta_width_shift_wide/beta_wide_a40_50_g1250_dp050_b438_562_20260712-223442-868055_frame_0000_final.png,1,run_outputs/strategyA_band_study_20260712/runs_coarse_beta_width_shift_wide/beta_wide_a40_50_g1250_dp050_b438_562_20260712-223442-868055/logs/frames.csv
beta_wide_a40_50_g0750_dm250_b163_238_20260712-215514-494402,runs_coarse_beta_width_shift_wide,OK,0.4,0.5,0.1625,0.2375,0.75,-0.25,run_outputs/strategyA_band_study_20260712/fixed_mesh/smooth_star_h010_n220.msh,9110,73321,4,71.78837765399658,73.99495752300209,2.5312912620756982e-11,1.3985547482430702,1.0792983281086868,0.7659528566982192,0.08899142458038123,1.439868806958904,0.9136513354725375,0.0,0.0,0.41634837700213,0.4993948322641618,0.0,0.0,run_outputs/strategyA_band_study_20260712/runs_coarse_beta_width_shift_wide/beta_wide_a40_50_g0750_dm250_b163_238_20260712-215514-494402/out/summary.txt,run_outputs/strategyA_band_study_20260712/runs_coarse_beta_width_shift_wide/beta_wide_a40_50_g0750_dm250_b163_238_20260712-215514-494402/frames/beta_wide_a40_50_g0750_dm250_b163_238_20260712-215514-494402_frame_0000_final.png,docs/strategyA_band_parameter_study/final_frames_beta_width_shift_wide/beta_wide_a40_50_g0750_dm250_b163_238_20260712-215514-494402_frame_0000_final.png,1,run_outputs/strategyA_band_study_20260712/runs_coarse_beta_width_shift_wide/beta_wide_a40_50_g0750_dm250_b163_238_20260712-215514-494402/logs/frames.csv
beta_wide_a40_50_g1125_dp000_b394_506_20260712-222357-663495,runs_coarse_beta_width_shift_wide,OK,0.4,0.5,0.39375,0.50625,1.1250000000000002,-5.551115123125783e-17,run_outputs/strategyA_band_study_20260712/fixed_mesh/smooth_star_h010_n220.msh,9110,73321,4,98.55896210700303,101.05834710900672,1.3190205717176079e-12,1.4003865296796532,1.0807119578893214,0.8339239773291026,0.15696254521126463,1.5461506573343493,0.9136513354725375,0.22841159034330513,0.10236289897595946,0.47004553972497376,0.4993948322641618,0.0,0.0,run_outputs/strategyA_band_study_20260712/runs_coarse_beta_width_shift_wide/beta_wide_a40_50_g1125_dp000_b394_506_20260712-222357-663495/out/summary.txt,run_outputs/strategyA_band_study_20260712/runs_coarse_beta_width_shift_wide/beta_wide_a40_50_g1125_dp000_b394_506_20260712-222357-663495/frames/beta_wide_a40_50_g1125_dp000_b394_506_20260712-222357-663495_frame_0000_final.png,docs/strategyA_band_parameter_study/final_frames_beta_width_shift_wide/beta_wide_a40_50_g1125_dp000_b394_506_20260712-222357-663495_frame_0000_final.png,1,run_outputs/strategyA_band_study_20260712/runs_coarse_beta_width_shift_wide/beta_wide_a40_50_g1125_dp000_b394_506_20260712-222357-663495/logs/frames.csv
beta_wide_a40_50_g0875_dm150_b256_344_20260712-220426-521151,runs_coarse_beta_width_shift_wide,OK,0.4,0.5,0.25625,0.34375,0.8750000000000004,-0.15000000000000002,run_outputs/strategyA_band_study_20260712/fixed_mesh/smooth_star_h010_n220.msh,9110,73321,4,84.28938177899909,86.5839333010008,8.286550185939838e-12,1.4042351685213148,1.0836820450257154,0.790220159283851,0.11325872716601304,1.4733820300396523,0.9136513354725375,0.05038275880124736,0.021561956527238735,0.43555370908110946,0.4993948322641618,0.0,0.0,run_outputs/strategyA_band_study_20260712/runs_coarse_beta_width_shift_wide/beta_wide_a40_50_g0875_dm150_b256_344_20260712-220426-521151/out/summary.txt,run_outputs/strategyA_band_study_20260712/runs_coarse_beta_width_shift_wide/beta_wide_a40_50_g0875_dm150_b256_344_20260712-220426-521151/frames/beta_wide_a40_50_g0875_dm150_b256_344_20260712-220426-521151_frame_0000_final.png,docs/strategyA_band_parameter_study/final_frames_beta_width_shift_wide/beta_wide_a40_50_g0875_dm150_b256_344_20260712-220426-521151_frame_0000_final.png,1,run_outputs/strategyA_band_study_20260712/runs_coarse_beta_width_shift_wide/beta_wide_a40_50_g0875_dm150_b256_344_20260712-220426-521151/logs/frames.csv
beta_wide_a40_50_g0875_dm200_b206_294_20260712-220326-834961,runs_coarse_beta_width_shift_wide,OK,0.4,0.5,0.20625,0.29375,0.8750000000000004,-0.2,run_outputs/strategyA_band_study_20260712/fixed_mesh/smooth_star_h010_n220.msh,9110,73321,4,93.06697609500043,95.52181840300182,1.0327098712982458e-11,1.416524750881177,1.093166211241458,0.8126549092886056,0.13569347717076763,1.5201940246865258,0.9136513354725375,0.01330118646197642,0.005495122380543246,0.4525138636596241,0.4993948322641618,0.0,0.0,run_outputs/strategyA_band_study_20260712/runs_coarse_beta_width_shift_wide/beta_wide_a40_50_g0875_dm200_b206_294_20260712-220326-834961/out/summary.txt,run_outputs/strategyA_band_study_20260712/runs_coarse_beta_width_shift_wide/beta_wide_a40_50_g0875_dm200_b206_294_20260712-220326-834961/frames/beta_wide_a40_50_g0875_dm200_b206_294_20260712-220326-834961_frame_0000_final.png,docs/strategyA_band_parameter_study/final_frames_beta_width_shift_wide/beta_wide_a40_50_g0875_dm200_b206_294_20260712-220326-834961_frame_0000_final.png,1,run_outputs/strategyA_band_study_20260712/runs_coarse_beta_width_shift_wide/beta_wide_a40_50_g0875_dm200_b206_294_20260712-220326-834961/logs/frames.csv
beta_wide_a40_50_g1000_dm100_b300_400_20260712-221225-499451,runs_coarse_beta_width_shift_wide,OK,0.4,0.5,0.3,0.4,1.0000000000000007,-0.10000000000000003,run_outputs/strategyA_band_study_20260712/fixed_mesh/smooth_star_h010_n220.msh,9110,73321,4,131.04285965899544,133.42984725200222,3.6143615656918344e-12,1.4171396287164764,1.0936407272519777,0.8297132326881222,0.15275180057028426,1.5466551545596594,0.9136513354725375,0.10065002648249541,0.042654525367258146,0.4626859440087498,0.4993948322641618,0.0,0.0,run_outputs/strategyA_band_study_20260712/runs_coarse_beta_width_shift_wide/beta_wide_a40_50_g1000_dm100_b300_400_20260712-221225-499451/out/summary.txt,run_outputs/strategyA_band_study_20260712/runs_coarse_beta_width_shift_wide/beta_wide_a40_50_g1000_dm100_b300_400_20260712-221225-499451/frames/beta_wide_a40_50_g1000_dm100_b300_400_20260712-221225-499451_frame_0000_final.png,docs/strategyA_band_parameter_study/final_frames_beta_width_shift_wide/beta_wide_a40_50_g1000_dm100_b300_400_20260712-221225-499451_frame_0000_final.png,1,run_outputs/strategyA_band_study_20260712/runs_coarse_beta_width_shift_wide/beta_wide_a40_50_g1000_dm100_b300_400_20260712-221225-499451/logs/frames.csv
beta_wide_a40_50_g1500_dp100_b475_625_20260712-225354-972362,runs_coarse_beta_width_shift_wide,OK,0.4,0.5,0.475,0.625,1.5000000000000007,0.10000000000000003,run_outputs/strategyA_band_study_20260712/fixed_mesh/smooth_star_h010_n220.msh,9110,73321,4,117.29447552499914,119.8763911529968,2.0042884398330128e-13,1.4209747123931953,1.0966003535416453,0.9408162269210849,0.2638547948032469,1.7402440034622704,0.9136513354725375,0.3665103391266776,0.16023115442193647,0.5372014537391256,0.4993948322641618,0.0,0.0,run_outputs/strategyA_band_study_20260712/runs_coarse_beta_width_shift_wide/beta_wide_a40_50_g1500_dp100_b475_625_20260712-225354-972362/out/summary.txt,run_outputs/strategyA_band_study_20260712/runs_coarse_beta_width_shift_wide/beta_wide_a40_50_g1500_dp100_b475_625_20260712-225354-972362/frames/beta_wide_a40_50_g1500_dp100_b475_625_20260712-225354-972362_frame_0000_final.png,docs/strategyA_band_parameter_study/final_frames_beta_width_shift_wide/beta_wide_a40_50_g1500_dp100_b475_625_20260712-225354-972362_frame_0000_final.png,1,run_outputs/strategyA_band_study_20260712/runs_coarse_beta_width_shift_wide/beta_wide_a40_50_g1500_dp100_b475_625_20260712-225354-972362/logs/frames.csv
beta_wide_a40_50_g1125_dm050_b344_456_20260712-222259-007065,runs_coarse_beta_width_shift_wide,OK,0.4,0.5,0.34375,0.45625,1.1250000000000002,-0.04999999999999999,run_outputs/strategyA_band_study_20260712/fixed_mesh/smooth_star_h010_n220.msh,9110,73321,4,135.10193902000174,137.79016953300015,1.659535929287883e-12,1.42545061306352,1.1000545137140167,0.8641041173291137,0.18714268521127575,1.605702769007576,0.9136513354725375,0.1587441295213261,0.0672470807144232,0.4869766625983505,0.4993948322641618,0.0,0.0,run_outputs/strategyA_band_study_20260712/runs_coarse_beta_width_shift_wide/beta_wide_a40_50_g1125_dm050_b344_456_20260712-222259-007065/out/summary.txt,run_outputs/strategyA_band_study_20260712/runs_coarse_beta_width_shift_wide/beta_wide_a40_50_g1125_dm050_b344_456_20260712-222259-007065/frames/beta_wide_a40_50_g1125_dm050_b344_456_20260712-222259-007065_frame_0000_final.png,docs/strategyA_band_parameter_study/final_frames_beta_width_shift_wide/beta_wide_a40_50_g1125_dm050_b344_456_20260712-222259-007065_frame_0000_final.png,1,run_outputs/strategyA_band_study_20260712/runs_coarse_beta_width_shift_wide/beta_wide_a40_50_g1125_dm050_b344_456_20260712-222259-007065/logs/frames.csv
beta_wide_a40_50_g0875_dm250_b156_244_20260712-220317-113586,runs_coarse_beta_width_shift_wide,OK,0.4,0.5,0.15625,0.24375,0.8750000000000001,-0.25,run_outputs/strategyA_band_study_20260712/fixed_mesh/smooth_star_h010_n220.msh,9110,73321,4,67.10489712100025,69.49995956400016,1.279198873928296e-11,1.4278952602512796,1.1019411067314722,0.8305980890626282,0.15363665694479,1.5498836445250455,0.9136513354725375,0.0,0.0,0.45445209737170766,0.4993948322641618,0.0,0.0,run_outputs/strategyA_band_study_20260712/runs_coarse_beta_width_shift_wide/beta_wide_a40_50_g0875_dm250_b156_244_20260712-220317-113586/out/summary.txt,run_outputs/strategyA_band_study_20260712/runs_coarse_beta_width_shift_wide/beta_wide_a40_50_g0875_dm250_b156_244_20260712-220317-113586/frames/beta_wide_a40_50_g0875_dm250_b156_244_20260712-220317-113586_frame_0000_final.png,docs/strategyA_band_parameter_study/final_frames_beta_width_shift_wide/beta_wide_a40_50_g0875_dm250_b156_244_20260712-220317-113586_frame_0000_final.png,1,run_outputs/strategyA_band_study_20260712/runs_coarse_beta_width_shift_wide/beta_wide_a40_50_g0875_dm250_b156_244_20260712-220317-113586/logs/frames.csv
beta_wide_a40_50_g1375_dp050_b431_569_20260712-224403-600445,runs_coarse_beta_width_shift_wide,OK,0.4,0.5,0.43125,0.56875,1.3749999999999998,0.04999999999999999,run_outputs/strategyA_band_study_20260712/fixed_mesh/smooth_star_h010_n220.msh,9110,73321,4,85.96342649899452,88.35435587599932,3.934649782559694e-13,1.427982171944115,1.1020081785746647,0.9187586963014074,0.24179726418356917,1.700373772378256,0.9136513354725375,0.29453474276033226,0.1269825247792505,0.5231398729078051,0.4993948322641618,0.0,0.0,run_outputs/strategyA_band_study_20260712/runs_coarse_beta_width_shift_wide/beta_wide_a40_50_g1375_dp050_b431_569_20260712-224403-600445/out/summary.txt,run_outputs/strategyA_band_study_20260712/runs_coarse_beta_width_shift_wide/beta_wide_a40_50_g1375_dp050_b431_569_20260712-224403-600445/frames/beta_wide_a40_50_g1375_dp050_b431_569_20260712-224403-600445_frame_0000_final.png,docs/strategyA_band_parameter_study/final_frames_beta_width_shift_wide/beta_wide_a40_50_g1375_dp050_b431_569_20260712-224403-600445_frame_0000_final.png,1,run_outputs/strategyA_band_study_20260712/runs_coarse_beta_width_shift_wide/beta_wide_a40_50_g1375_dp050_b431_569_20260712-224403-600445/logs/frames.csv
beta_wide_a40_50_g1250_dp000_b388_512_20260712-223358-722568,runs_coarse_beta_width_shift_wide,OK,0.4,0.5,0.3875,0.5125,1.2499999999999998,-5.551115123125783e-17,run_outputs/strategyA_band_study_20260712/fixed_mesh/smooth_star_h010_n220.msh,9110,73321,4,118.39982500099723,120.76161976900039,7.944076253255743e-13,1.4295145690161581,1.10319076624235,0.8934427679207947,0.21648133580295648,1.6557366247450334,0.9136513354725375,0.22397892951091275,0.09549674559043937,0.5052783670236068,0.4993948322641618,0.0,0.0,run_outputs/strategyA_band_study_20260712/runs_coarse_beta_width_shift_wide/beta_wide_a40_50_g1250_dp000_b388_512_20260712-223358-722568/out/summary.txt,run_outputs/strategyA_band_study_20260712/runs_coarse_beta_width_shift_wide/beta_wide_a40_50_g1250_dp000_b388_512_20260712-223358-722568/frames/beta_wide_a40_50_g1250_dp000_b388_512_20260712-223358-722568_frame_0000_final.png,docs/strategyA_band_parameter_study/final_frames_beta_width_shift_wide/beta_wide_a40_50_g1250_dp000_b388_512_20260712-223358-722568_frame_0000_final.png,1,run_outputs/strategyA_band_study_20260712/runs_coarse_beta_width_shift_wide/beta_wide_a40_50_g1250_dp000_b388_512_20260712-223358-722568/logs/frames.csv
beta_wide_a40_50_g1000_dm200_b200_300_20260712-221113-788358,runs_coarse_beta_width_shift_wide,OK,0.4,0.5,0.2,0.3,1.0,-0.2,run_outputs/strategyA_band_study_20260712/fixed_mesh/smooth_star_h010_n220.msh,9110,73321,4,69.29054221700062,71.717193839002,5.567449488851557e-12,1.445027856816186,1.1151627434617422,0.8753710708554956,0.1984096387376576,1.6393827281197633,0.9136513354725375,0.015195621910158144,0.005987623822139801,0.487674969997862,0.4993948322641618,0.0,0.0,run_outputs/strategyA_band_study_20260712/runs_coarse_beta_width_shift_wide/beta_wide_a40_50_g1000_dm200_b200_300_20260712-221113-788358/out/summary.txt,run_outputs/strategyA_band_study_20260712/runs_coarse_beta_width_shift_wide/beta_wide_a40_50_g1000_dm200_b200_300_20260712-221113-788358/frames/beta_wide_a40_50_g1000_dm200_b200_300_20260712-221113-788358_frame_0000_final.png,docs/strategyA_band_parameter_study/final_frames_beta_width_shift_wide/beta_wide_a40_50_g1000_dm200_b200_300_20260712-221113-788358_frame_0000_final.png,1,run_outputs/strategyA_band_study_20260712/runs_coarse_beta_width_shift_wide/beta_wide_a40_50_g1000_dm200_b200_300_20260712-221113-788358/logs/frames.csv
beta_wide_a40_50_g1000_dm250_b150_250_20260712-221009-212542,runs_coarse_beta_width_shift_wide,OK,0.4,0.5,0.15,0.25,1.0000000000000002,-0.25,run_outputs/strategyA_band_study_20260712/fixed_mesh/smooth_star_h010_n220.msh,9110,73321,4,62.1967428550015,64.30759729700003,6.853583168718924e-12,1.454278075796746,1.1223013598747926,0.8931669012599379,0.2162054691420997,1.6564808599093594,0.9136513354725375,0.0,0.0,0.49355101634167753,0.4993948322641618,0.0,0.0,run_outputs/strategyA_band_study_20260712/runs_coarse_beta_width_shift_wide/beta_wide_a40_50_g1000_dm250_b150_250_20260712-221009-212542/out/summary.txt,run_outputs/strategyA_band_study_20260712/runs_coarse_beta_width_shift_wide/beta_wide_a40_50_g1000_dm250_b150_250_20260712-221009-212542/frames/beta_wide_a40_50_g1000_dm250_b150_250_20260712-221009-212542_frame_0000_final.png,docs/strategyA_band_parameter_study/final_frames_beta_width_shift_wide/beta_wide_a40_50_g1000_dm250_b150_250_20260712-221009-212542_frame_0000_final.png,1,run_outputs/strategyA_band_study_20260712/runs_coarse_beta_width_shift_wide/beta_wide_a40_50_g1000_dm250_b150_250_20260712-221009-212542/logs/frames.csv
beta_wide_a40_50_g1125_dm150_b244_356_20260712-222028-919284,runs_coarse_beta_width_shift_wide,OK,0.4,0.5,0.24375,0.35625,1.1250000000000004,-0.15000000000000002,run_outputs/strategyA_band_study_20260712/fixed_mesh/smooth_star_h010_n220.msh,9110,73321,4,147.46339444799378,150.02053560600325,2.5558383526568092e-12,1.4573601950937864,1.124679905447289,0.9128040230413069,0.23584259092346893,1.695040581673216,0.9136513354725375,0.05345884745433836,0.020921319502488423,0.5144226304484402,0.4993948322641618,0.0,0.0,run_outputs/strategyA_band_study_20260712/runs_coarse_beta_width_shift_wide/beta_wide_a40_50_g1125_dm150_b244_356_20260712-222028-919284/out/summary.txt,run_outputs/strategyA_band_study_20260712/runs_coarse_beta_width_shift_wide/beta_wide_a40_50_g1125_dm150_b244_356_20260712-222028-919284/frames/beta_wide_a40_50_g1125_dm150_b244_356_20260712-222028-919284_frame_0000_final.png,docs/strategyA_band_parameter_study/final_frames_beta_width_shift_wide/beta_wide_a40_50_g1125_dm150_b244_356_20260712-222028-919284_frame_0000_final.png,1,run_outputs/strategyA_band_study_20260712/runs_coarse_beta_width_shift_wide/beta_wide_a40_50_g1125_dm150_b244_356_20260712-222028-919284/logs/frames.csv
beta_wide_a40_50_g1125_dm200_b194_306_20260712-221956-091821,runs_coarse_beta_width_shift_wide,OK,0.4,0.5,0.19375,0.30625,1.1250000000000004,-0.2,run_outputs/strategyA_band_study_20260712/fixed_mesh/smooth_star_h010_n220.msh,9110,73321,4,89.00104816000385,91.51572355400276,3.143623309602006e-12,1.470488285132163,1.1348111682008422,0.9344505940599701,0.2574891619421321,1.7403196547643713,0.9136513354725375,0.01828489205616227,0.006937431611747399,0.5221150779654627,0.4993948322641618,0.0,0.0,run_outputs/strategyA_band_study_20260712/runs_coarse_beta_width_shift_wide/beta_wide_a40_50_g1125_dm200_b194_306_20260712-221956-091821/out/summary.txt,run_outputs/strategyA_band_study_20260712/runs_coarse_beta_width_shift_wide/beta_wide_a40_50_g1125_dm200_b194_306_20260712-221956-091821/frames/beta_wide_a40_50_g1125_dm200_b194_306_20260712-221956-091821_frame_0000_final.png,docs/strategyA_band_parameter_study/final_frames_beta_width_shift_wide/beta_wide_a40_50_g1125_dm200_b194_306_20260712-221956-091821_frame_0000_final.png,1,run_outputs/strategyA_band_study_20260712/runs_coarse_beta_width_shift_wide/beta_wide_a40_50_g1125_dm200_b194_306_20260712-221956-091821/logs/frames.csv
beta_wide_a40_50_g1500_dp000_b375_525_20260712-225138-548183,runs_coarse_beta_width_shift_wide,OK,0.4,0.5,0.375,0.525,1.5000000000000007,0.0,run_outputs/strategyA_band_study_20260712/fixed_mesh/smooth_star_h010_n220.msh,9110,73321,4,133.7989595129984,136.25780319899786,3.1238145153820854e-13,1.479334095796158,1.1416376929918164,1.0020788837788064,0.3251174516609684,1.8600012999820843,0.9136513354725375,0.22424808331107804,0.0879609645015068,0.5717651002175517,0.4993948322641618,0.0,0.0,run_outputs/strategyA_band_study_20260712/runs_coarse_beta_width_shift_wide/beta_wide_a40_50_g1500_dp000_b375_525_20260712-225138-548183/out/summary.txt,run_outputs/strategyA_band_study_20260712/runs_coarse_beta_width_shift_wide/beta_wide_a40_50_g1500_dp000_b375_525_20260712-225138-548183/frames/beta_wide_a40_50_g1500_dp000_b375_525_20260712-225138-548183_frame_0000_final.png,docs/strategyA_band_parameter_study/final_frames_beta_width_shift_wide/beta_wide_a40_50_g1500_dp000_b375_525_20260712-225138-548183_frame_0000_final.png,1,run_outputs/strategyA_band_study_20260712/runs_coarse_beta_width_shift_wide/beta_wide_a40_50_g1500_dp000_b375_525_20260712-225138-548183/logs/frames.csv
beta_wide_a40_50_g1125_dm250_b144_256_20260712-221907-035813,runs_coarse_beta_width_shift_wide,OK,0.4,0.5,0.14375,0.25625,1.1250000000000002,-0.25,run_outputs/strategyA_band_study_20260712/fixed_mesh/smooth_star_h010_n220.msh,9110,73321,4,79.25234730000375,81.7161785069984,3.849505865290604e-12,1.4796986935237528,1.1419190618251205,0.9531156767902016,0.2761542446723636,1.760838297569414,0.9136513354725375,2.2681001536719647e-05,8.480569004382637e-06,0.531611157986087,0.4993948322641618,0.0,0.0,run_outputs/strategyA_band_study_20260712/runs_coarse_beta_width_shift_wide/beta_wide_a40_50_g1125_dm250_b144_256_20260712-221907-035813/out/summary.txt,run_outputs/strategyA_band_study_20260712/runs_coarse_beta_width_shift_wide/beta_wide_a40_50_g1125_dm250_b144_256_20260712-221907-035813/frames/beta_wide_a40_50_g1125_dm250_b144_256_20260712-221907-035813_frame_0000_final.png,docs/strategyA_band_parameter_study/final_frames_beta_width_shift_wide/beta_wide_a40_50_g1125_dm250_b144_256_20260712-221907-035813_frame_0000_final.png,1,run_outputs/strategyA_band_study_20260712/runs_coarse_beta_width_shift_wide/beta_wide_a40_50_g1125_dm250_b144_256_20260712-221907-035813/logs/frames.csv
beta_wide_a40_50_g1250_dm150_b238_363_20260712-223037-930292,runs_coarse_beta_width_shift_wide,OK,0.4,0.5,0.2375,0.3625,1.2500000000000002,-0.15000000000000002,run_outputs/strategyA_band_study_20260712/fixed_mesh/smooth_star_h010_n220.msh,9110,73321,4,92.23272188800183,94.83204030699562,1.5072178592508011e-12,1.4819135706722621,1.1436283357783608,0.9693189675875689,0.29235753546973087,1.8059915690172266,0.9136513354725375,0.057357757895666495,0.0215445584290793,0.5482391123526019,0.4993948322641618,0.0,0.0,run_outputs/strategyA_band_study_20260712/runs_coarse_beta_width_shift_wide/beta_wide_a40_50_g1250_dm150_b238_363_20260712-223037-930292/out/summary.txt,run_outputs/strategyA_band_study_20260712/runs_coarse_beta_width_shift_wide/beta_wide_a40_50_g1250_dm150_b238_363_20260712-223037-930292/frames/beta_wide_a40_50_g1250_dm150_b238_363_20260712-223037-930292_frame_0000_final.png,docs/strategyA_band_parameter_study/final_frames_beta_width_shift_wide/beta_wide_a40_50_g1250_dm150_b238_363_20260712-223037-930292_frame_0000_final.png,1,run_outputs/strategyA_band_study_20260712/runs_coarse_beta_width_shift_wide/beta_wide_a40_50_g1250_dm150_b238_363_20260712-223037-930292/logs/frames.csv
beta_wide_a40_50_g1375_dm100_b281_419_20260712-224115-968017,runs_coarse_beta_width_shift_wide,OK,0.4,0.5,0.28125,0.41875,1.3750000000000004,-0.10000000000000003,run_outputs/strategyA_band_study_20260712/fixed_mesh/smooth_star_h010_n220.msh,9110,73321,4,108.76597450299596,110.9673036430031,7.498137107638828e-13,1.4913296922118107,1.1508949831853856,0.9999466146713809,0.3229851825535429,1.8480608443613946,0.9136513354725375,0.10689742650914012,0.04026549361881681,0.5692136257440883,0.4993948322641618,0.0,0.0,run_outputs/strategyA_band_study_20260712/runs_coarse_beta_width_shift_wide/beta_wide_a40_50_g1375_dm100_b281_419_20260712-224115-968017/out/summary.txt,run_outputs/strategyA_band_study_20260712/runs_coarse_beta_width_shift_wide/beta_wide_a40_50_g1375_dm100_b281_419_20260712-224115-968017/frames/beta_wide_a40_50_g1375_dm100_b281_419_20260712-224115-968017_frame_0000_final.png,docs/strategyA_band_parameter_study/final_frames_beta_width_shift_wide/beta_wide_a40_50_g1375_dm100_b281_419_20260712-224115-968017_frame_0000_final.png,1,run_outputs/strategyA_band_study_20260712/runs_coarse_beta_width_shift_wide/beta_wide_a40_50_g1375_dm100_b281_419_20260712-224115-968017/logs/frames.csv
beta_wide_a40_50_g1250_dm200_b188_312_20260712-223002-575750,runs_coarse_beta_width_shift_wide,OK,0.4,0.5,0.1875,0.3125,1.2500000000000002,-0.2,run_outputs/strategyA_band_study_20260712/fixed_mesh/smooth_star_h010_n220.msh,9110,73321,4,83.78837115300121,86.13041997500113,1.8445436734298777e-12,1.4935146396352088,1.1525811596500837,0.9879955787650143,0.3110341466471763,1.8333453106670705,0.9136513354725375,0.02220818045595377,0.008150423688167551,0.5534654236178279,0.4993948322641618,0.0,0.0,run_outputs/strategyA_band_study_20260712/runs_coarse_beta_width_shift_wide/beta_wide_a40_50_g1250_dm200_b188_312_20260712-223002-575750/out/summary.txt,run_outputs/strategyA_band_study_20260712/runs_coarse_beta_width_shift_wide/beta_wide_a40_50_g1250_dm200_b188_312_20260712-223002-575750/frames/beta_wide_a40_50_g1250_dm200_b188_312_20260712-223002-575750_frame_0000_final.png,docs/strategyA_band_parameter_study/final_frames_beta_width_shift_wide/beta_wide_a40_50_g1250_dm200_b188_312_20260712-223002-575750_frame_0000_final.png,1,run_outputs/strategyA_band_study_20260712/runs_coarse_beta_width_shift_wide/beta_wide_a40_50_g1250_dm200_b188_312_20260712-223002-575750/logs/frames.csv
beta_wide_a40_50_g1500_dm050_b325_475_20260712-225110-281076,runs_coarse_beta_width_shift_wide,OK,0.4,0.5,0.325,0.475,1.5,-0.04999999999999999,run_outputs/strategyA_band_study_20260712/fixed_mesh/smooth_star_h010_n220.msh,9110,73321,4,141.947978643002,144.2331398410024,3.847332281990649e-13,1.497760098350185,1.15585748222443,1.0276366264685393,0.35067519435070127,1.9001084262841779,0.9136513354725375,0.16398533716050034,0.061886527259953146,0.5841679592692098,0.4993948322641618,0.0,0.0,run_outputs/strategyA_band_study_20260712/runs_coarse_beta_width_shift_wide/beta_wide_a40_50_g1500_dm050_b325_475_20260712-225110-281076/out/summary.txt,run_outputs/strategyA_band_study_20260712/runs_coarse_beta_width_shift_wide/beta_wide_a40_50_g1500_dm050_b325_475_20260712-225110-281076/frames/beta_wide_a40_50_g1500_dm050_b325_475_20260712-225110-281076_frame_0000_final.png,docs/strategyA_band_parameter_study/final_frames_beta_width_shift_wide/beta_wide_a40_50_g1500_dm050_b325_475_20260712-225110-281076_frame_0000_final.png,1,run_outputs/strategyA_band_study_20260712/runs_coarse_beta_width_shift_wide/beta_wide_a40_50_g1500_dm050_b325_475_20260712-225110-281076/logs/frames.csv
beta_wide_a40_50_g1250_dm250_b138_262_20260712-222907-590243,runs_coarse_beta_width_shift_wide,OK,0.4,0.5,0.1375,0.2625,1.2500000000000002,-0.25,run_outputs/strategyA_band_study_20260712/fixed_mesh/smooth_star_h010_n220.msh,9110,73321,4,87.82600810999429,90.35322293599893,2.2485682213382917e-12,1.502584653554236,1.1595807074840359,1.0064198279563574,0.3294583958385192,1.8594778372766863,0.9136513354725375,0.0011262257987585335,0.00040628593126046874,0.5693781846809257,0.4993948322641618,0.0,0.0,run_outputs/strategyA_band_study_20260712/runs_coarse_beta_width_shift_wide/beta_wide_a40_50_g1250_dm250_b138_262_20260712-222907-590243/out/summary.txt,run_outputs/strategyA_band_study_20260712/runs_coarse_beta_width_shift_wide/beta_wide_a40_50_g1250_dm250_b138_262_20260712-222907-590243/frames/beta_wide_a40_50_g1250_dm250_b138_262_20260712-222907-590243_frame_0000_final.png,docs/strategyA_band_parameter_study/final_frames_beta_width_shift_wide/beta_wide_a40_50_g1250_dm250_b138_262_20260712-222907-590243_frame_0000_final.png,1,run_outputs/strategyA_band_study_20260712/runs_coarse_beta_width_shift_wide/beta_wide_a40_50_g1250_dm250_b138_262_20260712-222907-590243/logs/frames.csv
beta_wide_a40_50_g1375_dm150_b231_369_20260712-223958-868759,runs_coarse_beta_width_shift_wide,OK,0.4,0.5,0.23125,0.36875,1.3750000000000004,-0.14999999999999997,run_outputs/strategyA_band_study_20260712/fixed_mesh/smooth_star_h010_n220.msh,9110,73321,4,74.90764854000008,77.17617285800225,9.175035999378937e-13,1.5046280512872632,1.1611576466490474,1.0221380523270023,0.3451766202091643,1.9026964118979262,0.9136513354725375,0.06221665435928926,0.022590302443180336,0.5781974020005666,0.4993948322641618,0.0,0.0,run_outputs/strategyA_band_study_20260712/runs_coarse_beta_width_shift_wide/beta_wide_a40_50_g1375_dm150_b231_369_20260712-223958-868759/out/summary.txt,run_outputs/strategyA_band_study_20260712/runs_coarse_beta_width_shift_wide/beta_wide_a40_50_g1375_dm150_b231_369_20260712-223958-868759/frames/beta_wide_a40_50_g1375_dm150_b231_369_20260712-223958-868759_frame_0000_final.png,docs/strategyA_band_parameter_study/final_frames_beta_width_shift_wide/beta_wide_a40_50_g1375_dm150_b231_369_20260712-223958-868759_frame_0000_final.png,1,run_outputs/strategyA_band_study_20260712/runs_coarse_beta_width_shift_wide/beta_wide_a40_50_g1375_dm150_b231_369_20260712-223958-868759/logs/frames.csv
beta_wide_a40_50_g1500_dm100_b275_425_20260712-224957-057655,runs_coarse_beta_width_shift_wide,OK,0.4,0.5,0.275,0.425,1.5,-0.10000000000000003,run_outputs/strategyA_band_study_20260712/fixed_mesh/smooth_star_h010_n220.msh,9110,73321,4,99.05664019799588,101.63492893300281,4.710207549158869e-13,1.512092997856721,1.1669185254147576,1.0510243861071407,0.37406295398930267,1.9485589440013764,0.9136513354725375,0.11175793041021563,0.04063256374838123,0.5987498834411422,0.4993948322641618,0.0,0.0,run_outputs/strategyA_band_study_20260712/runs_coarse_beta_width_shift_wide/beta_wide_a40_50_g1500_dm100_b275_425_20260712-224957-057655/out/summary.txt,run_outputs/strategyA_band_study_20260712/runs_coarse_beta_width_shift_wide/beta_wide_a40_50_g1500_dm100_b275_425_20260712-224957-057655/frames/beta_wide_a40_50_g1500_dm100_b275_425_20260712-224957-057655_frame_0000_final.png,docs/strategyA_band_parameter_study/final_frames_beta_width_shift_wide/beta_wide_a40_50_g1500_dm100_b275_425_20260712-224957-057655_frame_0000_final.png,1,run_outputs/strategyA_band_study_20260712/runs_coarse_beta_width_shift_wide/beta_wide_a40_50_g1500_dm100_b275_425_20260712-224957-057655/logs/frames.csv
beta_wide_a40_50_g1375_dm200_b181_319_20260712-223949-619008,runs_coarse_beta_width_shift_wide,OK,0.4,0.5,0.18125,0.31875,1.3750000000000002,-0.2,run_outputs/strategyA_band_study_20260712/fixed_mesh/smooth_star_h010_n220.msh,9110,73321,4,101.4867283870044,103.7269142130026,1.1180004764555444e-12,1.5143848804013638,1.168687226283824,1.0400341194531877,0.3630726873353497,1.9225533847845313,0.9136513354725375,0.026860431418674828,0.009561103466524947,0.5857985254131135,0.4993948322641618,0.0,0.0,run_outputs/strategyA_band_study_20260712/runs_coarse_beta_width_shift_wide/beta_wide_a40_50_g1375_dm200_b181_319_20260712-223949-619008/out/summary.txt,run_outputs/strategyA_band_study_20260712/runs_coarse_beta_width_shift_wide/beta_wide_a40_50_g1375_dm200_b181_319_20260712-223949-619008/frames/beta_wide_a40_50_g1375_dm200_b181_319_20260712-223949-619008_frame_0000_final.png,docs/strategyA_band_parameter_study/final_frames_beta_width_shift_wide/beta_wide_a40_50_g1375_dm200_b181_319_20260712-223949-619008_frame_0000_final.png,1,run_outputs/strategyA_band_study_20260712/runs_coarse_beta_width_shift_wide/beta_wide_a40_50_g1375_dm200_b181_319_20260712-223949-619008/logs/frames.csv
beta_wide_a40_50_g1375_dm250_b131_269_20260712-223850-747961,runs_coarse_beta_width_shift_wide,OK,0.4,0.5,0.13125,0.26875,1.3750000000000002,-0.25,run_outputs/strategyA_band_study_20260712/fixed_mesh/smooth_star_h010_n220.msh,9110,73321,4,65.82733725900471,67.86395767600334,1.3575634931158394e-12,1.5223020761724022,1.174797116632933,1.0563345427276292,0.3793731106097912,1.9568435737039265,0.9136513354725375,0.0037037381346985833,0.001291945563426819,0.6000727390262901,0.4993948322641618,0.0,0.0,run_outputs/strategyA_band_study_20260712/runs_coarse_beta_width_shift_wide/beta_wide_a40_50_g1375_dm250_b131_269_20260712-223850-747961/out/summary.txt,run_outputs/strategyA_band_study_20260712/runs_coarse_beta_width_shift_wide/beta_wide_a40_50_g1375_dm250_b131_269_20260712-223850-747961/frames/beta_wide_a40_50_g1375_dm250_b131_269_20260712-223850-747961_frame_0000_final.png,docs/strategyA_band_parameter_study/final_frames_beta_width_shift_wide/beta_wide_a40_50_g1375_dm250_b131_269_20260712-223850-747961_frame_0000_final.png,1,run_outputs/strategyA_band_study_20260712/runs_coarse_beta_width_shift_wide/beta_wide_a40_50_g1375_dm250_b131_269_20260712-223850-747961/logs/frames.csv
beta_wide_a40_50_g1500_dm150_b225_375_20260712-224947-638605,runs_coarse_beta_width_shift_wide,OK,0.4,0.5,0.225,0.375,1.5000000000000002,-0.15000000000000002,run_outputs/strategyA_band_study_20260712/fixed_mesh/smooth_star_h010_n220.msh,9110,73321,4,80.44280020800215,82.73029908099852,5.739880120822594e-13,1.5254753260569718,1.1772459898711023,1.0727013941986994,0.39573996208086115,1.991071996392664,0.9136513354725375,0.06778659636768657,0.023894292572512653,0.6065658014859808,0.4993948322641618,0.0,0.0,run_outputs/strategyA_band_study_20260712/runs_coarse_beta_width_shift_wide/beta_wide_a40_50_g1500_dm150_b225_375_20260712-224947-638605/out/summary.txt,run_outputs/strategyA_band_study_20260712/runs_coarse_beta_width_shift_wide/beta_wide_a40_50_g1500_dm150_b225_375_20260712-224947-638605/frames/beta_wide_a40_50_g1500_dm150_b225_375_20260712-224947-638605_frame_0000_final.png,docs/strategyA_band_parameter_study/final_frames_beta_width_shift_wide/beta_wide_a40_50_g1500_dm150_b225_375_20260712-224947-638605_frame_0000_final.png,1,run_outputs/strategyA_band_study_20260712/runs_coarse_beta_width_shift_wide/beta_wide_a40_50_g1500_dm150_b225_375_20260712-224947-638605/logs/frames.csv
beta_wide_a40_50_g1500_dm200_b175_325_20260712-224837-505956,runs_coarse_beta_width_shift_wide,OK,0.4,0.5,0.175,0.325,1.5000000000000007,-0.2,run_outputs/strategyA_band_study_20260712/fixed_mesh/smooth_star_h010_n220.msh,9110,73321,4,76.99752895100391,79.33235670700378,6.967633226322397e-13,1.535008366699887,1.1846028665615687,1.0911411086012524,0.41417967648341436,2.0128561866763093,0.9136513354725375,0.03213378180355809,0.01110215358702247,0.616544387996152,0.4993948322641618,0.0,0.0,run_outputs/strategyA_band_study_20260712/runs_coarse_beta_width_shift_wide/beta_wide_a40_50_g1500_dm200_b175_325_20260712-224837-505956/out/summary.txt,run_outputs/strategyA_band_study_20260712/runs_coarse_beta_width_shift_wide/beta_wide_a40_50_g1500_dm200_b175_325_20260712-224837-505956/frames/beta_wide_a40_50_g1500_dm200_b175_325_20260712-224837-505956_frame_0000_final.png,docs/strategyA_band_parameter_study/final_frames_beta_width_shift_wide/beta_wide_a40_50_g1500_dm200_b175_325_20260712-224837-505956_frame_0000_final.png,1,run_outputs/strategyA_band_study_20260712/runs_coarse_beta_width_shift_wide/beta_wide_a40_50_g1500_dm200_b175_325_20260712-224837-505956/logs/frames.csv
beta_wide_a40_50_g1500_dm250_b125_275_20260712-224829-098701,runs_coarse_beta_width_shift_wide,OK,0.4,0.5,0.125,0.275,1.5000000000000007,-0.25,run_outputs/strategyA_band_study_20260712/fixed_mesh/smooth_star_h010_n220.msh,9110,73321,4,76.22667568799807,78.75493469100184,8.431371425012921e-13,1.542043371480331,1.1900319489105495,1.1068598813558923,0.4298984492380543,2.066286341513653,0.9136513354725375,0.007272694644048704,0.002446523468755836,0.631302759649391,0.4993948322641618,0.0,0.0,run_outputs/strategyA_band_study_20260712/runs_coarse_beta_width_shift_wide/beta_wide_a40_50_g1500_dm250_b125_275_20260712-224829-098701/out/summary.txt,run_outputs/strategyA_band_study_20260712/runs_coarse_beta_width_shift_wide/beta_wide_a40_50_g1500_dm250_b125_275_20260712-224829-098701/frames/beta_wide_a40_50_g1500_dm250_b125_275_20260712-224829-098701_frame_0000_final.png,docs/strategyA_band_parameter_study/final_frames_beta_width_shift_wide/beta_wide_a40_50_g1500_dm250_b125_275_20260712-224829-098701_frame_0000_final.png,1,run_outputs/strategyA_band_study_20260712/runs_coarse_beta_width_shift_wide/beta_wide_a40_50_g1500_dm250_b125_275_20260712-224829-098701/logs/frames.csv
