sweep,suite,case,geometry,case_index,column,n,p,triangles,dofs,metric,family,status,time_ms,iterations,slowdown,winner,configuration,pp_degree,method,policy
h,oscillatory,cellular7_weak,square,0,0,32,6,2048,21056,fresh,asm,passed,194.9611429590732,150,3.4767978987237793,False,PP(24),24,asm_d24,
h,oscillatory,cellular7_weak,square,0,0,32,6,2048,21056,fresh,bj,not_tested,,,,False,,,,
h,oscillatory,cellular7_weak,square,0,0,32,6,2048,21056,fresh,amg,NC,,,,False,,,,
h,oscillatory,cellular7_weak,square,0,0,32,6,2048,21056,fresh,native,passed,1337.4270081985742,975,23.850718872618465,False,R,,native_hp_robust,robust
h,oscillatory,cellular7_weak,square,0,0,32,6,2048,21056,fresh,lu,passed,56.074913940392435,,1.0,True,P-LU$_{16}$,,pardiso_lu,
h,oscillatory,cellular7_weak,square,0,0,32,6,2048,21056,hot,asm,passed,156.7552056706821,150,29.238418129193075,False,PP(24),24,asm_d24,
h,oscillatory,cellular7_weak,square,0,0,32,6,2048,21056,hot,bj,not_tested,,,,False,,,,
h,oscillatory,cellular7_weak,square,0,0,32,6,2048,21056,hot,amg,NC,,,,False,,,,
h,oscillatory,cellular7_weak,square,0,0,32,6,2048,21056,hot,native,passed,1280.1434530022864,975,238.77592698811586,False,R,,native_hp_robust,robust
h,oscillatory,cellular7_weak,square,0,0,32,6,2048,21056,hot,lu,passed,5.361275188624859,,1.0,True,P-LU$_{16}$,,pardiso_lu,
h,oscillatory,cellular7_weak,square,0,1,64,6,8192,85120,fresh,asm,passed,357.408348005265,150,1.4880311583632926,False,PP(24),24,asm_d24,
h,oscillatory,cellular7_weak,square,0,1,64,6,8192,85120,fresh,bj,not_tested,,,,False,,,,
h,oscillatory,cellular7_weak,square,0,1,64,6,8192,85120,fresh,amg,passed,7129.100601072423,672,29.68124243518221,False,B,,amg_pbicgstab,
h,oscillatory,cellular7_weak,square,0,1,64,6,8192,85120,fresh,native,NC,,,,False,,,,
h,oscillatory,cellular7_weak,square,0,1,64,6,8192,85120,fresh,lu,passed,240.1887527666986,,1.0,True,P-LU$_{16}$,,pardiso_lu,
h,oscillatory,cellular7_weak,square,0,1,64,6,8192,85120,hot,asm,passed,245.19898765720427,150,7.03791927078309,False,PP(24),24,asm_d24,
h,oscillatory,cellular7_weak,square,0,1,64,6,8192,85120,hot,bj,not_tested,,,,False,,,,
h,oscillatory,cellular7_weak,square,0,1,64,6,8192,85120,hot,amg,passed,6809.642369354454,672,195.45640753387755,False,B,,amg_pbicgstab,
h,oscillatory,cellular7_weak,square,0,1,64,6,8192,85120,hot,native,NC,,,,False,,,,
h,oscillatory,cellular7_weak,square,0,1,64,6,8192,85120,hot,lu,passed,34.839698811993,,1.0,True,P-LU$_{16}$,,pardiso_lu,
h,oscillatory,cellular7_weak,square,0,2,128,6,32768,342272,fresh,asm,passed,2108.2710449118167,225,1.714313392774437,False,PP(24),24,asm_d24,
h,oscillatory,cellular7_weak,square,0,2,128,6,32768,342272,fresh,bj,not_tested,,,,False,,,,
h,oscillatory,cellular7_weak,square,0,2,128,6,32768,342272,fresh,amg,passed,16311.980667058378,896,13.263876572087307,False,B,,amg_pbicgstab,
h,oscillatory,cellular7_weak,square,0,2,128,6,32768,342272,fresh,native,NC,,,,False,,,,
h,oscillatory,cellular7_weak,square,0,2,128,6,32768,342272,fresh,lu,passed,1229.8049200326204,,1.0,True,P-LU$_{16}$,,pardiso_lu,
h,oscillatory,cellular7_weak,square,0,2,128,6,32768,342272,hot,asm,passed,1646.4880713416885,225,7.298958780531953,False,PP(24),24,asm_d24,
h,oscillatory,cellular7_weak,square,0,2,128,6,32768,342272,hot,bj,not_tested,,,,False,,,,
h,oscillatory,cellular7_weak,square,0,2,128,6,32768,342272,hot,amg,passed,15752.25526734721,896,69.83048580673521,False,B,,amg_pbicgstab,
h,oscillatory,cellular7_weak,square,0,2,128,6,32768,342272,hot,native,NC,,,,False,,,,
h,oscillatory,cellular7_weak,square,0,2,128,6,32768,342272,hot,lu,passed,225.57848603464663,,1.0,True,P-LU$_{16}$,,pardiso_lu,
h,oscillatory,cellular7_weak,square,0,3,223,6,99458,1041187,fresh,asm,passed,8040.607205010019,300,1.981702646585511,False,PP(24),24,asm_d24,
h,oscillatory,cellular7_weak,square,0,3,223,6,99458,1041187,fresh,bj,not_tested,,,,False,,,,
h,oscillatory,cellular7_weak,square,0,3,223,6,99458,1041187,fresh,amg,passed,17811.753623071127,932,4.389917128792903,False,F,,amg_fgmres,
h,oscillatory,cellular7_weak,square,0,3,223,6,99458,1041187,fresh,native,NC,,,,False,,,,
h,oscillatory,cellular7_weak,square,0,3,223,6,99458,1041187,fresh,lu,passed,4057.423659833148,,1.0,True,P-LU$_{16}$,,pardiso_lu,
h,oscillatory,cellular7_weak,square,0,3,223,6,99458,1041187,hot,asm,passed,6915.066415987288,300,10.120239431264077,False,PP(24),24,asm_d24,
h,oscillatory,cellular7_weak,square,0,3,223,6,99458,1041187,hot,bj,not_tested,,,,False,,,,
h,oscillatory,cellular7_weak,square,0,3,223,6,99458,1041187,hot,amg,passed,17054.304928674053,932,24.959073250972768,False,F,,amg_fgmres,
h,oscillatory,cellular7_weak,square,0,3,223,6,99458,1041187,hot,native,NC,,,,False,,,,
h,oscillatory,cellular7_weak,square,0,3,223,6,99458,1041187,hot,lu,passed,683.2907919771969,,1.0,True,P-LU$_{8}$,,pardiso_lu,
h,oscillatory,cellular7_weak,annulus,1,0,32,6,2043,20482,fresh,asm,passed,176.6548230079934,150,3.2214316431568846,False,PP(24),24,asm_d24,
h,oscillatory,cellular7_weak,annulus,1,0,32,6,2043,20482,fresh,bj,not_tested,,,,False,,,,
h,oscillatory,cellular7_weak,annulus,1,0,32,6,2043,20482,fresh,amg,passed,1494.3895530886948,436,27.251301218677543,False,F,,amg_fgmres,
h,oscillatory,cellular7_weak,annulus,1,0,32,6,2043,20482,fresh,native,passed,1047.0507311401889,750,19.093746209991288,False,R,,native_hp_robust,robust
h,oscillatory,cellular7_weak,annulus,1,0,32,6,2043,20482,fresh,lu,passed,54.83736505266279,,1.0,True,P-LU$_{12}$,,pardiso_lu,
h,oscillatory,cellular7_weak,annulus,1,0,32,6,2043,20482,hot,asm,passed,142.29997464766106,150,26.74823132886041,False,PP(24),24,asm_d24,
h,oscillatory,cellular7_weak,annulus,1,0,32,6,2043,20482,hot,bj,not_tested,,,,False,,,,
h,oscillatory,cellular7_weak,annulus,1,0,32,6,2043,20482,hot,amg,passed,1394.2257553183783,436,262.07364491982423,False,F,,amg_fgmres,
h,oscillatory,cellular7_weak,annulus,1,0,32,6,2043,20482,hot,native,passed,1000.5535566791272,750,188.0747909986169,False,R,,native_hp_robust,robust
h,oscillatory,cellular7_weak,annulus,1,0,32,6,2043,20482,hot,lu,passed,5.319976969622076,,1.0,True,P-LU$_{12}$,,pardiso_lu,
h,oscillatory,cellular7_weak,annulus,1,1,64,6,8039,82495,fresh,asm,passed,318.6823958531022,150,1.4056446705744012,False,PP(24),24,asm_d24,
h,oscillatory,cellular7_weak,annulus,1,1,64,6,8039,82495,fresh,bj,not_tested,,,,False,,,,
h,oscillatory,cellular7_weak,annulus,1,1,64,6,8039,82495,fresh,amg,NC,,,,False,,,,
h,oscillatory,cellular7_weak,annulus,1,1,64,6,8039,82495,fresh,native,NC,,,,False,,,,
h,oscillatory,cellular7_weak,annulus,1,1,64,6,8039,82495,fresh,lu,passed,226.71618405729532,,1.0,True,P-LU$_{16}$,,pardiso_lu,
h,oscillatory,cellular7_weak,annulus,1,1,64,6,8039,82495,hot,asm,passed,226.44980003436407,150,7.08488669954337,False,PP(24),24,asm_d24,
h,oscillatory,cellular7_weak,annulus,1,1,64,6,8039,82495,hot,bj,not_tested,,,,False,,,,
h,oscillatory,cellular7_weak,annulus,1,1,64,6,8039,82495,hot,amg,NC,,,,False,,,,
h,oscillatory,cellular7_weak,annulus,1,1,64,6,8039,82495,hot,native,NC,,,,False,,,,
h,oscillatory,cellular7_weak,annulus,1,1,64,6,8039,82495,hot,lu,passed,31.962374225258827,,1.0,True,P-LU$_{16}$,,pardiso_lu,
h,oscillatory,cellular7_weak,annulus,1,2,128,6,33174,344631,fresh,asm,passed,2632.159476983361,300,2.06673461545693,False,PP(24),24,asm_d24,
h,oscillatory,cellular7_weak,annulus,1,2,128,6,33174,344631,fresh,bj,not_tested,,,,False,,,,
h,oscillatory,cellular7_weak,annulus,1,2,128,6,33174,344631,fresh,amg,passed,14969.64323404245,889,11.753953407220445,False,B,,amg_pbicgstab,
h,oscillatory,cellular7_weak,annulus,1,2,128,6,33174,344631,fresh,native,NC,,,,False,,,,
h,oscillatory,cellular7_weak,annulus,1,2,128,6,33174,344631,fresh,lu,passed,1273.5836799256504,,1.0,True,P-LU$_{16}$,,pardiso_lu,
h,oscillatory,cellular7_weak,annulus,1,2,128,6,33174,344631,hot,asm,passed,2251.2541223550215,300,10.132948452721024,False,PP(24),24,asm_d24,
h,oscillatory,cellular7_weak,annulus,1,2,128,6,33174,344631,hot,bj,not_tested,,,,False,,,,
h,oscillatory,cellular7_weak,annulus,1,2,128,6,33174,344631,hot,amg,passed,14581.00083101696,889,65.62943220964257,False,B,,amg_pbicgstab,
h,oscillatory,cellular7_weak,annulus,1,2,128,6,33174,344631,hot,native,NC,,,,False,,,,
h,oscillatory,cellular7_weak,annulus,1,2,128,6,33174,344631,hot,lu,passed,222.17167420312762,,1.0,True,P-LU$_{16}$,,pardiso_lu,
h,oscillatory,cellular7_weak,annulus,1,3,223,6,99984,1043392,fresh,asm,passed,13773.300637141801,525,3.254803661982447,False,PP(24),24,asm_d24,
h,oscillatory,cellular7_weak,annulus,1,3,223,6,99984,1043392,fresh,bj,not_tested,,,,False,,,,
h,oscillatory,cellular7_weak,annulus,1,3,223,6,99984,1043392,fresh,amg,passed,16961.26184996683,948,4.008158874587038,False,F,,amg_fgmres,
h,oscillatory,cellular7_weak,annulus,1,3,223,6,99984,1043392,fresh,native,NC,,,,False,,,,
h,oscillatory,cellular7_weak,annulus,1,3,223,6,99984,1043392,fresh,lu,passed,4231.684017693624,,1.0,True,P-LU$_{16}$,,pardiso_lu,
h,oscillatory,cellular7_weak,annulus,1,3,223,6,99984,1043392,hot,asm,passed,12369.244520009184,525,17.951813554116697,False,PP(24),24,asm_d24,
h,oscillatory,cellular7_weak,annulus,1,3,223,6,99984,1043392,hot,bj,not_tested,,,,False,,,,
h,oscillatory,cellular7_weak,annulus,1,3,223,6,99984,1043392,hot,amg,passed,16389.561309323955,948,23.786606237979836,False,F,,amg_fgmres,
h,oscillatory,cellular7_weak,annulus,1,3,223,6,99984,1043392,hot,native,NC,,,,False,,,,
h,oscillatory,cellular7_weak,annulus,1,3,223,6,99984,1043392,hot,lu,passed,689.0247875358909,,1.0,True,P-LU$_{16}$,,pardiso_lu,
h,oscillatory,cellular7_directional,square,2,0,32,6,2048,21056,fresh,asm,passed,99.42044015042484,31,1.9324650638999927,False,PP(48),48,asm_d48,
h,oscillatory,cellular7_directional,square,2,0,32,6,2048,21056,fresh,bj,not_tested,,,,False,,,,
h,oscillatory,cellular7_directional,square,2,0,32,6,2048,21056,fresh,amg,NC,,,,False,,,,
h,oscillatory,cellular7_directional,square,2,0,32,6,2048,21056,fresh,native,passed,353.00367197487503,225,6.861438779467564,False,R,,native_hp_robust,robust
h,oscillatory,cellular7_directional,square,2,0,32,6,2048,21056,fresh,lu,passed,51.44747090525925,,1.0,True,P-LU$_{16}$,,pardiso_lu,
h,oscillatory,cellular7_directional,square,2,0,32,6,2048,21056,hot,asm,passed,57.24521000714352,31,10.658053318435156,False,PP(48),48,asm_d48,
h,oscillatory,cellular7_directional,square,2,0,32,6,2048,21056,hot,bj,not_tested,,,,False,,,,
h,oscillatory,cellular7_directional,square,2,0,32,6,2048,21056,hot,amg,NC,,,,False,,,,
h,oscillatory,cellular7_directional,square,2,0,32,6,2048,21056,hot,native,passed,290.5051913112402,225,54.08696758892198,False,R,,native_hp_robust,robust
h,oscillatory,cellular7_directional,square,2,0,32,6,2048,21056,hot,lu,passed,5.371075589209795,,1.0,True,P-LU$_{16}$,,pardiso_lu,
h,oscillatory,cellular7_directional,square,2,1,64,6,8192,85120,fresh,asm,passed,496.371838147752,132,2.1783974369647034,False,PP(48),48,asm_d48,
h,oscillatory,cellular7_directional,square,2,1,64,6,8192,85120,fresh,bj,not_tested,,,,False,,,,
h,oscillatory,cellular7_directional,square,2,1,64,6,8192,85120,fresh,amg,NC,,,,False,,,,
h,oscillatory,cellular7_directional,square,2,1,64,6,8192,85120,fresh,native,passed,695.155717083253,525,3.0507883727576797,False,S,,native_hp_standard,standard
h,oscillatory,cellular7_directional,square,2,1,64,6,8192,85120,fresh,lu,passed,227.8610090725124,,1.0,True,P-LU$_{16}$,,pardiso_lu,
h,oscillatory,cellular7_directional,square,2,1,64,6,8192,85120,hot,asm,passed,370.92698997973156,132,10.230363845953772,False,PP(48),48,asm_d48,
h,oscillatory,cellular7_directional,square,2,1,64,6,8192,85120,hot,bj,not_tested,,,,False,,,,
h,oscillatory,cellular7_directional,square,2,1,64,6,8192,85120,hot,amg,NC,,,,False,,,,
h,oscillatory,cellular7_directional,square,2,1,64,6,8192,85120,hot,native,passed,572.3675500291089,525,15.786201728633698,False,S,,native_hp_standard,standard
h,oscillatory,cellular7_directional,square,2,1,64,6,8192,85120,hot,lu,passed,36.25745824538171,,1.0,True,P-LU$_{16}$,,pardiso_lu,
h,oscillatory,cellular7_directional,square,2,2,128,6,32768,342272,fresh,asm,passed,2555.5941920029,150,1.972015848948551,False,PP(48),48,asm_d48,
h,oscillatory,cellular7_directional,square,2,2,128,6,32768,342272,fresh,bj,not_tested,,,,False,,,,
h,oscillatory,cellular7_directional,square,2,2,128,6,32768,342272,fresh,amg,NC,,,,False,,,,
h,oscillatory,cellular7_directional,square,2,2,128,6,32768,342272,fresh,native,passed,1769.2780460929498,600,1.3652575823697377,False,S,,native_hp_standard,standard
h,oscillatory,cellular7_directional,square,2,2,128,6,32768,342272,fresh,lu,passed,1295.9298442583531,,1.0,True,P-LU$_{16}$,,pardiso_lu,
h,oscillatory,cellular7_directional,square,2,2,128,6,32768,342272,hot,asm,passed,2077.4169563471028,150,8.916356461776113,False,PP(48),48,asm_d48,
h,oscillatory,cellular7_directional,square,2,2,128,6,32768,342272,hot,bj,not_tested,,,,False,,,,
h,oscillatory,cellular7_directional,square,2,2,128,6,32768,342272,hot,amg,NC,,,,False,,,,
h,oscillatory,cellular7_directional,square,2,2,128,6,32768,342272,hot,native,passed,1317.5919046625495,600,5.655157024317125,False,S,,native_hp_standard,standard
h,oscillatory,cellular7_directional,square,2,2,128,6,32768,342272,hot,lu,passed,232.98944644629955,,1.0,True,P-LU$_{16}$,,pardiso_lu,
h,oscillatory,cellular7_directional,square,2,3,223,6,99458,1041187,fresh,asm,passed,12254.589355899952,600,3.1860017497448467,False,PP(20),20,asm_d20_tuned,
h,oscillatory,cellular7_directional,square,2,3,223,6,99458,1041187,fresh,bj,not_tested,,,,False,,,,
h,oscillatory,cellular7_directional,square,2,3,223,6,99458,1041187,fresh,amg,NC,,,,False,,,,
h,oscillatory,cellular7_directional,square,2,3,223,6,99458,1041187,fresh,native,passed,4019.9496790301055,600,1.0451241032495282,False,S,,native_hp_standard,standard
h,oscillatory,cellular7_directional,square,2,3,223,6,99458,1041187,fresh,lu,passed,3846.385004930198,,1.0,True,P-LU$_{24}$,,pardiso_lu,
h,oscillatory,cellular7_directional,square,2,3,223,6,99458,1041187,hot,asm,passed,11214.389420696534,600,16.096287861349406,False,PP(20),20,asm_d20_tuned,
h,oscillatory,cellular7_directional,square,2,3,223,6,99458,1041187,hot,bj,not_tested,,,,False,,,,
h,oscillatory,cellular7_directional,square,2,3,223,6,99458,1041187,hot,amg,NC,,,,False,,,,
h,oscillatory,cellular7_directional,square,2,3,223,6,99458,1041187,hot,native,passed,2751.0763510751226,600,3.948687281514567,False,S,,native_hp_standard,standard
h,oscillatory,cellular7_directional,square,2,3,223,6,99458,1041187,hot,lu,passed,696.7065647244453,,1.0,True,P-LU$_{16}$,,pardiso_lu,
h,oscillatory,cellular7_directional,annulus,3,0,32,6,2043,20482,fresh,asm,passed,67.93910101987422,11,1.2354512697534092,False,PP(48),48,asm_d48,
h,oscillatory,cellular7_directional,annulus,3,0,32,6,2043,20482,fresh,bj,not_tested,,,,False,,,,
h,oscillatory,cellular7_directional,annulus,3,0,32,6,2043,20482,fresh,amg,NC,,,,False,,,,
h,oscillatory,cellular7_directional,annulus,3,0,32,6,2043,20482,fresh,native,passed,259.0390470577404,150,4.710543925354269,False,R,,native_hp_robust,robust
h,oscillatory,cellular7_directional,annulus,3,0,32,6,2043,20482,fresh,lu,passed,54.991323966532946,,1.0,True,P-LU$_{16}$,,pardiso_lu,
h,oscillatory,cellular7_directional,annulus,3,0,32,6,2043,20482,hot,asm,passed,20.395817002281547,11,3.8786372283058084,False,PP(48),48,asm_d48,
h,oscillatory,cellular7_directional,annulus,3,0,32,6,2043,20482,hot,bj,not_tested,,,,False,,,,
h,oscillatory,cellular7_directional,annulus,3,0,32,6,2043,20482,hot,amg,NC,,,,False,,,,
h,oscillatory,cellular7_directional,annulus,3,0,32,6,2043,20482,hot,native,passed,206.05101467420658,150,39.184364929150085,False,R,,native_hp_robust,robust
h,oscillatory,cellular7_directional,annulus,3,0,32,6,2043,20482,hot,lu,passed,5.258500808849931,,1.0,True,P-LU$_{12}$,,pardiso_lu,
h,oscillatory,cellular7_directional,annulus,3,1,64,6,8039,82495,fresh,asm,passed,175.30690599232912,27,1.0,True,PP(48),48,asm_d48,
h,oscillatory,cellular7_directional,annulus,3,1,64,6,8039,82495,fresh,bj,not_tested,,,,False,,,,
h,oscillatory,cellular7_directional,annulus,3,1,64,6,8039,82495,fresh,amg,NC,,,,False,,,,
h,oscillatory,cellular7_directional,annulus,3,1,64,6,8039,82495,fresh,native,passed,466.6860910365358,150,2.662108993338554,False,R,,native_hp_robust,robust
h,oscillatory,cellular7_directional,annulus,3,1,64,6,8039,82495,fresh,lu,passed,225.65418109297752,,1.2871950469700917,False,P-LU$_{16}$,,pardiso_lu,
h,oscillatory,cellular7_directional,annulus,3,1,64,6,8039,82495,hot,asm,passed,74.66051063966006,27,2.3303094721095174,False,PP(48),48,asm_d48,
h,oscillatory,cellular7_directional,annulus,3,1,64,6,8039,82495,hot,bj,not_tested,,,,False,,,,
h,oscillatory,cellular7_directional,annulus,3,1,64,6,8039,82495,hot,amg,NC,,,,False,,,,
h,oscillatory,cellular7_directional,annulus,3,1,64,6,8039,82495,hot,native,passed,334.9097379638503,150,10.45322792453955,False,R,,native_hp_robust,robust
h,oscillatory,cellular7_directional,annulus,3,1,64,6,8039,82495,hot,lu,passed,32.038882188498974,,1.0,True,P-LU$_{16}$,,pardiso_lu,
h,oscillatory,cellular7_directional,annulus,3,2,128,6,33174,344631,fresh,asm,passed,2147.769206087105,123,1.735230379260874,False,PP(48),48,asm_d48,
h,oscillatory,cellular7_directional,annulus,3,2,128,6,33174,344631,fresh,bj,not_tested,,,,False,,,,
h,oscillatory,cellular7_directional,annulus,3,2,128,6,33174,344631,fresh,amg,NC,,,,False,,,,
h,oscillatory,cellular7_directional,annulus,3,2,128,6,33174,344631,fresh,native,passed,1417.7347350632772,450,1.1454193379078523,False,S,,native_hp_standard,standard
h,oscillatory,cellular7_directional,annulus,3,2,128,6,33174,344631,fresh,lu,passed,1237.7429716289043,,1.0,True,P-LU$_{16}$,,pardiso_lu,
h,oscillatory,cellular7_directional,annulus,3,2,128,6,33174,344631,hot,asm,passed,1756.9896589654188,123,7.988770149865657,False,PP(48),48,asm_d48,
h,oscillatory,cellular7_directional,annulus,3,2,128,6,33174,344631,hot,bj,not_tested,,,,False,,,,
h,oscillatory,cellular7_directional,annulus,3,2,128,6,33174,344631,hot,amg,NC,,,,False,,,,
h,oscillatory,cellular7_directional,annulus,3,2,128,6,33174,344631,hot,native,passed,980.7319790124893,450,4.459242158298812,False,S,,native_hp_standard,standard
h,oscillatory,cellular7_directional,annulus,3,2,128,6,33174,344631,hot,lu,passed,219.93243340402842,,1.0,True,P-LU$_{8}$,,pardiso_lu,
h,oscillatory,cellular7_directional,annulus,3,3,223,6,99984,1043392,fresh,asm,passed,5023.962302948348,150,1.6680874788496152,False,PP(29),29,asm_d29_tuned,
h,oscillatory,cellular7_directional,annulus,3,3,223,6,99984,1043392,fresh,bj,not_tested,,,,False,,,,
h,oscillatory,cellular7_directional,annulus,3,3,223,6,99984,1043392,fresh,amg,NC,,,,False,,,,
h,oscillatory,cellular7_directional,annulus,3,3,223,6,99984,1043392,fresh,native,passed,3011.809852090664,375,1.0,True,S,,native_hp_standard,standard
h,oscillatory,cellular7_directional,annulus,3,3,223,6,99984,1043392,fresh,lu,passed,4177.153545897454,,1.3869247233512634,False,P-LU$_{24}$,,pardiso_lu,
h,oscillatory,cellular7_directional,annulus,3,3,223,6,99984,1043392,hot,asm,passed,3994.48373199751,150,5.824101437716512,False,PP(29),29,asm_d29_tuned,
h,oscillatory,cellular7_directional,annulus,3,3,223,6,99984,1043392,hot,bj,not_tested,,,,False,,,,
h,oscillatory,cellular7_directional,annulus,3,3,223,6,99984,1043392,hot,amg,NC,,,,False,,,,
h,oscillatory,cellular7_directional,annulus,3,3,223,6,99984,1043392,hot,native,passed,1730.8161950204521,375,2.5235924755664825,False,S,,native_hp_standard,standard
h,oscillatory,cellular7_directional,annulus,3,3,223,6,99984,1043392,hot,lu,passed,685.8540797606111,,1.0,True,P-LU$_{16}$,,pardiso_lu,
h,oscillatory,cellular7_high,square,4,0,32,6,2048,21056,fresh,asm,passed,51.6329420497641,14,1.0227345720453618,False,PP(24),24,asm_d24,
h,oscillatory,cellular7_high,square,4,0,32,6,2048,21056,fresh,bj,not_tested,,,,False,,,,
h,oscillatory,cellular7_high,square,4,0,32,6,2048,21056,fresh,amg,passed,366.6477638762444,45,7.262482612707771,False,F,,amg_fgmres,
h,oscillatory,cellular7_high,square,4,0,32,6,2048,21056,fresh,native,passed,76.09672099351883,29,1.5073080148009375,False,S,,native_hp_standard,standard
h,oscillatory,cellular7_high,square,4,0,32,6,2048,21056,fresh,lu,passed,50.48518301919103,,1.0,True,P-LU$_{16}$,,pardiso_lu,
h,oscillatory,cellular7_high,square,4,0,32,6,2048,21056,hot,asm,passed,15.066121666071316,14,2.807498990781733,False,PP(24),24,asm_d24,
h,oscillatory,cellular7_high,square,4,0,32,6,2048,21056,hot,bj,not_tested,,,,False,,,,
h,oscillatory,cellular7_high,square,4,0,32,6,2048,21056,hot,amg,passed,132.10437365341932,45,24.617011858138017,False,F,,amg_fgmres,
h,oscillatory,cellular7_high,square,4,0,32,6,2048,21056,hot,native,passed,21.88150635144363,29,4.077513003018336,False,S,,native_hp_standard,standard
h,oscillatory,cellular7_high,square,4,0,32,6,2048,21056,hot,lu,passed,5.366385425440967,,1.0,True,P-LU$_{16}$,,pardiso_lu,
h,oscillatory,cellular7_high,square,4,1,64,6,8192,85120,fresh,asm,passed,156.14940598607063,27,1.0,True,PP(24),24,asm_d24,
h,oscillatory,cellular7_high,square,4,1,64,6,8192,85120,fresh,bj,not_tested,,,,False,,,,
h,oscillatory,cellular7_high,square,4,1,64,6,8192,85120,fresh,amg,passed,380.7756219757721,27,2.438533912897109,False,B,,amg_pbicgstab,
h,oscillatory,cellular7_high,square,4,1,64,6,8192,85120,fresh,native,passed,174.11871999502182,65,1.1150776968729177,False,S,,native_hp_standard,standard
h,oscillatory,cellular7_high,square,4,1,64,6,8192,85120,fresh,lu,passed,220.24269215762615,,1.4104612871679638,False,P-LU$_{12}$,,pardiso_lu,
h,oscillatory,cellular7_high,square,4,1,64,6,8192,85120,hot,asm,passed,43.02695898028711,27,1.231323412659775,False,PP(24),24,asm_d24,
h,oscillatory,cellular7_high,square,4,1,64,6,8192,85120,hot,bj,not_tested,,,,False,,,,
h,oscillatory,cellular7_high,square,4,1,64,6,8192,85120,hot,amg,passed,138.97317632411918,27,3.977062980862358,False,B,,amg_pbicgstab,
h,oscillatory,cellular7_high,square,4,1,64,6,8192,85120,hot,native,passed,57.09633134150257,65,1.633953484604435,False,S,,native_hp_standard,standard
h,oscillatory,cellular7_high,square,4,1,64,6,8192,85120,hot,lu,passed,34.94366998784244,,1.0,True,P-LU$_{16}$,,pardiso_lu,
h,oscillatory,cellular7_high,square,4,2,128,6,32768,342272,fresh,asm,passed,1302.0379730733112,115,2.828499744915167,False,PP(24),24,asm_d24,
h,oscillatory,cellular7_high,square,4,2,128,6,32768,342272,fresh,bj,not_tested,,,,False,,,,
h,oscillatory,cellular7_high,square,4,2,128,6,32768,342272,fresh,amg,passed,460.32812108751386,28,1.0,True,B,,amg_pbicgstab,
h,oscillatory,cellular7_high,square,4,2,128,6,32768,342272,fresh,native,passed,546.3206151034683,71,1.1868069537285693,False,S,,native_hp_standard,standard
h,oscillatory,cellular7_high,square,4,2,128,6,32768,342272,fresh,lu,passed,1212.2297030873597,,2.633403538813785,False,P-LU$_{16}$,,pardiso_lu,
h,oscillatory,cellular7_high,square,4,2,128,6,32768,342272,hot,asm,passed,842.7009502969062,115,6.6646454145501695,False,PP(24),24,asm_d24,
h,oscillatory,cellular7_high,square,4,2,128,6,32768,342272,hot,bj,not_tested,,,,False,,,,
h,oscillatory,cellular7_high,square,4,2,128,6,32768,342272,hot,amg,passed,170.42205630180737,28,1.3478121457794459,False,B,,amg_pbicgstab,
h,oscillatory,cellular7_high,square,4,2,128,6,32768,342272,hot,native,passed,126.44347866686682,71,1.0,True,S,,native_hp_standard,standard
h,oscillatory,cellular7_high,square,4,2,128,6,32768,342272,hot,lu,passed,235.49741762690246,,1.8624718341335231,False,P-LU$_{8}$,,pardiso_lu,
h,oscillatory,cellular7_high,square,4,3,223,6,99458,1041187,fresh,asm,passed,4602.065242012031,150,6.315793226704754,False,PP(24),24,asm_d24,
h,oscillatory,cellular7_high,square,4,3,223,6,99458,1041187,fresh,bj,not_tested,,,,False,,,,
h,oscillatory,cellular7_high,square,4,3,223,6,99458,1041187,fresh,amg,passed,728.6598969949409,29,1.0,True,B,,amg_pbicgstab,
h,oscillatory,cellular7_high,square,4,3,223,6,99458,1041187,fresh,native,passed,1540.6857390189543,74,2.114409953632526,False,S,,native_hp_standard,standard
h,oscillatory,cellular7_high,square,4,3,223,6,99458,1041187,fresh,lu,passed,3822.6914580445737,,5.24619438205629,False,P-LU$_{24}$,,pardiso_lu,
h,oscillatory,cellular7_high,square,4,3,223,6,99458,1041187,hot,asm,passed,3463.0467580088102,150,13.42635134008772,False,PP(24),24,asm_d24,
h,oscillatory,cellular7_high,square,4,3,223,6,99458,1041187,hot,bj,not_tested,,,,False,,,,
h,oscillatory,cellular7_high,square,4,3,223,6,99458,1041187,hot,amg,passed,257.92910302213085,29,1.0,True,B,,amg_pbicgstab,
h,oscillatory,cellular7_high,square,4,3,223,6,99458,1041187,hot,native,passed,299.01419366554666,74,1.159288308926855,False,S,,native_hp_standard,standard
h,oscillatory,cellular7_high,square,4,3,223,6,99458,1041187,hot,lu,passed,681.9293336477131,,2.6438634712314806,False,P-LU$_{8}$,,pardiso_lu,
h,oscillatory,cellular7_high,annulus,5,0,32,6,2043,20482,fresh,asm,passed,46.43776104785502,11,1.0,True,PP(24),24,asm_d24,
h,oscillatory,cellular7_high,annulus,5,0,32,6,2043,20482,fresh,bj,not_tested,,,,False,,,,
h,oscillatory,cellular7_high,annulus,5,0,32,6,2043,20482,fresh,amg,passed,370.5952090676874,41,7.980471080114776,False,F,,amg_fgmres,
h,oscillatory,cellular7_high,annulus,5,0,32,6,2043,20482,fresh,native,passed,73.24587798211724,27,1.5772913320828696,False,S,,native_hp_standard,standard
h,oscillatory,cellular7_high,annulus,5,0,32,6,2043,20482,fresh,lu,passed,50.617231987416744,,1.0900015600505524,False,P-LU$_{8}$,,pardiso_lu,
h,oscillatory,cellular7_high,annulus,5,0,32,6,2043,20482,hot,asm,passed,12.149429996497929,11,2.278390594840204,False,PP(24),24,asm_d24,
h,oscillatory,cellular7_high,annulus,5,0,32,6,2043,20482,hot,bj,not_tested,,,,False,,,,
h,oscillatory,cellular7_high,annulus,5,0,32,6,2043,20482,hot,amg,passed,124.04173430210601,41,23.261627984444516,False,F,,amg_fgmres,
h,oscillatory,cellular7_high,annulus,5,0,32,6,2043,20482,hot,native,passed,22.01691933441907,27,4.12884735772422,False,S,,native_hp_standard,standard
h,oscillatory,cellular7_high,annulus,5,0,32,6,2043,20482,hot,lu,passed,5.3324614418670535,,1.0,True,P-LU$_{12}$,,pardiso_lu,
h,oscillatory,cellular7_high,annulus,5,1,64,6,8039,82495,fresh,asm,passed,123.66805609781295,22,1.0,True,PP(24),24,asm_d24,
h,oscillatory,cellular7_high,annulus,5,1,64,6,8039,82495,fresh,bj,not_tested,,,,False,,,,
h,oscillatory,cellular7_high,annulus,5,1,64,6,8039,82495,fresh,amg,passed,330.00917406752706,25,2.6685078142290233,False,B,,amg_pbicgstab,
h,oscillatory,cellular7_high,annulus,5,1,64,6,8039,82495,fresh,native,passed,144.33619403280318,30,1.167125922304812,False,S,,native_hp_standard,standard
h,oscillatory,cellular7_high,annulus,5,1,64,6,8039,82495,fresh,lu,passed,214.00799695402384,,1.7305034437086824,False,P-LU$_{16}$,,pardiso_lu,
h,oscillatory,cellular7_high,annulus,5,1,64,6,8039,82495,hot,asm,passed,33.962216305856906,22,1.261845161680738,False,PP(24),24,asm_d24,
h,oscillatory,cellular7_high,annulus,5,1,64,6,8039,82495,hot,bj,not_tested,,,,False,,,,
h,oscillatory,cellular7_high,annulus,5,1,64,6,8039,82495,hot,amg,passed,121.57417337099712,25,4.517013291240131,False,B,,amg_pbicgstab,
h,oscillatory,cellular7_high,annulus,5,1,64,6,8039,82495,hot,native,passed,26.914725623403985,30,1.0,True,S,,native_hp_standard,standard
h,oscillatory,cellular7_high,annulus,5,1,64,6,8039,82495,hot,lu,passed,32.62770096771419,,1.2122620688855332,False,P-LU$_{16}$,,pardiso_lu,
h,oscillatory,cellular7_high,annulus,5,2,128,6,33174,344631,fresh,asm,passed,698.7643429310992,43,1.6478232651339813,False,PP(24),24,asm_d24,
h,oscillatory,cellular7_high,annulus,5,2,128,6,33174,344631,fresh,bj,not_tested,,,,False,,,,
h,oscillatory,cellular7_high,annulus,5,2,128,6,33174,344631,fresh,amg,passed,424.05296594370157,24,1.0,True,B,,amg_pbicgstab,
h,oscillatory,cellular7_high,annulus,5,2,128,6,33174,344631,fresh,native,passed,483.3158340770751,31,1.13975345745192,False,S,,native_hp_standard,standard
h,oscillatory,cellular7_high,annulus,5,2,128,6,33174,344631,fresh,lu,passed,1185.6075399555266,,2.7958949357117127,False,P-LU$_{16}$,,pardiso_lu,
h,oscillatory,cellular7_high,annulus,5,2,128,6,33174,344631,hot,asm,passed,321.1003243923187,43,5.894563641032848,False,PP(24),24,asm_d24,
h,oscillatory,cellular7_high,annulus,5,2,128,6,33174,344631,hot,bj,not_tested,,,,False,,,,
h,oscillatory,cellular7_high,annulus,5,2,128,6,33174,344631,hot,amg,passed,144.8619789831961,24,2.65928773475521,False,B,,amg_pbicgstab,
h,oscillatory,cellular7_high,annulus,5,2,128,6,33174,344631,hot,native,passed,54.473977031496666,31,1.0,True,S,,native_hp_standard,standard
h,oscillatory,cellular7_high,annulus,5,2,128,6,33174,344631,hot,lu,passed,219.0074298530817,,4.020404636996714,False,P-LU$_{8}$,,pardiso_lu,
h,oscillatory,cellular7_high,annulus,5,3,223,6,99984,1043392,fresh,asm,passed,3143.2194829685614,73,3.9012391961769683,False,PP(24),24,asm_d24,
h,oscillatory,cellular7_high,annulus,5,3,223,6,99984,1043392,fresh,bj,not_tested,,,,False,,,,
h,oscillatory,cellular7_high,annulus,5,3,223,6,99984,1043392,fresh,amg,passed,805.6977090891451,58,1.0,True,F,,amg_fgmres,
h,oscillatory,cellular7_high,annulus,5,3,223,6,99984,1043392,fresh,native,passed,1366.7267910204828,32,1.6963270164508604,False,S,,native_hp_standard,standard
h,oscillatory,cellular7_high,annulus,5,3,223,6,99984,1043392,fresh,lu,passed,3915.3251119423658,,4.859546040373762,False,P-LU$_{24}$,,pardiso_lu,
h,oscillatory,cellular7_high,annulus,5,3,223,6,99984,1043392,hot,asm,passed,1720.3517829766497,73,12.90551100770513,False,PP(24),24,asm_d24,
h,oscillatory,cellular7_high,annulus,5,3,223,6,99984,1043392,hot,bj,not_tested,,,,False,,,,
h,oscillatory,cellular7_high,annulus,5,3,223,6,99984,1043392,hot,amg,passed,306.4059109504645,58,2.298555967288935,False,F,,amg_fgmres,
h,oscillatory,cellular7_high,annulus,5,3,223,6,99984,1043392,hot,native,passed,133.30365469058356,32,1.0,True,S,,native_hp_standard,standard
h,oscillatory,cellular7_high,annulus,5,3,223,6,99984,1043392,hot,lu,passed,696.7297501396388,,5.226636522133216,False,P-LU$_{24}$,,pardiso_lu,
h,smooth,anisotropic,square,6,0,32,6,2048,21056,fresh,asm,passed,72.76179594919086,14,1.3269668918697861,False,PP(48),48,asm_gmres,
h,smooth,anisotropic,square,6,0,32,6,2048,21056,fresh,bj,not_tested,,,,False,,,,
h,smooth,anisotropic,square,6,0,32,6,2048,21056,fresh,amg,passed,189.50036889873445,71,3.4559443214035714,False,B,,amgx_pbicgstab_amg,
h,smooth,anisotropic,square,6,0,32,6,2048,21056,fresh,native,passed,176.5664699487388,150,3.2200670252821517,False,S,,native_hp_standard,standard
h,smooth,anisotropic,square,6,0,32,6,2048,21056,fresh,lu,passed,54.833166068419814,,1.0,True,P-LU$_{16}$,,pardiso_lu,
h,smooth,anisotropic,square,6,0,32,6,2048,21056,hot,asm,passed,25.801393707903724,14,4.888545430369101,False,PP(48),48,asm_gmres,
h,smooth,anisotropic,square,6,0,32,6,2048,21056,hot,bj,not_tested,,,,False,,,,
h,smooth,anisotropic,square,6,0,32,6,2048,21056,hot,amg,passed,134.7802987244601,71,25.536590034336307,False,B,,amgx_pbicgstab_amg,
h,smooth,anisotropic,square,6,0,32,6,2048,21056,hot,native,passed,116.6725386865437,150,22.105744065714855,False,S,,native_hp_standard,standard
h,smooth,anisotropic,square,6,0,32,6,2048,21056,hot,lu,passed,5.277928593568504,,1.0,True,P-LU$_{16}$,,pardiso_lu,
h,smooth,anisotropic,square,6,1,64,6,8192,85120,fresh,asm,passed,268.4433601098135,54,1.228623869332915,False,PP(48),48,asm_gmres,
h,smooth,anisotropic,square,6,1,64,6,8192,85120,fresh,bj,not_tested,,,,False,,,,
h,smooth,anisotropic,square,6,1,64,6,8192,85120,fresh,amg,passed,909.497351036407,63,4.162629145013213,False,B,,amgx_pbicgstab_amg,
h,smooth,anisotropic,square,6,1,64,6,8192,85120,fresh,native,passed,335.0234570680186,225,1.5333507074707162,False,S,,native_hp_standard,standard
h,smooth,anisotropic,square,6,1,64,6,8192,85120,fresh,lu,passed,218.4910832438618,,1.0,True,P-LU$_{16}$,,pardiso_lu,
h,smooth,anisotropic,square,6,1,64,6,8192,85120,hot,asm,passed,144.12445462464044,54,4.122808077529127,False,PP(48),48,asm_gmres,
h,smooth,anisotropic,square,6,1,64,6,8192,85120,hot,bj,not_tested,,,,False,,,,
h,smooth,anisotropic,square,6,1,64,6,8192,85120,hot,amg,passed,425.71552567339194,63,12.177970855445293,False,B,,amgx_pbicgstab_amg,
h,smooth,anisotropic,square,6,1,64,6,8192,85120,hot,native,passed,207.10765469508866,225,5.924498475424188,False,S,,native_hp_standard,standard
h,smooth,anisotropic,square,6,1,64,6,8192,85120,hot,lu,passed,34.957837453112006,,1.0,True,P-LU$_{16}$,,pardiso_lu,
h,smooth,anisotropic,square,6,2,128,6,32768,342272,fresh,asm,passed,1322.286511072889,60,1.571274967426566,False,PP(48),48,asm_gmres,
h,smooth,anisotropic,square,6,2,128,6,32768,342272,fresh,bj,not_tested,,,,False,,,,
h,smooth,anisotropic,square,6,2,128,6,32768,342272,fresh,amg,passed,841.5373110910878,63,1.0,True,B,,amgx_pbicgstab_amg,
h,smooth,anisotropic,square,6,2,128,6,32768,342272,fresh,native,passed,927.8921049553901,225,1.1026155260452324,False,S,,native_hp_standard,standard
h,smooth,anisotropic,square,6,2,128,6,32768,342272,fresh,lu,passed,1311.2685692030936,,1.5581823312183034,False,P-LU$_{24}$,,pardiso_lu,
h,smooth,anisotropic,square,6,2,128,6,32768,342272,hot,asm,passed,833.5758363828063,60,3.529175263929034,False,PP(48),48,asm_gmres,
h,smooth,anisotropic,square,6,2,128,6,32768,342272,hot,bj,not_tested,,,,False,,,,
h,smooth,anisotropic,square,6,2,128,6,32768,342272,hot,amg,passed,441.37198602159816,63,1.8686711241750973,False,B,,amgx_pbicgstab_amg,
h,smooth,anisotropic,square,6,2,128,6,32768,342272,hot,native,passed,483.22323166454834,225,2.0458600186236744,False,S,,native_hp_standard,standard
h,smooth,anisotropic,square,6,2,128,6,32768,342272,hot,lu,passed,236.19564743712544,,1.0,True,P-LU$_{16}$,,pardiso_lu,
h,smooth,anisotropic,square,6,3,223,6,99458,1041187,fresh,asm,passed,7824.604163062759,150,7.104463993049931,False,PP(48),48,asm_gmres,
h,smooth,anisotropic,square,6,3,223,6,99458,1041187,fresh,bj,not_tested,,,,False,,,,
h,smooth,anisotropic,square,6,3,223,6,99458,1041187,fresh,amg,passed,1101.3644619379193,67,1.0,True,B,,amgx_pbicgstab_amg,
h,smooth,anisotropic,square,6,3,223,6,99458,1041187,fresh,native,passed,2408.522428944707,225,2.1868532281373616,False,S,,native_hp_standard,standard
h,smooth,anisotropic,square,6,3,223,6,99458,1041187,fresh,lu,passed,3909.755547065288,,3.5499198332455997,False,P-LU$_{16}$,,pardiso_lu,
h,smooth,anisotropic,square,6,3,223,6,99458,1041187,hot,asm,passed,6605.234402697533,150,10.621409588952975,False,PP(48),48,asm_gmres,
h,smooth,anisotropic,square,6,3,223,6,99458,1041187,hot,bj,not_tested,,,,False,,,,
h,smooth,anisotropic,square,6,3,223,6,99458,1041187,hot,amg,passed,621.8792663421482,67,1.0,True,B,,amgx_pbicgstab_amg,
h,smooth,anisotropic,square,6,3,223,6,99458,1041187,hot,native,passed,1031.6981609600286,225,1.6590007366355972,False,S,,native_hp_standard,standard
h,smooth,anisotropic,square,6,3,223,6,99458,1041187,hot,lu,passed,694.3630671594292,,1.1165560660088023,False,P-LU$_{8}$,,pardiso_lu,
h,focused_scaling,Transport dominated,square,7,0,32,6,2048,21056,fresh,asm,passed,40.607623872347176,10,1.8968866452132687,False,PP(18),18,ASM+PP--GMRES,
h,focused_scaling,Transport dominated,square,7,0,32,6,2048,21056,fresh,bj,passed,21.40751213300973,20,1.0,True,PP(12),12,BJ+PP--GMRES,
h,focused_scaling,Transport dominated,square,7,0,32,6,2048,21056,fresh,amg,passed,131.50173996109515,21,6.142784791807895,False,F,,AMG/DILU--FGMRES,
h,focused_scaling,Transport dominated,square,7,0,32,6,2048,21056,fresh,native,passed,182.50040290877223,150,8.525063621351972,False,S,,native_hp_standard,standard
h,focused_scaling,Transport dominated,square,7,0,32,6,2048,21056,fresh,lu,passed,53.21247398387641,,2.485691641945838,False,P-LU$_{16}$,,pardiso_lu,
h,focused_scaling,Transport dominated,square,7,0,32,6,2048,21056,hot,asm,passed,9.719640326996645,10,1.829846439147715,False,PP(18),18,ASM+PP--GMRES,
h,focused_scaling,Transport dominated,square,7,0,32,6,2048,21056,hot,bj,passed,9.776340293077132,20,1.8405209319830105,False,PP(12),12,BJ+PP--GMRES,
h,focused_scaling,Transport dominated,square,7,0,32,6,2048,21056,hot,amg,passed,49.2279746880134,21,9.2677950169736,False,F,,AMG/DILU--FGMRES,
h,focused_scaling,Transport dominated,square,7,0,32,6,2048,21056,hot,native,passed,123.55097262964894,150,23.260048696622718,False,S,,native_hp_standard,standard
h,focused_scaling,Transport dominated,square,7,0,32,6,2048,21056,hot,lu,passed,5.311724590137601,,1.0,True,P-LU$_{16}$,,pardiso_lu,
h,focused_scaling,Transport dominated,square,7,1,64,6,8192,85120,fresh,asm,passed,117.61154199484736,15,1.7109994430047488,False,PP(18),18,ASM+PP--GMRES,
h,focused_scaling,Transport dominated,square,7,1,64,6,8192,85120,fresh,bj,passed,68.73850396368653,57,1.0,True,PP(12),12,BJ+PP--GMRES,
h,focused_scaling,Transport dominated,square,7,1,64,6,8192,85120,fresh,amg,passed,740.6703110318631,29,10.775188116156086,False,F,,AMG/DILU--FGMRES,
h,focused_scaling,Transport dominated,square,7,1,64,6,8192,85120,fresh,native,passed,452.2307978477329,300,6.57900262255692,False,S,,native_hp_standard,standard
h,focused_scaling,Transport dominated,square,7,1,64,6,8192,85120,fresh,lu,passed,217.608239967376,,3.1657401226295967,False,P-LU$_{16}$,,pardiso_lu,
h,focused_scaling,Transport dominated,square,7,1,64,6,8192,85120,hot,asm,passed,19.16960731614381,15,1.0,True,PP(18),18,ASM+PP--GMRES,
h,focused_scaling,Transport dominated,square,7,1,64,6,8192,85120,hot,bj,passed,28.552332310937345,57,1.4894583827438035,False,PP(12),12,BJ+PP--GMRES,
h,focused_scaling,Transport dominated,square,7,1,64,6,8192,85120,hot,amg,passed,148.1114939864104,29,7.726370788079594,False,F,,AMG/DILU--FGMRES,
h,focused_scaling,Transport dominated,square,7,1,64,6,8192,85120,hot,native,passed,324.3461843424787,300,16.919813692236065,False,S,,native_hp_standard,standard
h,focused_scaling,Transport dominated,square,7,1,64,6,8192,85120,hot,lu,passed,35.38535558618605,,1.8459092563876383,False,P-LU$_{16}$,,pardiso_lu,
h,focused_scaling,Transport dominated,square,7,2,128,6,32768,342272,fresh,asm,passed,548.8319819560274,25,2.006271389129171,False,PP(18),18,ASM+PP--GMRES,
h,focused_scaling,Transport dominated,square,7,2,128,6,32768,342272,fresh,bj,passed,273.55819602962583,49,1.0,True,PP(12),12,BJ+PP--GMRES,
h,focused_scaling,Transport dominated,square,7,2,128,6,32768,342272,fresh,amg,passed,560.7196750352159,36,2.049727199452986,False,F,,AMG/DILU--FGMRES,
h,focused_scaling,Transport dominated,square,7,2,128,6,32768,342272,fresh,native,passed,1295.696803019382,450,4.7364576233682305,False,S,,native_hp_standard,standard
h,focused_scaling,Transport dominated,square,7,2,128,6,32768,342272,fresh,lu,passed,1516.2577568553388,,5.542724651873091,False,P-LU$_{24}$,,pardiso_lu,
h,focused_scaling,Transport dominated,square,7,2,128,6,32768,342272,hot,asm,passed,137.16534967534244,25,1.2662433512267124,False,PP(18),18,ASM+PP--GMRES,
h,focused_scaling,Transport dominated,square,7,2,128,6,32768,342272,hot,bj,passed,108.32463565748185,49,1.0,True,PP(12),12,BJ+PP--GMRES,
h,focused_scaling,Transport dominated,square,7,2,128,6,32768,342272,hot,amg,passed,309.0155873214826,36,2.8526806062711114,False,F,,AMG/DILU--FGMRES,
h,focused_scaling,Transport dominated,square,7,2,128,6,32768,342272,hot,native,passed,882.355457986705,450,8.14547358162069,False,S,,native_hp_standard,standard
h,focused_scaling,Transport dominated,square,7,2,128,6,32768,342272,hot,lu,passed,239.17357581667602,,2.2079333511255306,False,P-LU$_{8}$,,pardiso_lu,
h,focused_scaling,Transport dominated,square,7,3,223,6,99458,1041187,fresh,asm,passed,1720.3046639915556,41,1.6752266876111674,False,PP(18),18,ASM+PP--GMRES,
h,focused_scaling,Transport dominated,square,7,3,223,6,99458,1041187,fresh,bj,passed,1471.2768970057368,164,1.432724315826104,False,PP(12),12,BJ+PP--GMRES,
h,focused_scaling,Transport dominated,square,7,3,223,6,99458,1041187,fresh,amg,passed,1026.908583007753,37,1.0,True,F,,AMG/DILU--FGMRES,
h,focused_scaling,Transport dominated,square,7,3,223,6,99458,1041187,fresh,native,passed,4405.378677882254,675,4.289942406537461,False,S,,native_hp_standard,standard
h,focused_scaling,Transport dominated,square,7,3,223,6,99458,1041187,fresh,lu,passed,4492.677643895149,,4.374953835458624,False,P-LU$_{24}$,,pardiso_lu,
h,focused_scaling,Transport dominated,square,7,3,223,6,99458,1041187,hot,asm,passed,682.5896873682117,41,1.190114112394957,False,PP(18),18,ASM+PP--GMRES,
h,focused_scaling,Transport dominated,square,7,3,223,6,99458,1041187,hot,bj,passed,1214.1026156799246,164,2.1168216917945766,False,PP(12),12,BJ+PP--GMRES,
h,focused_scaling,Transport dominated,square,7,3,223,6,99458,1041187,hot,amg,passed,573.5497800245261,37,1.0,True,F,,AMG/DILU--FGMRES,
h,focused_scaling,Transport dominated,square,7,3,223,6,99458,1041187,hot,native,passed,3134.6563942885646,675,5.465360642548797,False,S,,native_hp_standard,standard
h,focused_scaling,Transport dominated,square,7,3,223,6,99458,1041187,hot,lu,passed,690.6932877842337,,1.2042429651959736,False,P-LU$_{8}$,,pardiso_lu,
h,focused_scaling,Variable velocity,square,8,0,32,6,2048,21056,fresh,asm,passed,53.24519402347505,22,1.415265547091257,False,PP(18),18,ASM+PP--GMRES,
h,focused_scaling,Variable velocity,square,8,0,32,6,2048,21056,fresh,bj,passed,37.62205201201141,38,1.0,True,PP(18),18,BJ+PP--GMRES,
h,focused_scaling,Variable velocity,square,8,0,32,6,2048,21056,fresh,amg,passed,350.4895349033177,40,9.316066406782348,False,F,,AMG/Jac.--FGMRES,
h,focused_scaling,Variable velocity,square,8,0,32,6,2048,21056,fresh,native,passed,74.22036002390087,29,1.9727887250861516,False,S,,native_hp_standard,standard
h,focused_scaling,Variable velocity,square,8,0,32,6,2048,21056,fresh,lu,passed,54.650005884468555,,1.4526056650769796,False,P-LU$_{16}$,,pardiso_lu,
h,focused_scaling,Variable velocity,square,8,0,32,6,2048,21056,hot,asm,passed,22.136419041392703,22,4.148513675080095,False,PP(18),18,ASM+PP--GMRES,
h,focused_scaling,Variable velocity,square,8,0,32,6,2048,21056,hot,bj,passed,24.28382095725586,38,4.550951223682402,False,PP(18),18,BJ+PP--GMRES,
h,focused_scaling,Variable velocity,square,8,0,32,6,2048,21056,hot,amg,passed,114.61437330581248,40,21.47950371425493,False,F,,AMG/Jac.--FGMRES,
h,focused_scaling,Variable velocity,square,8,0,32,6,2048,21056,hot,native,passed,22.390292297738295,29,4.196091229232708,False,S,,native_hp_standard,standard
h,focused_scaling,Variable velocity,square,8,0,32,6,2048,21056,hot,lu,passed,5.335987964645028,,1.0,True,P-LU$_{16}$,,pardiso_lu,
h,focused_scaling,Variable velocity,square,8,1,64,6,8192,85120,fresh,asm,passed,155.12024203781039,44,1.420604671573403,False,PP(18),18,ASM+PP--GMRES,
h,focused_scaling,Variable velocity,square,8,1,64,6,8192,85120,fresh,bj,passed,109.19310990720987,100,1.0,True,PP(18),18,BJ+PP--GMRES,
h,focused_scaling,Variable velocity,square,8,1,64,6,8192,85120,fresh,amg,passed,348.5124041326344,24,3.1917069165700407,False,B,,AMG/Jac.--BiCGSTAB,
h,focused_scaling,Variable velocity,square,8,1,64,6,8192,85120,fresh,native,passed,138.29568901564926,31,1.266523951311307,False,S,,native_hp_standard,standard
h,focused_scaling,Variable velocity,square,8,1,64,6,8192,85120,fresh,lu,passed,221.5639289934188,,2.0291017371123456,False,P-LU$_{12}$,,pardiso_lu,
h,focused_scaling,Variable velocity,square,8,1,64,6,8192,85120,hot,asm,passed,53.660158339577414,44,2.041991236296416,False,PP(18),18,ASM+PP--GMRES,
h,focused_scaling,Variable velocity,square,8,1,64,6,8192,85120,hot,bj,passed,68.1174867010365,100,2.5921524495290855,False,PP(18),18,BJ+PP--GMRES,
h,focused_scaling,Variable velocity,square,8,1,64,6,8192,85120,hot,amg,passed,119.27247163839638,24,4.53881146372585,False,B,,AMG/Jac.--BiCGSTAB,
h,focused_scaling,Variable velocity,square,8,1,64,6,8192,85120,hot,native,passed,26.278348988853395,31,1.0,True,S,,native_hp_standard,standard
h,focused_scaling,Variable velocity,square,8,1,64,6,8192,85120,hot,lu,passed,35.512391151860356,,1.351393543290098,False,P-LU$_{12}$,,pardiso_lu,
h,focused_scaling,Variable velocity,square,8,2,128,6,32768,342272,fresh,asm,passed,1250.742760952562,150,2.999235287297382,False,PP(18),18,ASM+PP--GMRES,
h,focused_scaling,Variable velocity,square,8,2,128,6,32768,342272,fresh,bj,passed,790.5290819471702,200,1.895659756931172,False,PP(18),18,BJ+PP--GMRES,
h,focused_scaling,Variable velocity,square,8,2,128,6,32768,342272,fresh,amg,passed,417.0205539558083,43,1.0,True,F,,AMG/Jac.--FGMRES,
h,focused_scaling,Variable velocity,square,8,2,128,6,32768,342272,fresh,native,passed,480.75710609555244,34,1.1528379153860564,False,S,,native_hp_standard,standard
h,focused_scaling,Variable velocity,square,8,2,128,6,32768,342272,fresh,lu,passed,1220.9389470517635,,2.927766834200567,False,P-LU$_{16}$,,pardiso_lu,
h,focused_scaling,Variable velocity,square,8,2,128,6,32768,342272,hot,asm,passed,837.3681689845398,150,14.6190600972909,False,PP(18),18,ASM+PP--GMRES,
h,focused_scaling,Variable velocity,square,8,2,128,6,32768,342272,hot,bj,passed,621.2680973112583,200,10.846311082181275,False,PP(18),18,BJ+PP--GMRES,
h,focused_scaling,Variable velocity,square,8,2,128,6,32768,342272,hot,amg,passed,151.38433505004892,43,2.6429195351058854,False,F,,AMG/Jac.--FGMRES,
h,focused_scaling,Variable velocity,square,8,2,128,6,32768,342272,hot,native,passed,57.27920696760217,34,1.0,True,S,,native_hp_standard,standard
h,focused_scaling,Variable velocity,square,8,2,128,6,32768,342272,hot,lu,passed,234.35590700246394,,4.091465636649239,False,P-LU$_{16}$,,pardiso_lu,
h,focused_scaling,Variable velocity,square,8,3,223,6,99458,1041187,fresh,asm,passed,3580.1161560229957,150,5.351566170025292,False,PP(18),18,ASM+PP--GMRES,
h,focused_scaling,Variable velocity,square,8,3,223,6,99458,1041187,fresh,bj,passed,3862.5446900259703,350,5.773741016357413,False,PP(18),18,BJ+PP--GMRES,
h,focused_scaling,Variable velocity,square,8,3,223,6,99458,1041187,fresh,amg,passed,668.9847499364987,43,1.0,True,F,,AMG/Jac.--FGMRES,
h,focused_scaling,Variable velocity,square,8,3,223,6,99458,1041187,fresh,native,passed,1365.182008012198,35,2.0406773220791408,False,S,,native_hp_standard,standard
h,focused_scaling,Variable velocity,square,8,3,223,6,99458,1041187,fresh,lu,passed,3842.192000709474,,5.7433177678178495,False,P-LU$_{16}$,,pardiso_lu,
h,focused_scaling,Variable velocity,square,8,3,223,6,99458,1041187,hot,asm,passed,2567.6775539759547,150,18.816526231318996,False,PP(18),18,ASM+PP--GMRES,
h,focused_scaling,Variable velocity,square,8,3,223,6,99458,1041187,hot,bj,passed,3602.6377516876287,350,26.400950404228666,False,PP(18),18,BJ+PP--GMRES,
h,focused_scaling,Variable velocity,square,8,3,223,6,99458,1041187,hot,amg,passed,217.53020565180728,43,1.5941109172424452,False,F,,AMG/Jac.--FGMRES,
h,focused_scaling,Variable velocity,square,8,3,223,6,99458,1041187,hot,native,passed,136.45863866743943,35,1.0,True,S,,native_hp_standard,standard
h,focused_scaling,Variable velocity,square,8,3,223,6,99458,1041187,hot,lu,passed,700.8288986049592,,5.135833872071193,False,P-LU$_{8}$,,pardiso_lu,
h,focused_scaling,High diffusion,square,9,0,32,6,2048,21056,fresh,asm,passed,67.38139991648495,43,1.3405288548983492,False,PP(18),18,ASM+PP--GMRES,
h,focused_scaling,High diffusion,square,9,0,32,6,2048,21056,fresh,bj,passed,65.89126097969711,110,1.31088307364347,False,PP(12),12,BJ+PP--GMRES,
h,focused_scaling,High diffusion,square,9,0,32,6,2048,21056,fresh,amg,passed,382.30681989807636,30,7.605857464122165,False,B,,AMG/Jac.--BiCGSTAB,
h,focused_scaling,High diffusion,square,9,0,32,6,2048,21056,fresh,native,passed,93.60726096201688,58,1.862282981699877,False,S,,native_hp_standard,standard
h,focused_scaling,High diffusion,square,9,0,32,6,2048,21056,fresh,lu,passed,50.26478890795261,,1.0,True,P-LU$_{16}$,,pardiso_lu,
h,focused_scaling,High diffusion,square,9,0,32,6,2048,21056,hot,asm,passed,32.815119329219065,43,6.123611909179811,False,PP(18),18,ASM+PP--GMRES,
h,focused_scaling,High diffusion,square,9,0,32,6,2048,21056,hot,bj,passed,53.50707230779032,110,9.98492621410582,False,PP(12),12,BJ+PP--GMRES,
h,focused_scaling,High diffusion,square,9,0,32,6,2048,21056,hot,amg,passed,144.8682596674189,49,27.03378864058122,False,F,,AMG/Jac.--FGMRES,
h,focused_scaling,High diffusion,square,9,0,32,6,2048,21056,hot,native,passed,42.51780031093707,58,7.934224030212583,False,S,,native_hp_standard,standard
h,focused_scaling,High diffusion,square,9,0,32,6,2048,21056,hot,lu,passed,5.358784948475659,,1.0,True,P-LU$_{16}$,,pardiso_lu,
h,focused_scaling,High diffusion,square,9,1,64,6,8192,85120,fresh,asm,passed,201.01578580215573,86,1.6757495646195384,False,PP(18),18,ASM+PP--GMRES,
h,focused_scaling,High diffusion,square,9,1,64,6,8192,85120,fresh,bj,passed,119.95574401225895,150,1.0,True,PP(12),12,BJ+PP--GMRES,
h,focused_scaling,High diffusion,square,9,1,64,6,8192,85120,fresh,amg,passed,363.1883109919727,27,3.0276858685054417,False,B,,AMG/Jac.--BiCGSTAB,
h,focused_scaling,High diffusion,square,9,1,64,6,8192,85120,fresh,native,passed,173.98792796302587,65,1.450434319720822,False,S,,native_hp_standard,standard
h,focused_scaling,High diffusion,square,9,1,64,6,8192,85120,fresh,lu,passed,216.36121021583676,,1.8036752803911216,False,P-LU$_{16}$,,pardiso_lu,
h,focused_scaling,High diffusion,square,9,1,64,6,8192,85120,hot,asm,passed,96.4681572901706,86,2.776391157008221,False,PP(18),18,ASM+PP--GMRES,
h,focused_scaling,High diffusion,square,9,1,64,6,8192,85120,hot,bj,passed,80.95708927915742,150,2.329976575541782,False,PP(12),12,BJ+PP--GMRES,
h,focused_scaling,High diffusion,square,9,1,64,6,8192,85120,hot,amg,passed,134.173876993979,27,3.8615764626567515,False,B,,AMG/Jac.--BiCGSTAB,
h,focused_scaling,High diffusion,square,9,1,64,6,8192,85120,hot,native,passed,55.57527237882217,65,1.5994779947621849,False,S,,native_hp_standard,standard
h,focused_scaling,High diffusion,square,9,1,64,6,8192,85120,hot,lu,passed,34.745881194248796,,1.0,True,P-LU$_{16}$,,pardiso_lu,
h,focused_scaling,High diffusion,square,9,2,128,6,32768,342272,fresh,asm,passed,1366.8551609152928,166,3.0616790882345275,False,PP(18),18,ASM+PP--GMRES,
h,focused_scaling,High diffusion,square,9,2,128,6,32768,342272,fresh,bj,passed,848.6965050688013,300,1.9010326888526186,False,PP(12),12,BJ+PP--GMRES,
h,focused_scaling,High diffusion,square,9,2,128,6,32768,342272,fresh,amg,passed,446.43972197081894,30,1.0,True,B,,AMG/Jac.--BiCGSTAB,
h,focused_scaling,High diffusion,square,9,2,128,6,32768,342272,fresh,native,passed,535.5482328450307,70,1.1995980789541758,False,S,,native_hp_standard,standard
h,focused_scaling,High diffusion,square,9,2,128,6,32768,342272,fresh,lu,passed,1229.6155320946127,,2.754269997899034,False,P-LU$_{16}$,,pardiso_lu,
h,focused_scaling,High diffusion,square,9,2,128,6,32768,342272,hot,asm,passed,922.0462666125968,166,7.902117301587987,False,PP(18),18,ASM+PP--GMRES,
h,focused_scaling,High diffusion,square,9,2,128,6,32768,342272,hot,bj,passed,680.4474923216427,300,5.83156843273265,False,PP(12),12,BJ+PP--GMRES,
h,focused_scaling,High diffusion,square,9,2,128,6,32768,342272,hot,amg,passed,174.08371402416378,30,1.4919315638778232,False,B,,AMG/Jac.--BiCGSTAB,
h,focused_scaling,High diffusion,square,9,2,128,6,32768,342272,hot,native,passed,116.68344462911288,70,1.0,True,S,,native_hp_standard,standard
h,focused_scaling,High diffusion,square,9,2,128,6,32768,342272,hot,lu,passed,238.00669363699853,,2.039764033308416,False,P-LU$_{24}$,,pardiso_lu,
h,focused_scaling,High diffusion,square,9,3,223,6,99458,1041187,fresh,asm,passed,4601.750106085092,200,6.536030177462858,False,PP(18),18,ASM+PP--GMRES,
h,focused_scaling,High diffusion,square,9,3,223,6,99458,1041187,fresh,bj,passed,6342.233887990005,825,9.008101511121854,False,PP(12),12,BJ+PP--GMRES,
h,focused_scaling,High diffusion,square,9,3,223,6,99458,1041187,fresh,amg,passed,704.0588830132037,29,1.0,True,B,,AMG/Jac.--BiCGSTAB,
h,focused_scaling,High diffusion,square,9,3,223,6,99458,1041187,fresh,native,passed,1506.359310937114,71,2.139535978141851,False,S,,native_hp_standard,standard
h,focused_scaling,High diffusion,square,9,3,223,6,99458,1041187,fresh,lu,passed,3855.9499431867152,,5.476743545488938,False,P-LU$_{16}$,,pardiso_lu,
h,focused_scaling,High diffusion,square,9,3,223,6,99458,1041187,hot,asm,passed,3493.603508337401,200,13.967537313043703,False,PP(18),18,ASM+PP--GMRES,
h,focused_scaling,High diffusion,square,9,3,223,6,99458,1041187,hot,bj,passed,6084.011739003472,825,24.324071342019025,False,PP(12),12,BJ+PP--GMRES,
h,focused_scaling,High diffusion,square,9,3,223,6,99458,1041187,hot,amg,passed,250.12308397951224,29,1.0,True,B,,AMG/Jac.--BiCGSTAB,
h,focused_scaling,High diffusion,square,9,3,223,6,99458,1041187,hot,native,passed,276.0760360009347,71,1.1037607229548965,False,S,,native_hp_standard,standard
h,focused_scaling,High diffusion,square,9,3,223,6,99458,1041187,hot,lu,passed,692.5193576142192,,2.7687142929636352,False,P-LU$_{8}$,,pardiso_lu,
p,oscillatory,cellular7_weak,square,0,0,64,1,8192,24320,fresh,asm,passed,93.82016700692475,33,1.5732560324332039,False,PP(24),24,asm_d24,
p,oscillatory,cellular7_weak,square,0,0,64,1,8192,24320,fresh,bj,not_tested,,,,False,,,,
p,oscillatory,cellular7_weak,square,0,0,64,1,8192,24320,fresh,amg,passed,242.80944000929594,32,4.071634366182251,False,B,,amg_pbicgstab,
p,oscillatory,cellular7_weak,square,0,0,64,1,8192,24320,fresh,native,passed,526.763625908643,450,8.83321868384643,False,R,,native_hp_robust,robust
p,oscillatory,cellular7_weak,square,0,0,64,1,8192,24320,fresh,lu,passed,59.634392033331096,,1.0,True,P-LU$_{16}$,,pardiso_lu,
p,oscillatory,cellular7_weak,square,0,0,64,1,8192,24320,hot,asm,passed,33.45446831857165,33,12.845149834509062,False,PP(24),24,asm_d24,
p,oscillatory,cellular7_weak,square,0,0,64,1,8192,24320,hot,bj,not_tested,,,,False,,,,
p,oscillatory,cellular7_weak,square,0,0,64,1,8192,24320,hot,amg,passed,133.66672163829207,32,51.322563281579086,False,B,,amg_pbicgstab,
p,oscillatory,cellular7_weak,square,0,0,64,1,8192,24320,hot,native,passed,452.309694684421,450,173.668454225504,False,R,,native_hp_robust,robust
p,oscillatory,cellular7_weak,square,0,0,64,1,8192,24320,hot,lu,passed,2.60444360319525,,1.0,True,P-LU$_{16}$,,pardiso_lu,
p,oscillatory,cellular7_weak,square,0,1,64,2,8192,36480,fresh,asm,passed,127.90765310637653,62,1.576345557586596,False,PP(24),24,asm_d24,
p,oscillatory,cellular7_weak,square,0,1,64,2,8192,36480,fresh,bj,not_tested,,,,False,,,,
p,oscillatory,cellular7_weak,square,0,1,64,2,8192,36480,fresh,amg,passed,523.9271570462734,120,6.45692596534472,False,B,,amg_pbicgstab,
p,oscillatory,cellular7_weak,square,0,1,64,2,8192,36480,fresh,native,passed,1184.1015870450065,825,14.592975722236758,False,R,,native_hp_robust,robust
p,oscillatory,cellular7_weak,square,0,1,64,2,8192,36480,fresh,lu,passed,81.1418869998306,,1.0,True,P-LU$_{16}$,,pardiso_lu,
p,oscillatory,cellular7_weak,square,0,1,64,2,8192,36480,hot,asm,passed,63.43842899271598,62,12.111941302770221,False,PP(24),24,asm_d24,
p,oscillatory,cellular7_weak,square,0,1,64,2,8192,36480,hot,bj,not_tested,,,,False,,,,
p,oscillatory,cellular7_weak,square,0,1,64,2,8192,36480,hot,amg,passed,464.49779633743066,120,88.68394337367737,False,B,,amg_pbicgstab,
p,oscillatory,cellular7_weak,square,0,1,64,2,8192,36480,hot,native,passed,1139.2108203144744,825,217.50309404279108,False,R,,native_hp_robust,robust
p,oscillatory,cellular7_weak,square,0,1,64,2,8192,36480,hot,lu,passed,5.2376763895154,,1.0,True,P-LU$_{16}$,,pardiso_lu,
p,oscillatory,cellular7_weak,square,0,2,64,3,8192,48640,fresh,asm,passed,221.35999600868672,150,2.1108623690362345,False,PP(24),24,asm_d24,
p,oscillatory,cellular7_weak,square,0,2,64,3,8192,48640,fresh,bj,not_tested,,,,False,,,,
p,oscillatory,cellular7_weak,square,0,2,64,3,8192,48640,fresh,amg,NC,,,,False,,,,
p,oscillatory,cellular7_weak,square,0,2,64,3,8192,48640,fresh,native,NC,,,,False,,,,
p,oscillatory,cellular7_weak,square,0,2,64,3,8192,48640,fresh,lu,passed,104.86709093675017,,1.0,True,P-LU$_{12}$,,pardiso_lu,
p,oscillatory,cellular7_weak,square,0,2,64,3,8192,48640,hot,asm,passed,147.28264739581695,150,14.803344690844165,False,PP(24),24,asm_d24,
p,oscillatory,cellular7_weak,square,0,2,64,3,8192,48640,hot,bj,not_tested,,,,False,,,,
p,oscillatory,cellular7_weak,square,0,2,64,3,8192,48640,hot,amg,NC,,,,False,,,,
p,oscillatory,cellular7_weak,square,0,2,64,3,8192,48640,hot,native,NC,,,,False,,,,
p,oscillatory,cellular7_weak,square,0,2,64,3,8192,48640,hot,lu,passed,9.949281765148044,,1.0,True,P-LU$_{12}$,,pardiso_lu,
p,oscillatory,cellular7_weak,square,0,3,64,4,8192,60800,fresh,asm,passed,248.07845300529152,150,1.7127985439526343,False,PP(24),24,asm_d24,
p,oscillatory,cellular7_weak,square,0,3,64,4,8192,60800,fresh,bj,not_tested,,,,False,,,,
p,oscillatory,cellular7_weak,square,0,3,64,4,8192,60800,fresh,amg,NC,,,,False,,,,
p,oscillatory,cellular7_weak,square,0,3,64,4,8192,60800,fresh,native,NC,,,,False,,,,
p,oscillatory,cellular7_weak,square,0,3,64,4,8192,60800,fresh,lu,passed,144.8380802758038,,1.0,True,P-LU$_{16}$,,pardiso_lu,
p,oscillatory,cellular7_weak,square,0,3,64,4,8192,60800,hot,asm,passed,160.272728651762,150,10.295691493981098,False,PP(24),24,asm_d24,
p,oscillatory,cellular7_weak,square,0,3,64,4,8192,60800,hot,bj,not_tested,,,,False,,,,
p,oscillatory,cellular7_weak,square,0,3,64,4,8192,60800,hot,amg,NC,,,,False,,,,
p,oscillatory,cellular7_weak,square,0,3,64,4,8192,60800,hot,native,NC,,,,False,,,,
p,oscillatory,cellular7_weak,square,0,3,64,4,8192,60800,hot,lu,passed,15.566970780491829,,1.0,True,P-LU$_{16}$,,pardiso_lu,
p,oscillatory,cellular7_weak,square,0,4,64,6,8192,85120,fresh,asm,passed,357.408348005265,150,1.4880311583632926,False,PP(24),24,asm_d24,
p,oscillatory,cellular7_weak,square,0,4,64,6,8192,85120,fresh,bj,not_tested,,,,False,,,,
p,oscillatory,cellular7_weak,square,0,4,64,6,8192,85120,fresh,amg,passed,7129.100601072423,672,29.68124243518221,False,B,,amg_pbicgstab,
p,oscillatory,cellular7_weak,square,0,4,64,6,8192,85120,fresh,native,NC,,,,False,,,,
p,oscillatory,cellular7_weak,square,0,4,64,6,8192,85120,fresh,lu,passed,240.1887527666986,,1.0,True,P-LU$_{16}$,,pardiso_lu,
p,oscillatory,cellular7_weak,square,0,4,64,6,8192,85120,hot,asm,passed,245.19898765720427,150,7.03791927078309,False,PP(24),24,asm_d24,
p,oscillatory,cellular7_weak,square,0,4,64,6,8192,85120,hot,bj,not_tested,,,,False,,,,
p,oscillatory,cellular7_weak,square,0,4,64,6,8192,85120,hot,amg,passed,6809.642369354454,672,195.45640753387755,False,B,,amg_pbicgstab,
p,oscillatory,cellular7_weak,square,0,4,64,6,8192,85120,hot,native,NC,,,,False,,,,
p,oscillatory,cellular7_weak,square,0,4,64,6,8192,85120,hot,lu,passed,34.839698811993,,1.0,True,P-LU$_{16}$,,pardiso_lu,
p,oscillatory,cellular7_weak,annulus,1,0,64,1,8039,23570,fresh,asm,passed,99.21954316087067,41,1.5605533466992312,False,PP(24),24,asm_d24,
p,oscillatory,cellular7_weak,annulus,1,0,64,1,8039,23570,fresh,bj,not_tested,,,,False,,,,
p,oscillatory,cellular7_weak,annulus,1,0,64,1,8039,23570,fresh,amg,passed,295.19044409971684,63,4.642839714616995,False,F,,amg_fgmres,
p,oscillatory,cellular7_weak,annulus,1,0,64,1,8039,23570,fresh,native,passed,604.297376004979,525,9.504561928864442,False,R,,native_hp_robust,robust
p,oscillatory,cellular7_weak,annulus,1,0,64,1,8039,23570,fresh,lu,passed,63.5797189315781,,1.0,True,P-LU$_{16}$,,pardiso_lu,
p,oscillatory,cellular7_weak,annulus,1,0,64,1,8039,23570,hot,asm,passed,41.027928004041314,41,10.135253542919251,False,PP(24),24,asm_d24,
p,oscillatory,cellular7_weak,annulus,1,0,64,1,8039,23570,hot,bj,not_tested,,,,False,,,,
p,oscillatory,cellular7_weak,annulus,1,0,64,1,8039,23570,hot,amg,passed,179.38097566366196,40,44.31302670094281,False,B,,amg_pbicgstab,
p,oscillatory,cellular7_weak,annulus,1,0,64,1,8039,23570,hot,native,passed,534.8585053191831,525,132.12771945155933,False,R,,native_hp_robust,robust
p,oscillatory,cellular7_weak,annulus,1,0,64,1,8039,23570,hot,lu,passed,4.048041603527963,,1.0,True,P-LU$_{16}$,,pardiso_lu,
p,oscillatory,cellular7_weak,annulus,1,1,64,2,8039,35355,fresh,asm,passed,200.79720404464751,150,2.3208709766994673,False,PP(24),24,asm_d24,
p,oscillatory,cellular7_weak,annulus,1,1,64,2,8039,35355,fresh,bj,not_tested,,,,False,,,,
p,oscillatory,cellular7_weak,annulus,1,1,64,2,8039,35355,fresh,amg,passed,653.4721339121461,220,7.553016073577121,False,F,,amg_fgmres,
p,oscillatory,cellular7_weak,annulus,1,1,64,2,8039,35355,fresh,native,NC,,,,False,,,,
p,oscillatory,cellular7_weak,annulus,1,1,64,2,8039,35355,fresh,lu,passed,86.51803829707205,,1.0,True,P-LU$_{12}$,,pardiso_lu,
p,oscillatory,cellular7_weak,annulus,1,1,64,2,8039,35355,hot,asm,passed,144.37868570288023,150,27.736605119396934,False,PP(24),24,asm_d24,
p,oscillatory,cellular7_weak,annulus,1,1,64,2,8039,35355,hot,bj,not_tested,,,,False,,,,
p,oscillatory,cellular7_weak,annulus,1,1,64,2,8039,35355,hot,amg,passed,591.7606359968582,220,113.68320057730384,False,F,,amg_fgmres,
p,oscillatory,cellular7_weak,annulus,1,1,64,2,8039,35355,hot,native,NC,,,,False,,,,
p,oscillatory,cellular7_weak,annulus,1,1,64,2,8039,35355,hot,lu,passed,5.2053481340408325,,1.0,True,P-LU$_{8}$,,pardiso_lu,
p,oscillatory,cellular7_weak,annulus,1,2,64,3,8039,47140,fresh,asm,passed,220.4647760372609,150,2.147919930884855,False,PP(24),24,asm_d24,
p,oscillatory,cellular7_weak,annulus,1,2,64,3,8039,47140,fresh,bj,not_tested,,,,False,,,,
p,oscillatory,cellular7_weak,annulus,1,2,64,3,8039,47140,fresh,amg,passed,2294.801931013353,458,22.35754343008323,False,B,,amg_pbicgstab,
p,oscillatory,cellular7_weak,annulus,1,2,64,3,8039,47140,fresh,native,NC,,,,False,,,,
p,oscillatory,cellular7_weak,annulus,1,2,64,3,8039,47140,fresh,lu,passed,102.6410588528961,,1.0,True,P-LU$_{16}$,,pardiso_lu,
p,oscillatory,cellular7_weak,annulus,1,2,64,3,8039,47140,hot,asm,passed,147.88287800426284,150,17.47354084954557,False,PP(24),24,asm_d24,
p,oscillatory,cellular7_weak,annulus,1,2,64,3,8039,47140,hot,bj,not_tested,,,,False,,,,
p,oscillatory,cellular7_weak,annulus,1,2,64,3,8039,47140,hot,amg,passed,2200.1928933508075,458,259.97032866602035,False,B,,amg_pbicgstab,
p,oscillatory,cellular7_weak,annulus,1,2,64,3,8039,47140,hot,native,NC,,,,False,,,,
p,oscillatory,cellular7_weak,annulus,1,2,64,3,8039,47140,hot,lu,passed,8.463246189057827,,1.0,True,P-LU$_{16}$,,pardiso_lu,
p,oscillatory,cellular7_weak,annulus,1,3,64,4,8039,58925,fresh,asm,passed,228.83818310219795,150,1.5687770499324585,False,PP(24),24,asm_d24,
p,oscillatory,cellular7_weak,annulus,1,3,64,4,8039,58925,fresh,bj,not_tested,,,,False,,,,
p,oscillatory,cellular7_weak,annulus,1,3,64,4,8039,58925,fresh,amg,NC,,,,False,,,,
p,oscillatory,cellular7_weak,annulus,1,3,64,4,8039,58925,fresh,native,NC,,,,False,,,,
p,oscillatory,cellular7_weak,annulus,1,3,64,4,8039,58925,fresh,lu,passed,145.8704301621765,,1.0,True,P-LU$_{12}$,,pardiso_lu,
p,oscillatory,cellular7_weak,annulus,1,3,64,4,8039,58925,hot,asm,passed,158.30531731868783,150,10.484097334116496,False,PP(24),24,asm_d24,
p,oscillatory,cellular7_weak,annulus,1,3,64,4,8039,58925,hot,bj,not_tested,,,,False,,,,
p,oscillatory,cellular7_weak,annulus,1,3,64,4,8039,58925,hot,amg,NC,,,,False,,,,
p,oscillatory,cellular7_weak,annulus,1,3,64,4,8039,58925,hot,native,NC,,,,False,,,,
p,oscillatory,cellular7_weak,annulus,1,3,64,4,8039,58925,hot,lu,passed,15.099565777927637,,1.0,True,P-LU$_{8}$,,pardiso_lu,
p,oscillatory,cellular7_weak,annulus,1,4,64,6,8039,82495,fresh,asm,passed,318.6823958531022,150,1.4056446705744012,False,PP(24),24,asm_d24,
p,oscillatory,cellular7_weak,annulus,1,4,64,6,8039,82495,fresh,bj,not_tested,,,,False,,,,
p,oscillatory,cellular7_weak,annulus,1,4,64,6,8039,82495,fresh,amg,NC,,,,False,,,,
p,oscillatory,cellular7_weak,annulus,1,4,64,6,8039,82495,fresh,native,NC,,,,False,,,,
p,oscillatory,cellular7_weak,annulus,1,4,64,6,8039,82495,fresh,lu,passed,226.71618405729532,,1.0,True,P-LU$_{16}$,,pardiso_lu,
p,oscillatory,cellular7_weak,annulus,1,4,64,6,8039,82495,hot,asm,passed,226.44980003436407,150,7.08488669954337,False,PP(24),24,asm_d24,
p,oscillatory,cellular7_weak,annulus,1,4,64,6,8039,82495,hot,bj,not_tested,,,,False,,,,
p,oscillatory,cellular7_weak,annulus,1,4,64,6,8039,82495,hot,amg,NC,,,,False,,,,
p,oscillatory,cellular7_weak,annulus,1,4,64,6,8039,82495,hot,native,NC,,,,False,,,,
p,oscillatory,cellular7_weak,annulus,1,4,64,6,8039,82495,hot,lu,passed,31.962374225258827,,1.0,True,P-LU$_{16}$,,pardiso_lu,
p,oscillatory,cellular7_directional,square,2,0,64,1,8192,24320,fresh,asm,passed,131.1672650044784,33,2.1045783832513836,False,PP(48),48,asm_d48,
p,oscillatory,cellular7_directional,square,2,0,64,1,8192,24320,fresh,bj,not_tested,,,,False,,,,
p,oscillatory,cellular7_directional,square,2,0,64,1,8192,24320,fresh,amg,NC,,,,False,,,,
p,oscillatory,cellular7_directional,square,2,0,64,1,8192,24320,fresh,native,passed,224.0134379826486,150,3.594294957053576,False,R,,native_hp_robust,robust
p,oscillatory,cellular7_directional,square,2,0,64,1,8192,24320,fresh,lu,passed,62.324723112396896,,1.0,True,P-LU$_{16}$,,pardiso_lu,
p,oscillatory,cellular7_directional,square,2,0,64,1,8192,24320,hot,asm,passed,56.01684302867701,33,22.303903623879624,False,PP(48),48,asm_d48,
p,oscillatory,cellular7_directional,square,2,0,64,1,8192,24320,hot,bj,not_tested,,,,False,,,,
p,oscillatory,cellular7_directional,square,2,0,64,1,8192,24320,hot,amg,NC,,,,False,,,,
p,oscillatory,cellular7_directional,square,2,0,64,1,8192,24320,hot,native,passed,150.9690280460442,150,60.110468024875324,False,R,,native_hp_robust,robust
p,oscillatory,cellular7_directional,square,2,0,64,1,8192,24320,hot,lu,passed,2.5115264113992453,,1.0,True,P-LU$_{16}$,,pardiso_lu,
p,oscillatory,cellular7_directional,square,2,1,64,2,8192,36480,fresh,asm,passed,168.42989507131279,50,2.1130964979409192,False,PP(48),48,asm_d48,
p,oscillatory,cellular7_directional,square,2,1,64,2,8192,36480,fresh,bj,not_tested,,,,False,,,,
p,oscillatory,cellular7_directional,square,2,1,64,2,8192,36480,fresh,amg,NC,,,,False,,,,
p,oscillatory,cellular7_directional,square,2,1,64,2,8192,36480,fresh,native,passed,286.7488160263747,150,3.597508142349011,False,R,,native_hp_robust,robust
p,oscillatory,cellular7_directional,square,2,1,64,2,8192,36480,fresh,lu,passed,79.70762113109231,,1.0,True,P-LU$_{8}$,,pardiso_lu,
p,oscillatory,cellular7_directional,square,2,1,64,2,8192,36480,hot,asm,passed,87.37212264289458,50,16.70062177163832,False,PP(48),48,asm_d48,
p,oscillatory,cellular7_directional,square,2,1,64,2,8192,36480,hot,bj,not_tested,,,,False,,,,
p,oscillatory,cellular7_directional,square,2,1,64,2,8192,36480,hot,amg,NC,,,,False,,,,
p,oscillatory,cellular7_directional,square,2,1,64,2,8192,36480,hot,native,passed,199.14331869222224,150,38.06497018987215,False,R,,native_hp_robust,robust
p,oscillatory,cellular7_directional,square,2,1,64,2,8192,36480,hot,lu,passed,5.231668846681714,,1.0,True,P-LU$_{8}$,,pardiso_lu,
p,oscillatory,cellular7_directional,square,2,2,64,3,8192,48640,fresh,asm,passed,186.44496600609273,55,1.8567762547937618,False,PP(48),48,asm_d48,
p,oscillatory,cellular7_directional,square,2,2,64,3,8192,48640,fresh,bj,not_tested,,,,False,,,,
p,oscillatory,cellular7_directional,square,2,2,64,3,8192,48640,fresh,amg,NC,,,,False,,,,
p,oscillatory,cellular7_directional,square,2,2,64,3,8192,48640,fresh,native,passed,444.41423297394067,225,4.425851835825004,False,R,,native_hp_robust,robust
p,oscillatory,cellular7_directional,square,2,2,64,3,8192,48640,fresh,lu,passed,100.41326493956149,,1.0,True,P-LU$_{12}$,,pardiso_lu,
p,oscillatory,cellular7_directional,square,2,2,64,3,8192,48640,hot,asm,passed,94.64426164049655,55,8.979066633272735,False,PP(48),48,asm_d48,
p,oscillatory,cellular7_directional,square,2,2,64,3,8192,48640,hot,bj,not_tested,,,,False,,,,
p,oscillatory,cellular7_directional,square,2,2,64,3,8192,48640,hot,amg,NC,,,,False,,,,
p,oscillatory,cellular7_directional,square,2,2,64,3,8192,48640,hot,native,passed,354.96027767658234,225,33.67570236354695,False,R,,native_hp_robust,robust
p,oscillatory,cellular7_directional,square,2,2,64,3,8192,48640,hot,lu,passed,10.540545638650656,,1.0,True,P-LU$_{16}$,,pardiso_lu,
p,oscillatory,cellular7_directional,square,2,3,64,4,8192,60800,fresh,asm,passed,217.84729696810246,62,1.588255730354644,False,PP(48),48,asm_d48,
p,oscillatory,cellular7_directional,square,2,3,64,4,8192,60800,fresh,bj,not_tested,,,,False,,,,
p,oscillatory,cellular7_directional,square,2,3,64,4,8192,60800,fresh,amg,NC,,,,False,,,,
p,oscillatory,cellular7_directional,square,2,3,64,4,8192,60800,fresh,native,passed,500.40206883568317,225,3.6482731912251536,False,R,,native_hp_robust,robust
p,oscillatory,cellular7_directional,square,2,3,64,4,8192,60800,fresh,lu,passed,137.16134801506996,,1.0,True,P-LU$_{16}$,,pardiso_lu,
p,oscillatory,cellular7_directional,square,2,3,64,4,8192,60800,hot,asm,passed,113.6336987062047,62,7.2490849903231025,False,PP(48),48,asm_d48,
p,oscillatory,cellular7_directional,square,2,3,64,4,8192,60800,hot,bj,not_tested,,,,False,,,,
p,oscillatory,cellular7_directional,square,2,3,64,4,8192,60800,hot,amg,NC,,,,False,,,,
p,oscillatory,cellular7_directional,square,2,3,64,4,8192,60800,hot,native,passed,408.2715883463,225,26.045050691419007,False,R,,native_hp_robust,robust
p,oscillatory,cellular7_directional,square,2,3,64,4,8192,60800,hot,lu,passed,15.675592003390193,,1.0,True,P-LU$_{16}$,,pardiso_lu,
p,oscillatory,cellular7_directional,square,2,4,64,6,8192,85120,fresh,asm,passed,496.371838147752,132,2.1783974369647034,False,PP(48),48,asm_d48,
p,oscillatory,cellular7_directional,square,2,4,64,6,8192,85120,fresh,bj,not_tested,,,,False,,,,
p,oscillatory,cellular7_directional,square,2,4,64,6,8192,85120,fresh,amg,NC,,,,False,,,,
p,oscillatory,cellular7_directional,square,2,4,64,6,8192,85120,fresh,native,passed,695.155717083253,525,3.0507883727576797,False,S,,native_hp_standard,standard
p,oscillatory,cellular7_directional,square,2,4,64,6,8192,85120,fresh,lu,passed,227.8610090725124,,1.0,True,P-LU$_{16}$,,pardiso_lu,
p,oscillatory,cellular7_directional,square,2,4,64,6,8192,85120,hot,asm,passed,370.92698997973156,132,10.230363845953772,False,PP(48),48,asm_d48,
p,oscillatory,cellular7_directional,square,2,4,64,6,8192,85120,hot,bj,not_tested,,,,False,,,,
p,oscillatory,cellular7_directional,square,2,4,64,6,8192,85120,hot,amg,NC,,,,False,,,,
p,oscillatory,cellular7_directional,square,2,4,64,6,8192,85120,hot,native,passed,572.3675500291089,525,15.786201728633698,False,S,,native_hp_standard,standard
p,oscillatory,cellular7_directional,square,2,4,64,6,8192,85120,hot,lu,passed,36.25745824538171,,1.0,True,P-LU$_{16}$,,pardiso_lu,
p,oscillatory,cellular7_directional,annulus,3,0,64,1,8039,23570,fresh,asm,passed,103.52585895452648,14,1.5571404576812677,False,PP(48),48,asm_d48,
p,oscillatory,cellular7_directional,annulus,3,0,64,1,8039,23570,fresh,bj,not_tested,,,,False,,,,
p,oscillatory,cellular7_directional,annulus,3,0,64,1,8039,23570,fresh,amg,NC,,,,False,,,,
p,oscillatory,cellular7_directional,annulus,3,0,64,1,8039,23570,fresh,native,passed,198.11731099616736,150,2.9798978094416055,False,S,,native_hp_standard,standard
p,oscillatory,cellular7_directional,annulus,3,0,64,1,8039,23570,fresh,lu,passed,66.48459902498871,,1.0,True,P-LU$_{8}$,,pardiso_lu,
p,oscillatory,cellular7_directional,annulus,3,0,64,1,8039,23570,hot,asm,passed,26.386456719289225,14,10.344627247335877,False,PP(48),48,asm_d48,
p,oscillatory,cellular7_directional,annulus,3,0,64,1,8039,23570,hot,bj,not_tested,,,,False,,,,
p,oscillatory,cellular7_directional,annulus,3,0,64,1,8039,23570,hot,amg,NC,,,,False,,,,
p,oscillatory,cellular7_directional,annulus,3,0,64,1,8039,23570,hot,native,passed,123.2076653201754,150,48.302710186169264,False,S,,native_hp_standard,standard
p,oscillatory,cellular7_directional,annulus,3,0,64,1,8039,23570,hot,lu,passed,2.5507402140647173,,1.0,True,P-LU$_{16}$,,pardiso_lu,
p,oscillatory,cellular7_directional,annulus,3,1,64,2,8039,35355,fresh,asm,passed,108.56580198742449,20,1.2812792344896935,False,PP(48),48,asm_d48,
p,oscillatory,cellular7_directional,annulus,3,1,64,2,8039,35355,fresh,bj,not_tested,,,,False,,,,
p,oscillatory,cellular7_directional,annulus,3,1,64,2,8039,35355,fresh,amg,NC,,,,False,,,,
p,oscillatory,cellular7_directional,annulus,3,1,64,2,8039,35355,fresh,native,passed,274.487757938914,225,3.239468211265109,False,S,,native_hp_standard,standard
p,oscillatory,cellular7_directional,annulus,3,1,64,2,8039,35355,fresh,lu,passed,84.7323511261493,,1.0,True,P-LU$_{16}$,,pardiso_lu,
p,oscillatory,cellular7_directional,annulus,3,1,64,2,8039,35355,hot,asm,passed,34.28613029730817,20,6.406001668670961,False,PP(48),48,asm_d48,
p,oscillatory,cellular7_directional,annulus,3,1,64,2,8039,35355,hot,bj,not_tested,,,,False,,,,
p,oscillatory,cellular7_directional,annulus,3,1,64,2,8039,35355,hot,amg,NC,,,,False,,,,
p,oscillatory,cellular7_directional,annulus,3,1,64,2,8039,35355,hot,native,passed,192.83697265200317,225,36.02955357978017,False,S,,native_hp_standard,standard
p,oscillatory,cellular7_directional,annulus,3,1,64,2,8039,35355,hot,lu,passed,5.352188786491752,,1.0,True,P-LU$_{12}$,,pardiso_lu,
p,oscillatory,cellular7_directional,annulus,3,2,64,3,8039,47140,fresh,asm,passed,131.11129903700203,23,1.3011721641367378,False,PP(48),48,asm_d48,
p,oscillatory,cellular7_directional,annulus,3,2,64,3,8039,47140,fresh,bj,not_tested,,,,False,,,,
p,oscillatory,cellular7_directional,annulus,3,2,64,3,8039,47140,fresh,amg,NC,,,,False,,,,
p,oscillatory,cellular7_directional,annulus,3,2,64,3,8039,47140,fresh,native,passed,310.2691440144554,225,3.0791669104598425,False,S,,native_hp_standard,standard
p,oscillatory,cellular7_directional,annulus,3,2,64,3,8039,47140,fresh,lu,passed,100.76399007812142,,1.0,True,P-LU$_{16}$,,pardiso_lu,
p,oscillatory,cellular7_directional,annulus,3,2,64,3,8039,47140,hot,asm,passed,40.102874006455146,23,4.510776134233257,False,PP(48),48,asm_d48,
p,oscillatory,cellular7_directional,annulus,3,2,64,3,8039,47140,hot,bj,not_tested,,,,False,,,,
p,oscillatory,cellular7_directional,annulus,3,2,64,3,8039,47140,hot,amg,NC,,,,False,,,,
p,oscillatory,cellular7_directional,annulus,3,2,64,3,8039,47140,hot,native,passed,229.59689935669303,225,25.825087098381562,False,S,,native_hp_standard,standard
p,oscillatory,cellular7_directional,annulus,3,2,64,3,8039,47140,hot,lu,passed,8.890459826216102,,1.0,True,P-LU$_{16}$,,pardiso_lu,
p,oscillatory,cellular7_directional,annulus,3,3,64,4,8039,58925,fresh,asm,passed,130.58088102843612,25,1.0,True,PP(48),48,asm_d48,
p,oscillatory,cellular7_directional,annulus,3,3,64,4,8039,58925,fresh,bj,not_tested,,,,False,,,,
p,oscillatory,cellular7_directional,annulus,3,3,64,4,8039,58925,fresh,amg,NC,,,,False,,,,
p,oscillatory,cellular7_directional,annulus,3,3,64,4,8039,58925,fresh,native,passed,378.8801380433142,300,2.9014977924739753,False,S,,native_hp_standard,standard
p,oscillatory,cellular7_directional,annulus,3,3,64,4,8039,58925,fresh,lu,passed,141.1911400500685,,1.0812543072007748,False,P-LU$_{16}$,,pardiso_lu,
p,oscillatory,cellular7_directional,annulus,3,3,64,4,8039,58925,hot,asm,passed,47.12732438929379,25,2.989299364737737,False,PP(48),48,asm_d48,
p,oscillatory,cellular7_directional,annulus,3,3,64,4,8039,58925,hot,bj,not_tested,,,,False,,,,
p,oscillatory,cellular7_directional,annulus,3,3,64,4,8039,58925,hot,amg,NC,,,,False,,,,
p,oscillatory,cellular7_directional,annulus,3,3,64,4,8039,58925,hot,native,passed,281.510304659605,150,17.85627734633832,False,R,,native_hp_robust,robust
p,oscillatory,cellular7_directional,annulus,3,3,64,4,8039,58925,hot,lu,passed,15.765341185033321,,1.0,True,P-LU$_{16}$,,pardiso_lu,
p,oscillatory,cellular7_directional,annulus,3,4,64,6,8039,82495,fresh,asm,passed,175.30690599232912,27,1.0,True,PP(48),48,asm_d48,
p,oscillatory,cellular7_directional,annulus,3,4,64,6,8039,82495,fresh,bj,not_tested,,,,False,,,,
p,oscillatory,cellular7_directional,annulus,3,4,64,6,8039,82495,fresh,amg,NC,,,,False,,,,
p,oscillatory,cellular7_directional,annulus,3,4,64,6,8039,82495,fresh,native,passed,466.6860910365358,150,2.662108993338554,False,R,,native_hp_robust,robust
p,oscillatory,cellular7_directional,annulus,3,4,64,6,8039,82495,fresh,lu,passed,225.65418109297752,,1.2871950469700917,False,P-LU$_{16}$,,pardiso_lu,
p,oscillatory,cellular7_directional,annulus,3,4,64,6,8039,82495,hot,asm,passed,74.66051063966006,27,2.3303094721095174,False,PP(48),48,asm_d48,
p,oscillatory,cellular7_directional,annulus,3,4,64,6,8039,82495,hot,bj,not_tested,,,,False,,,,
p,oscillatory,cellular7_directional,annulus,3,4,64,6,8039,82495,hot,amg,NC,,,,False,,,,
p,oscillatory,cellular7_directional,annulus,3,4,64,6,8039,82495,hot,native,passed,334.9097379638503,150,10.45322792453955,False,R,,native_hp_robust,robust
p,oscillatory,cellular7_directional,annulus,3,4,64,6,8039,82495,hot,lu,passed,32.038882188498974,,1.0,True,P-LU$_{16}$,,pardiso_lu,
p,oscillatory,cellular7_high,square,4,0,64,1,8192,24320,fresh,asm,passed,82.90902606677264,21,1.4363759277515382,False,PP(24),24,asm_d24,
p,oscillatory,cellular7_high,square,4,0,64,1,8192,24320,fresh,bj,not_tested,,,,False,,,,
p,oscillatory,cellular7_high,square,4,0,64,1,8192,24320,fresh,amg,passed,585.7406249269843,57,10.147794196420397,False,B,,amg_pbicgstab,
p,oscillatory,cellular7_high,square,4,0,64,1,8192,24320,fresh,native,passed,115.53175991866738,52,2.0015557619057627,False,S,,native_hp_standard,standard
p,oscillatory,cellular7_high,square,4,0,64,1,8192,24320,fresh,lu,passed,57.72097990848124,,1.0,True,P-LU$_{12}$,,pardiso_lu,
p,oscillatory,cellular7_high,square,4,0,64,1,8192,24320,hot,asm,passed,22.64243698058029,21,8.726958289867635,False,PP(24),24,asm_d24,
p,oscillatory,cellular7_high,square,4,0,64,1,8192,24320,hot,bj,not_tested,,,,False,,,,
p,oscillatory,cellular7_high,square,4,0,64,1,8192,24320,hot,amg,passed,270.83404699806124,57,104.38617687907362,False,B,,amg_pbicgstab,
p,oscillatory,cellular7_high,square,4,0,64,1,8192,24320,hot,native,passed,42.22971565711001,52,16.27638259294492,False,S,,native_hp_standard,standard
p,oscillatory,cellular7_high,square,4,0,64,1,8192,24320,hot,lu,passed,2.5945393834263086,,1.0,True,P-LU$_{16}$,,pardiso_lu,
p,oscillatory,cellular7_high,square,4,1,64,2,8192,36480,fresh,asm,passed,92.60647394694388,22,1.1732675686181029,False,PP(24),24,asm_d24,
p,oscillatory,cellular7_high,square,4,1,64,2,8192,36480,fresh,bj,not_tested,,,,False,,,,
p,oscillatory,cellular7_high,square,4,1,64,2,8192,36480,fresh,amg,passed,93.36551488377154,19,1.1828841545486246,False,B,,amg_pbicgstab,
p,oscillatory,cellular7_high,square,4,1,64,2,8192,36480,fresh,native,passed,118.8553828978911,55,1.505825242732766,False,S,,native_hp_standard,standard
p,oscillatory,cellular7_high,square,4,1,64,2,8192,36480,fresh,lu,passed,78.93039612099528,,1.0,True,P-LU$_{16}$,,pardiso_lu,
p,oscillatory,cellular7_high,square,4,1,64,2,8192,36480,hot,asm,passed,22.560047994678218,22,3.918323774105713,False,PP(24),24,asm_d24,
p,oscillatory,cellular7_high,square,4,1,64,2,8192,36480,hot,bj,not_tested,,,,False,,,,
p,oscillatory,cellular7_high,square,4,1,64,2,8192,36480,hot,amg,passed,34.25927696904788,19,5.950294940115323,False,B,,amg_pbicgstab,
p,oscillatory,cellular7_high,square,4,1,64,2,8192,36480,hot,native,passed,45.04512898468723,55,7.8236269643572545,False,S,,native_hp_standard,standard
p,oscillatory,cellular7_high,square,4,1,64,2,8192,36480,hot,lu,passed,5.757576273754239,,1.0,True,P-LU$_{12}$,,pardiso_lu,
p,oscillatory,cellular7_high,square,4,2,64,3,8192,48640,fresh,asm,passed,101.12991603091359,23,1.0268990510540323,False,PP(24),24,asm_d24,
p,oscillatory,cellular7_high,square,4,2,64,3,8192,48640,fresh,bj,not_tested,,,,False,,,,
p,oscillatory,cellular7_high,square,4,2,64,3,8192,48640,fresh,amg,passed,129.00048098526895,22,1.3099039009267308,False,B,,amg_pbicgstab,
p,oscillatory,cellular7_high,square,4,2,64,3,8192,48640,fresh,native,passed,131.83227111585438,61,1.338658622694654,False,S,,native_hp_standard,standard
p,oscillatory,cellular7_high,square,4,2,64,3,8192,48640,fresh,lu,passed,98.48087397404015,,1.0,True,P-LU$_{16}$,,pardiso_lu,
p,oscillatory,cellular7_high,square,4,2,64,3,8192,48640,hot,asm,passed,24.02764974006762,23,2.596652733874528,False,PP(24),24,asm_d24,
p,oscillatory,cellular7_high,square,4,2,64,3,8192,48640,hot,bj,not_tested,,,,False,,,,
p,oscillatory,cellular7_high,square,4,2,64,3,8192,48640,hot,amg,passed,51.18789271606753,22,5.531842814439109,False,B,,amg_pbicgstab,
p,oscillatory,cellular7_high,square,4,2,64,3,8192,48640,hot,native,passed,50.118805336145066,61,5.416307225321661,False,S,,native_hp_standard,standard
p,oscillatory,cellular7_high,square,4,2,64,3,8192,48640,hot,lu,passed,9.253316558897495,,1.0,True,P-LU$_{16}$,,pardiso_lu,
p,oscillatory,cellular7_high,square,4,3,64,4,8192,60800,fresh,asm,passed,113.40000398922712,25,1.0,True,PP(24),24,asm_d24,
p,oscillatory,cellular7_high,square,4,3,64,4,8192,60800,fresh,bj,not_tested,,,,False,,,,
p,oscillatory,cellular7_high,square,4,3,64,4,8192,60800,fresh,amg,passed,199.14651103317738,24,1.7561420108247623,False,B,,amg_pbicgstab,
p,oscillatory,cellular7_high,square,4,3,64,4,8192,60800,fresh,native,passed,140.98014996852726,63,1.2432111552828538,False,S,,native_hp_standard,standard
p,oscillatory,cellular7_high,square,4,3,64,4,8192,60800,fresh,lu,passed,137.56234990432858,,1.2130718259709838,False,P-LU$_{16}$,,pardiso_lu,
p,oscillatory,cellular7_high,square,4,3,64,4,8192,60800,hot,asm,passed,27.638631329561274,25,1.773738297488376,False,PP(24),24,asm_d24,
p,oscillatory,cellular7_high,square,4,3,64,4,8192,60800,hot,bj,not_tested,,,,False,,,,
p,oscillatory,cellular7_high,square,4,3,64,4,8192,60800,hot,amg,passed,85.0401083395506,24,5.457538587415135,False,B,,amg_pbicgstab,
p,oscillatory,cellular7_high,square,4,3,64,4,8192,60800,hot,native,passed,55.33072464944174,63,3.550907574555964,False,S,,native_hp_standard,standard
p,oscillatory,cellular7_high,square,4,3,64,4,8192,60800,hot,lu,passed,15.58213597163558,,1.0,True,P-LU$_{16}$,,pardiso_lu,
p,oscillatory,cellular7_high,square,4,4,64,6,8192,85120,fresh,asm,passed,156.14940598607063,27,1.0,True,PP(24),24,asm_d24,
p,oscillatory,cellular7_high,square,4,4,64,6,8192,85120,fresh,bj,not_tested,,,,False,,,,
p,oscillatory,cellular7_high,square,4,4,64,6,8192,85120,fresh,amg,passed,380.7756219757721,27,2.438533912897109,False,B,,amg_pbicgstab,
p,oscillatory,cellular7_high,square,4,4,64,6,8192,85120,fresh,native,passed,174.11871999502182,65,1.1150776968729177,False,S,,native_hp_standard,standard
p,oscillatory,cellular7_high,square,4,4,64,6,8192,85120,fresh,lu,passed,220.24269215762615,,1.4104612871679638,False,P-LU$_{12}$,,pardiso_lu,
p,oscillatory,cellular7_high,square,4,4,64,6,8192,85120,hot,asm,passed,43.02695898028711,27,1.231323412659775,False,PP(24),24,asm_d24,
p,oscillatory,cellular7_high,square,4,4,64,6,8192,85120,hot,bj,not_tested,,,,False,,,,
p,oscillatory,cellular7_high,square,4,4,64,6,8192,85120,hot,amg,passed,138.97317632411918,27,3.977062980862358,False,B,,amg_pbicgstab,
p,oscillatory,cellular7_high,square,4,4,64,6,8192,85120,hot,native,passed,57.09633134150257,65,1.633953484604435,False,S,,native_hp_standard,standard
p,oscillatory,cellular7_high,square,4,4,64,6,8192,85120,hot,lu,passed,34.94366998784244,,1.0,True,P-LU$_{16}$,,pardiso_lu,
p,oscillatory,cellular7_high,annulus,5,0,64,1,8039,23570,fresh,asm,passed,77.88727304432541,17,1.2668268137329621,False,PP(24),24,asm_d24,
p,oscillatory,cellular7_high,annulus,5,0,64,1,8039,23570,fresh,bj,not_tested,,,,False,,,,
p,oscillatory,cellular7_high,annulus,5,0,64,1,8039,23570,fresh,amg,passed,420.44846108183265,35,6.838541952651291,False,F,,amg_fgmres,
p,oscillatory,cellular7_high,annulus,5,0,64,1,8039,23570,fresh,native,passed,88.55652599595487,22,1.4403608866736308,False,S,,native_hp_standard,standard
p,oscillatory,cellular7_high,annulus,5,0,64,1,8039,23570,fresh,lu,passed,61.48217909503728,,1.0,True,P-LU$_{16}$,,pardiso_lu,
p,oscillatory,cellular7_high,annulus,5,0,64,1,8039,23570,hot,asm,passed,17.86854436310629,17,7.2242531249893025,False,PP(24),24,asm_d24,
p,oscillatory,cellular7_high,annulus,5,0,64,1,8039,23570,hot,bj,not_tested,,,,False,,,,
p,oscillatory,cellular7_high,annulus,5,0,64,1,8039,23570,hot,amg,passed,98.25744099604587,35,39.725486908421985,False,F,,amg_fgmres,
p,oscillatory,cellular7_high,annulus,5,0,64,1,8039,23570,hot,native,passed,18.731285352259874,22,7.573059337756018,False,S,,native_hp_standard,standard
p,oscillatory,cellular7_high,annulus,5,0,64,1,8039,23570,hot,lu,passed,2.4734106147661805,,1.0,True,P-LU$_{16}$,,pardiso_lu,
p,oscillatory,cellular7_high,annulus,5,1,64,2,8039,35355,fresh,asm,passed,80.2997009595856,18,1.0,True,PP(24),24,asm_d24,
p,oscillatory,cellular7_high,annulus,5,1,64,2,8039,35355,fresh,bj,not_tested,,,,False,,,,
p,oscillatory,cellular7_high,annulus,5,1,64,2,8039,35355,fresh,amg,passed,96.98181913699955,18,1.207748198038869,False,B,,amg_pbicgstab,
p,oscillatory,cellular7_high,annulus,5,1,64,2,8039,35355,fresh,native,passed,96.18543402757496,24,1.1978305383227337,False,S,,native_hp_standard,standard
p,oscillatory,cellular7_high,annulus,5,1,64,2,8039,35355,fresh,lu,passed,80.73622989468277,,1.0054362460866058,False,P-LU$_{16}$,,pardiso_lu,
p,oscillatory,cellular7_high,annulus,5,1,64,2,8039,35355,hot,asm,passed,20.290958035426836,18,3.9513125416254655,False,PP(24),24,asm_d24,
p,oscillatory,cellular7_high,annulus,5,1,64,2,8039,35355,hot,bj,not_tested,,,,False,,,,
p,oscillatory,cellular7_high,annulus,5,1,64,2,8039,35355,hot,amg,passed,34.067716682329774,18,6.634097609211336,False,B,,amg_pbicgstab,
p,oscillatory,cellular7_high,annulus,5,1,64,2,8039,35355,hot,native,passed,20.7599833374843,24,4.042647093455085,False,S,,native_hp_standard,standard
p,oscillatory,cellular7_high,annulus,5,1,64,2,8039,35355,hot,lu,passed,5.135245015844703,,1.0,True,P-LU$_{16}$,,pardiso_lu,
p,oscillatory,cellular7_high,annulus,5,2,64,3,8039,47140,fresh,asm,passed,97.69977000541985,20,1.0,True,PP(24),24,asm_d24,
p,oscillatory,cellular7_high,annulus,5,2,64,3,8039,47140,fresh,bj,not_tested,,,,False,,,,
p,oscillatory,cellular7_high,annulus,5,2,64,3,8039,47140,fresh,amg,passed,130.56605600286275,20,1.3364008533041547,False,B,,amg_pbicgstab,
p,oscillatory,cellular7_high,annulus,5,2,64,3,8039,47140,fresh,native,passed,101.23614396434277,26,1.0361963386272737,False,S,,native_hp_standard,standard
p,oscillatory,cellular7_high,annulus,5,2,64,3,8039,47140,fresh,lu,passed,101.5284308232367,,1.0391880228336716,False,P-LU$_{16}$,,pardiso_lu,
p,oscillatory,cellular7_high,annulus,5,2,64,3,8039,47140,hot,asm,passed,20.790612635513146,20,2.3591649567355475,False,PP(24),24,asm_d24,
p,oscillatory,cellular7_high,annulus,5,2,64,3,8039,47140,hot,bj,not_tested,,,,False,,,,
p,oscillatory,cellular7_high,annulus,5,2,64,3,8039,47140,hot,amg,passed,50.26746137688557,20,5.703979744292854,False,B,,amg_pbicgstab,
p,oscillatory,cellular7_high,annulus,5,2,64,3,8039,47140,hot,native,passed,22.60587636070947,26,2.5651476587748947,False,S,,native_hp_standard,standard
p,oscillatory,cellular7_high,annulus,5,2,64,3,8039,47140,hot,lu,passed,8.81269983947277,,1.0,True,P-LU$_{8}$,,pardiso_lu,
p,oscillatory,cellular7_high,annulus,5,3,64,4,8039,58925,fresh,asm,passed,96.15164110437036,21,1.0,True,PP(24),24,asm_d24,
p,oscillatory,cellular7_high,annulus,5,3,64,4,8039,58925,fresh,bj,not_tested,,,,False,,,,
p,oscillatory,cellular7_high,annulus,5,3,64,4,8039,58925,fresh,amg,passed,192.54257692955434,37,2.002488722169119,False,F,,amg_fgmres,
p,oscillatory,cellular7_high,annulus,5,3,64,4,8039,58925,fresh,native,passed,109.88106206059456,28,1.1427892524613412,False,S,,native_hp_standard,standard
p,oscillatory,cellular7_high,annulus,5,3,64,4,8039,58925,fresh,lu,passed,135.66108606755733,,1.4109076507628238,False,P-LU$_{16}$,,pardiso_lu,
p,oscillatory,cellular7_high,annulus,5,3,64,4,8039,58925,hot,asm,passed,23.985313717275858,21,1.7062068793541167,False,PP(24),24,asm_d24,
p,oscillatory,cellular7_high,annulus,5,3,64,4,8039,58925,hot,bj,not_tested,,,,False,,,,
p,oscillatory,cellular7_high,annulus,5,3,64,4,8039,58925,hot,amg,passed,81.43887533030163,23,5.793193742358288,False,B,,amg_pbicgstab,
p,oscillatory,cellular7_high,annulus,5,3,64,4,8039,58925,hot,native,passed,24.378365992257994,28,1.7341668428311539,False,S,,native_hp_standard,standard
p,oscillatory,cellular7_high,annulus,5,3,64,4,8039,58925,hot,lu,passed,14.057681988924742,,1.0,True,P-LU$_{16}$,,pardiso_lu,
p,oscillatory,cellular7_high,annulus,5,4,64,6,8039,82495,fresh,asm,passed,123.66805609781295,22,1.0,True,PP(24),24,asm_d24,
p,oscillatory,cellular7_high,annulus,5,4,64,6,8039,82495,fresh,bj,not_tested,,,,False,,,,
p,oscillatory,cellular7_high,annulus,5,4,64,6,8039,82495,fresh,amg,passed,330.00917406752706,25,2.6685078142290233,False,B,,amg_pbicgstab,
p,oscillatory,cellular7_high,annulus,5,4,64,6,8039,82495,fresh,native,passed,144.33619403280318,30,1.167125922304812,False,S,,native_hp_standard,standard
p,oscillatory,cellular7_high,annulus,5,4,64,6,8039,82495,fresh,lu,passed,214.00799695402384,,1.7305034437086824,False,P-LU$_{16}$,,pardiso_lu,
p,oscillatory,cellular7_high,annulus,5,4,64,6,8039,82495,hot,asm,passed,33.962216305856906,22,1.261845161680738,False,PP(24),24,asm_d24,
p,oscillatory,cellular7_high,annulus,5,4,64,6,8039,82495,hot,bj,not_tested,,,,False,,,,
p,oscillatory,cellular7_high,annulus,5,4,64,6,8039,82495,hot,amg,passed,121.57417337099712,25,4.517013291240131,False,B,,amg_pbicgstab,
p,oscillatory,cellular7_high,annulus,5,4,64,6,8039,82495,hot,native,passed,26.914725623403985,30,1.0,True,S,,native_hp_standard,standard
p,oscillatory,cellular7_high,annulus,5,4,64,6,8039,82495,hot,lu,passed,32.62770096771419,,1.2122620688855332,False,P-LU$_{16}$,,pardiso_lu,
p,smooth,anisotropic,square,6,0,64,1,8192,24320,fresh,asm,passed,116.32527189794928,24,2.020848191703582,False,PP(48),48,asm_gmres,
p,smooth,anisotropic,square,6,0,64,1,8192,24320,fresh,bj,not_tested,,,,False,,,,
p,smooth,anisotropic,square,6,0,64,1,8192,24320,fresh,amg,passed,230.93664296902716,62,4.01192182685353,False,B,,amgx_pbicgstab_amg,
p,smooth,anisotropic,square,6,0,64,1,8192,24320,fresh,native,passed,182.40472907200456,101,3.168806407147031,False,R,,native_hp_robust,robust
p,smooth,anisotropic,square,6,0,64,1,8192,24320,fresh,lu,passed,57.56259791087359,,1.0,True,P-LU$_{8}$,,pardiso_lu,
p,smooth,anisotropic,square,6,0,64,1,8192,24320,hot,asm,passed,43.84025667483608,24,17.471970555004326,False,PP(48),48,asm_gmres,
p,smooth,anisotropic,square,6,0,64,1,8192,24320,hot,bj,not_tested,,,,False,,,,
p,smooth,anisotropic,square,6,0,64,1,8192,24320,hot,amg,passed,153.4390626863266,62,61.15116535760988,False,B,,amgx_pbicgstab_amg,
p,smooth,anisotropic,square,6,0,64,1,8192,24320,hot,native,passed,107.30753629468381,101,42.7660387204561,False,R,,native_hp_robust,robust
p,smooth,anisotropic,square,6,0,64,1,8192,24320,hot,lu,passed,2.5091764284297824,,1.0,True,P-LU$_{16}$,,pardiso_lu,
p,smooth,anisotropic,square,6,1,64,2,8192,36480,fresh,asm,passed,130.9610060416162,27,1.6622288845883955,False,PP(48),48,asm_gmres,
p,smooth,anisotropic,square,6,1,64,2,8192,36480,fresh,bj,not_tested,,,,False,,,,
p,smooth,anisotropic,square,6,1,64,2,8192,36480,fresh,amg,passed,407.1971970843151,71,5.168370060488801,False,B,,amgx_pbicgstab_amg,
p,smooth,anisotropic,square,6,1,64,2,8192,36480,fresh,native,passed,218.53641991037875,150,2.7737840483153877,False,S,,native_hp_standard,standard
p,smooth,anisotropic,square,6,1,64,2,8192,36480,fresh,lu,passed,78.78638571128249,,1.0,True,P-LU$_{16}$,,pardiso_lu,
p,smooth,anisotropic,square,6,1,64,2,8192,36480,hot,asm,passed,48.578095311919846,27,9.653994540876116,False,PP(48),48,asm_gmres,
p,smooth,anisotropic,square,6,1,64,2,8192,36480,hot,bj,not_tested,,,,False,,,,
p,smooth,anisotropic,square,6,1,64,2,8192,36480,hot,amg,passed,257.48117500916123,71,51.16960312988799,False,B,,amgx_pbicgstab_amg,
p,smooth,anisotropic,square,6,1,64,2,8192,36480,hot,native,passed,133.81715301269045,150,26.593674708014028,False,S,,native_hp_standard,standard
p,smooth,anisotropic,square,6,1,64,2,8192,36480,hot,lu,passed,5.031916592270136,,1.0,True,P-LU$_{16}$,,pardiso_lu,
p,smooth,anisotropic,square,6,2,64,3,8192,48640,fresh,asm,passed,178.8384529063478,51,1.7443755943051247,False,PP(48),48,asm_gmres,
p,smooth,anisotropic,square,6,2,64,3,8192,48640,fresh,bj,not_tested,,,,False,,,,
p,smooth,anisotropic,square,6,2,64,3,8192,48640,fresh,amg,passed,549.1351690143347,60,5.356219376963895,False,B,,amgx_pbicgstab_amg,
p,smooth,anisotropic,square,6,2,64,3,8192,48640,fresh,native,passed,235.42034695856273,150,2.296270745824514,False,S,,native_hp_standard,standard
p,smooth,anisotropic,square,6,2,64,3,8192,48640,fresh,lu,passed,102.52290475182235,,1.0,True,P-LU$_{16}$,,pardiso_lu,
p,smooth,anisotropic,square,6,2,64,3,8192,48640,hot,asm,passed,89.94911766300599,51,8.741534725018694,False,PP(48),48,asm_gmres,
p,smooth,anisotropic,square,6,2,64,3,8192,48640,hot,bj,not_tested,,,,False,,,,
p,smooth,anisotropic,square,6,2,64,3,8192,48640,hot,amg,passed,293.6084067138533,60,28.533777201264744,False,B,,amgx_pbicgstab_amg,
p,smooth,anisotropic,square,6,2,64,3,8192,48640,hot,native,passed,151.22900666513792,150,14.696904733920297,False,S,,native_hp_standard,standard
p,smooth,anisotropic,square,6,2,64,3,8192,48640,hot,lu,passed,10.289854183793068,,1.0,True,P-LU$_{16}$,,pardiso_lu,
p,smooth,anisotropic,square,6,3,64,4,8192,60800,fresh,asm,passed,155.904404935427,28,1.1373521946600236,False,PP(48),48,asm_gmres,
p,smooth,anisotropic,square,6,3,64,4,8192,60800,fresh,bj,not_tested,,,,False,,,,
p,smooth,anisotropic,square,6,3,64,4,8192,60800,fresh,amg,passed,774.2071249522269,63,5.647987772061667,False,B,,amgx_pbicgstab_amg,
p,smooth,anisotropic,square,6,3,64,4,8192,60800,fresh,native,passed,222.76436304673553,150,1.6251082662365122,False,S,,native_hp_standard,standard
p,smooth,anisotropic,square,6,3,64,4,8192,60800,fresh,lu,passed,137.07662909291685,,1.0,True,P-LU$_{16}$,,pardiso_lu,
p,smooth,anisotropic,square,6,3,64,4,8192,60800,hot,asm,passed,50.56033000194778,28,3.234163827662463,False,PP(48),48,asm_gmres,
p,smooth,anisotropic,square,6,3,64,4,8192,60800,hot,bj,not_tested,,,,False,,,,
p,smooth,anisotropic,square,6,3,64,4,8192,60800,hot,amg,passed,386.05057599488646,63,24.694277281869432,False,B,,amgx_pbicgstab_amg,
p,smooth,anisotropic,square,6,3,64,4,8192,60800,hot,native,passed,131.1919626702244,150,8.391881542935703,False,S,,native_hp_standard,standard
p,smooth,anisotropic,square,6,3,64,4,8192,60800,hot,lu,passed,15.633200015872717,,1.0,True,P-LU$_{16}$,,pardiso_lu,
p,smooth,anisotropic,square,6,4,64,6,8192,85120,fresh,asm,passed,268.4433601098135,54,1.228623869332915,False,PP(48),48,asm_gmres,
p,smooth,anisotropic,square,6,4,64,6,8192,85120,fresh,bj,not_tested,,,,False,,,,
p,smooth,anisotropic,square,6,4,64,6,8192,85120,fresh,amg,passed,909.497351036407,63,4.162629145013213,False,B,,amgx_pbicgstab_amg,
p,smooth,anisotropic,square,6,4,64,6,8192,85120,fresh,native,passed,335.0234570680186,225,1.5333507074707162,False,S,,native_hp_standard,standard
p,smooth,anisotropic,square,6,4,64,6,8192,85120,fresh,lu,passed,218.4910832438618,,1.0,True,P-LU$_{16}$,,pardiso_lu,
p,smooth,anisotropic,square,6,4,64,6,8192,85120,hot,asm,passed,144.12445462464044,54,4.122808077529127,False,PP(48),48,asm_gmres,
p,smooth,anisotropic,square,6,4,64,6,8192,85120,hot,bj,not_tested,,,,False,,,,
p,smooth,anisotropic,square,6,4,64,6,8192,85120,hot,amg,passed,425.71552567339194,63,12.177970855445293,False,B,,amgx_pbicgstab_amg,
p,smooth,anisotropic,square,6,4,64,6,8192,85120,hot,native,passed,207.10765469508866,225,5.924498475424188,False,S,,native_hp_standard,standard
p,smooth,anisotropic,square,6,4,64,6,8192,85120,hot,lu,passed,34.957837453112006,,1.0,True,P-LU$_{16}$,,pardiso_lu,
p,focused_scaling,Transport dominated,square,7,0,64,1,8192,24320,fresh,asm,passed,78.78757594153285,32,1.6943969174850333,False,PP(18),18,ASM+PP--GMRES,
p,focused_scaling,Transport dominated,square,7,0,64,1,8192,24320,fresh,bj,passed,46.49889003485441,76,1.0,True,PP(12),12,BJ+PP--GMRES,
p,focused_scaling,Transport dominated,square,7,0,64,1,8192,24320,fresh,amg,passed,406.9181149825454,34,8.751136095453669,False,F,,AMG/DILU--FGMRES,
p,focused_scaling,Transport dominated,square,7,0,64,1,8192,24320,fresh,native,passed,301.06759793125093,225,6.474726551657,False,R,,native_hp_robust,robust
p,focused_scaling,Transport dominated,square,7,0,64,1,8192,24320,fresh,lu,passed,57.35486897174269,,1.233467485541072,False,P-LU$_{12}$,,pardiso_lu,
p,focused_scaling,Transport dominated,square,7,0,64,1,8192,24320,hot,asm,passed,30.310299014672637,32,11.818241957552544,False,PP(18),18,ASM+PP--GMRES,
p,focused_scaling,Transport dominated,square,7,0,64,1,8192,24320,hot,bj,passed,37.13805368170142,76,14.480441253003022,False,PP(12),12,BJ+PP--GMRES,
p,focused_scaling,Transport dominated,square,7,0,64,1,8192,24320,hot,amg,passed,97.03819368345042,34,37.83601248934264,False,F,,AMG/DILU--FGMRES,
p,focused_scaling,Transport dominated,square,7,0,64,1,8192,24320,hot,native,passed,225.39992533468953,225,87.8853373742743,False,R,,native_hp_robust,robust
p,focused_scaling,Transport dominated,square,7,0,64,1,8192,24320,hot,lu,passed,2.5647045578807592,,1.0,True,P-LU$_{16}$,,pardiso_lu,
p,focused_scaling,Transport dominated,square,7,1,64,2,8192,36480,fresh,asm,passed,72.66347005497664,15,1.4521331704259548,False,PP(18),18,ASM+PP--GMRES,
p,focused_scaling,Transport dominated,square,7,1,64,2,8192,36480,fresh,bj,passed,50.03912281244993,71,1.0,True,PP(12),12,BJ+PP--GMRES,
p,focused_scaling,Transport dominated,square,7,1,64,2,8192,36480,fresh,amg,passed,276.2541539268568,31,5.520763322775988,False,F,,AMG/DILU--FGMRES,
p,focused_scaling,Transport dominated,square,7,1,64,2,8192,36480,fresh,native,passed,344.77179299574345,300,6.890044701382393,False,S,,native_hp_standard,standard
p,focused_scaling,Transport dominated,square,7,1,64,2,8192,36480,fresh,lu,passed,78.8144979160279,,1.5750575447021733,False,P-LU$_{16}$,,pardiso_lu,
p,focused_scaling,Transport dominated,square,7,1,64,2,8192,36480,hot,asm,passed,15.033615326198438,15,2.8245791711994355,False,PP(18),18,ASM+PP--GMRES,
p,focused_scaling,Transport dominated,square,7,1,64,2,8192,36480,hot,bj,passed,34.129634383134544,71,6.412419920793007,False,PP(12),12,BJ+PP--GMRES,
p,focused_scaling,Transport dominated,square,7,1,64,2,8192,36480,hot,amg,passed,92.63820596970618,31,17.40525757522375,False,F,,AMG/DILU--FGMRES,
p,focused_scaling,Transport dominated,square,7,1,64,2,8192,36480,hot,native,passed,264.5209993158157,300,49.69932307036408,False,S,,native_hp_standard,standard
p,focused_scaling,Transport dominated,square,7,1,64,2,8192,36480,hot,lu,passed,5.322426604107022,,1.0,True,P-LU$_{16}$,,pardiso_lu,
p,focused_scaling,Transport dominated,square,7,2,64,3,8192,48640,fresh,asm,passed,81.45567891187966,15,2.1623563082030923,False,PP(18),18,ASM+PP--GMRES,
p,focused_scaling,Transport dominated,square,7,2,64,3,8192,48640,fresh,bj,passed,37.66986902337521,33,1.0,True,PP(12),12,BJ+PP--GMRES,
p,focused_scaling,Transport dominated,square,7,2,64,3,8192,48640,fresh,amg,passed,122.62797506991774,33,3.2553331946501762,False,F,,AMG/DILU--FGMRES,
p,focused_scaling,Transport dominated,square,7,2,64,3,8192,48640,fresh,native,passed,386.7386120837182,300,10.26652393836931,False,S,,native_hp_standard,standard
p,focused_scaling,Transport dominated,square,7,2,64,3,8192,48640,fresh,lu,passed,96.27883997745812,,2.5558581028703444,False,P-LU$_{16}$,,pardiso_lu,
p,focused_scaling,Transport dominated,square,7,2,64,3,8192,48640,hot,asm,passed,14.784764343251785,15,1.653184224182345,False,PP(18),18,ASM+PP--GMRES,
p,focused_scaling,Transport dominated,square,7,2,64,3,8192,48640,hot,bj,passed,16.432757683408756,33,1.8374574752300419,False,PP(12),12,BJ+PP--GMRES,
p,focused_scaling,Transport dominated,square,7,2,64,3,8192,48640,hot,amg,passed,60.61525864060968,20,6.777800917410398,False,B,,AMG/DILU--BiCGSTAB,
p,focused_scaling,Transport dominated,square,7,2,64,3,8192,48640,hot,native,passed,310.21982501260936,300,34.68777106166957,False,S,,native_hp_standard,standard
p,focused_scaling,Transport dominated,square,7,2,64,3,8192,48640,hot,lu,passed,8.943204348906875,,1.0,True,P-LU$_{16}$,,pardiso_lu,
p,focused_scaling,Transport dominated,square,7,3,64,4,8192,60800,fresh,asm,passed,103.38126099668443,30,1.7642100573857105,False,PP(18),18,ASM+PP--GMRES,
p,focused_scaling,Transport dominated,square,7,3,64,4,8192,60800,fresh,bj,passed,58.5991790285334,63,1.0,True,PP(12),12,BJ+PP--GMRES,
p,focused_scaling,Transport dominated,square,7,3,64,4,8192,60800,fresh,amg,passed,148.90526607632637,32,2.5410810960989862,False,F,,AMG/DILU--FGMRES,
p,focused_scaling,Transport dominated,square,7,3,64,4,8192,60800,fresh,native,passed,364.0962520148605,300,6.21333366867773,False,S,,native_hp_standard,standard
p,focused_scaling,Transport dominated,square,7,3,64,4,8192,60800,fresh,lu,passed,134.95374284684658,,2.3029971594164187,False,P-LU$_{16}$,,pardiso_lu,
p,focused_scaling,Transport dominated,square,7,3,64,4,8192,60800,hot,asm,passed,29.061583026001852,30,1.8901965351847407,False,PP(18),18,ASM+PP--GMRES,
p,focused_scaling,Transport dominated,square,7,3,64,4,8192,60800,hot,bj,passed,32.69724198617041,63,2.1266636940272368,False,PP(12),12,BJ+PP--GMRES,
p,focused_scaling,Transport dominated,square,7,3,64,4,8192,60800,hot,amg,passed,76.25042965325217,32,4.95940974061775,False,F,,AMG/DILU--FGMRES,
p,focused_scaling,Transport dominated,square,7,3,64,4,8192,60800,hot,native,passed,277.82505432454246,300,18.07003956398067,False,S,,native_hp_standard,standard
p,focused_scaling,Transport dominated,square,7,3,64,4,8192,60800,hot,lu,passed,15.374900167807937,,1.0,True,P-LU$_{16}$,,pardiso_lu,
p,focused_scaling,Transport dominated,square,7,4,64,6,8192,85120,fresh,asm,passed,117.61154199484736,15,1.7109994430047488,False,PP(18),18,ASM+PP--GMRES,
p,focused_scaling,Transport dominated,square,7,4,64,6,8192,85120,fresh,bj,passed,68.73850396368653,57,1.0,True,PP(12),12,BJ+PP--GMRES,
p,focused_scaling,Transport dominated,square,7,4,64,6,8192,85120,fresh,amg,passed,740.6703110318631,29,10.775188116156086,False,F,,AMG/DILU--FGMRES,
p,focused_scaling,Transport dominated,square,7,4,64,6,8192,85120,fresh,native,passed,452.2307978477329,300,6.57900262255692,False,S,,native_hp_standard,standard
p,focused_scaling,Transport dominated,square,7,4,64,6,8192,85120,fresh,lu,passed,217.608239967376,,3.1657401226295967,False,P-LU$_{16}$,,pardiso_lu,
p,focused_scaling,Transport dominated,square,7,4,64,6,8192,85120,hot,asm,passed,19.16960731614381,15,1.0,True,PP(18),18,ASM+PP--GMRES,
p,focused_scaling,Transport dominated,square,7,4,64,6,8192,85120,hot,bj,passed,28.552332310937345,57,1.4894583827438035,False,PP(12),12,BJ+PP--GMRES,
p,focused_scaling,Transport dominated,square,7,4,64,6,8192,85120,hot,amg,passed,148.1114939864104,29,7.726370788079594,False,F,,AMG/DILU--FGMRES,
p,focused_scaling,Transport dominated,square,7,4,64,6,8192,85120,hot,native,passed,324.3461843424787,300,16.919813692236065,False,S,,native_hp_standard,standard
p,focused_scaling,Transport dominated,square,7,4,64,6,8192,85120,hot,lu,passed,35.38535558618605,,1.8459092563876383,False,P-LU$_{16}$,,pardiso_lu,
p,focused_scaling,Variable velocity,square,8,0,64,1,8192,24320,fresh,asm,passed,83.03844498004764,34,1.3977376774095323,False,PP(18),18,ASM+PP--GMRES,
p,focused_scaling,Variable velocity,square,8,0,64,1,8192,24320,fresh,bj,passed,77.68623298034072,100,1.3076470167369811,False,PP(18),18,BJ+PP--GMRES,
p,focused_scaling,Variable velocity,square,8,0,64,1,8192,24320,fresh,amg,passed,522.6996989222243,44,8.798298948514251,False,B,,AMG/Jac.--BiCGSTAB,
p,focused_scaling,Variable velocity,square,8,0,64,1,8192,24320,fresh,native,passed,87.72222010884434,25,1.476576930379718,False,S,,native_hp_standard,standard
p,focused_scaling,Variable velocity,square,8,0,64,1,8192,24320,fresh,lu,passed,59.40917693078518,,1.0,True,P-LU$_{16}$,,pardiso_lu,
p,focused_scaling,Variable velocity,square,8,0,64,1,8192,24320,hot,asm,passed,32.16940835894396,34,12.352371255155154,False,PP(18),18,ASM+PP--GMRES,
p,focused_scaling,Variable velocity,square,8,0,64,1,8192,24320,hot,bj,passed,61.332075662600495,100,23.55021764716649,False,PP(18),18,BJ+PP--GMRES,
p,focused_scaling,Variable velocity,square,8,0,64,1,8192,24320,hot,amg,passed,210.3852123642961,44,80.78346423787802,False,B,,AMG/Jac.--BiCGSTAB,
p,focused_scaling,Variable velocity,square,8,0,64,1,8192,24320,hot,native,passed,20.48575001147886,25,7.86609398465147,False,S,,native_hp_standard,standard
p,focused_scaling,Variable velocity,square,8,0,64,1,8192,24320,hot,lu,passed,2.604310354217887,,1.0,True,P-LU$_{16}$,,pardiso_lu,
p,focused_scaling,Variable velocity,square,8,1,64,2,8192,36480,fresh,asm,passed,94.59294495172799,36,1.1956559588439724,False,PP(18),18,ASM+PP--GMRES,
p,focused_scaling,Variable velocity,square,8,1,64,2,8192,36480,fresh,bj,passed,79.11384897306561,100,1.0,True,PP(18),18,BJ+PP--GMRES,
p,focused_scaling,Variable velocity,square,8,1,64,2,8192,36480,fresh,amg,passed,87.17565191909671,17,1.1019012859401613,False,B,,AMG/Jac.--BiCGSTAB,
p,focused_scaling,Variable velocity,square,8,1,64,2,8192,36480,fresh,native,passed,116.65229895152152,54,1.4744864580060553,False,S,,native_hp_standard,standard
p,focused_scaling,Variable velocity,square,8,1,64,2,8192,36480,fresh,lu,passed,79.94613191112876,,1.0105200663204554,False,P-LU$_{8}$,,pardiso_lu,
p,focused_scaling,Variable velocity,square,8,1,64,2,8192,36480,hot,asm,passed,33.60920038539916,36,6.494954885683095,False,PP(18),18,ASM+PP--GMRES,
p,focused_scaling,Variable velocity,square,8,1,64,2,8192,36480,hot,bj,passed,63.26803068319956,100,12.22650346575672,False,PP(18),18,BJ+PP--GMRES,
p,focused_scaling,Variable velocity,square,8,1,64,2,8192,36480,hot,amg,passed,29.317599372006953,17,5.665605938082322,False,B,,AMG/Jac.--BiCGSTAB,
p,focused_scaling,Variable velocity,square,8,1,64,2,8192,36480,hot,native,passed,43.268019993168615,54,8.361515139483933,False,S,,native_hp_standard,standard
p,focused_scaling,Variable velocity,square,8,1,64,2,8192,36480,hot,lu,passed,5.174662638455629,,1.0,True,P-LU$_{8}$,,pardiso_lu,
p,focused_scaling,Variable velocity,square,8,2,64,3,8192,48640,fresh,asm,passed,103.99148997385055,38,1.2198804752150612,False,PP(18),18,ASM+PP--GMRES,
p,focused_scaling,Variable velocity,square,8,2,64,3,8192,48640,fresh,bj,passed,85.24727798067033,100,1.0,True,PP(18),18,BJ+PP--GMRES,
p,focused_scaling,Variable velocity,square,8,2,64,3,8192,48640,fresh,amg,passed,121.97538407053798,20,1.4308419806459471,False,B,,AMG/Jac.--BiCGSTAB,
p,focused_scaling,Variable velocity,square,8,2,64,3,8192,48640,fresh,native,passed,102.40308800712228,29,1.2012475991355642,False,S,,native_hp_standard,standard
p,focused_scaling,Variable velocity,square,8,2,64,3,8192,48640,fresh,lu,passed,101.23890405520797,,1.1875910463459456,False,P-LU$_{12}$,,pardiso_lu,
p,focused_scaling,Variable velocity,square,8,2,64,3,8192,48640,hot,asm,passed,34.824205989328526,38,3.755355493156124,False,PP(18),18,ASM+PP--GMRES,
p,focused_scaling,Variable velocity,square,8,2,64,3,8192,48640,hot,bj,passed,61.27543766827633,100,6.607790325890619,False,PP(18),18,BJ+PP--GMRES,
p,focused_scaling,Variable velocity,square,8,2,64,3,8192,48640,hot,amg,passed,45.28541769832373,20,4.883466464831484,False,B,,AMG/Jac.--BiCGSTAB,
p,focused_scaling,Variable velocity,square,8,2,64,3,8192,48640,hot,native,passed,24.890485025631886,29,2.684127807450098,False,S,,native_hp_standard,standard
p,focused_scaling,Variable velocity,square,8,2,64,3,8192,48640,hot,lu,passed,9.273211564868689,,1.0,True,P-LU$_{16}$,,pardiso_lu,
p,focused_scaling,Variable velocity,square,8,3,64,4,8192,60800,fresh,asm,passed,112.14554694015533,41,1.2169784322681663,False,PP(18),18,ASM+PP--GMRES,
p,focused_scaling,Variable velocity,square,8,3,64,4,8192,60800,fresh,bj,passed,92.15080889407545,100,1.0,True,PP(18),18,BJ+PP--GMRES,
p,focused_scaling,Variable velocity,square,8,3,64,4,8192,60800,fresh,amg,passed,174.19358796905726,20,1.89030991761871,False,B,,AMG/Jac.--BiCGSTAB,
p,focused_scaling,Variable velocity,square,8,3,64,4,8192,60800,fresh,native,passed,111.51172395329922,30,1.2101003267532742,False,S,,native_hp_standard,standard
p,focused_scaling,Variable velocity,square,8,3,64,4,8192,60800,fresh,lu,passed,137.37129815854132,,1.49072265134911,False,P-LU$_{16}$,,pardiso_lu,
p,focused_scaling,Variable velocity,square,8,3,64,4,8192,60800,hot,asm,passed,39.57715102781852,41,2.5068754027683733,False,PP(18),18,ASM+PP--GMRES,
p,focused_scaling,Variable velocity,square,8,3,64,4,8192,60800,hot,bj,passed,63.09903731259207,100,3.9967865414596453,False,PP(18),18,BJ+PP--GMRES,
p,focused_scaling,Variable velocity,square,8,3,64,4,8192,60800,hot,amg,passed,66.43367834233989,20,4.208007646502329,False,B,,AMG/Jac.--BiCGSTAB,
p,focused_scaling,Variable velocity,square,8,3,64,4,8192,60800,hot,native,passed,24.752954680783052,30,1.5678888354414129,False,S,,native_hp_standard,standard
p,focused_scaling,Variable velocity,square,8,3,64,4,8192,60800,hot,lu,passed,15.787442401051521,,1.0,True,P-LU$_{16}$,,pardiso_lu,
p,focused_scaling,Variable velocity,square,8,4,64,6,8192,85120,fresh,asm,passed,155.12024203781039,44,1.420604671573403,False,PP(18),18,ASM+PP--GMRES,
p,focused_scaling,Variable velocity,square,8,4,64,6,8192,85120,fresh,bj,passed,109.19310990720987,100,1.0,True,PP(18),18,BJ+PP--GMRES,
p,focused_scaling,Variable velocity,square,8,4,64,6,8192,85120,fresh,amg,passed,348.5124041326344,24,3.1917069165700407,False,B,,AMG/Jac.--BiCGSTAB,
p,focused_scaling,Variable velocity,square,8,4,64,6,8192,85120,fresh,native,passed,138.29568901564926,31,1.266523951311307,False,S,,native_hp_standard,standard
p,focused_scaling,Variable velocity,square,8,4,64,6,8192,85120,fresh,lu,passed,221.5639289934188,,2.0291017371123456,False,P-LU$_{12}$,,pardiso_lu,
p,focused_scaling,Variable velocity,square,8,4,64,6,8192,85120,hot,asm,passed,53.660158339577414,44,2.041991236296416,False,PP(18),18,ASM+PP--GMRES,
p,focused_scaling,Variable velocity,square,8,4,64,6,8192,85120,hot,bj,passed,68.1174867010365,100,2.5921524495290855,False,PP(18),18,BJ+PP--GMRES,
p,focused_scaling,Variable velocity,square,8,4,64,6,8192,85120,hot,amg,passed,119.27247163839638,24,4.53881146372585,False,B,,AMG/Jac.--BiCGSTAB,
p,focused_scaling,Variable velocity,square,8,4,64,6,8192,85120,hot,native,passed,26.278348988853395,31,1.0,True,S,,native_hp_standard,standard
p,focused_scaling,Variable velocity,square,8,4,64,6,8192,85120,hot,lu,passed,35.512391151860356,,1.351393543290098,False,P-LU$_{12}$,,pardiso_lu,
p,focused_scaling,High diffusion,square,9,0,64,1,8192,24320,fresh,asm,passed,107.87222010549158,63,1.7402645615540417,False,PP(18),18,ASM+PP--GMRES,
p,focused_scaling,High diffusion,square,9,0,64,1,8192,24320,fresh,bj,passed,85.19588399212807,150,1.3744352119273937,False,PP(12),12,BJ+PP--GMRES,
p,focused_scaling,High diffusion,square,9,0,64,1,8192,24320,fresh,amg,passed,569.6789518697187,54,9.190430033168958,False,B,,AMG/Jac.--BiCGSTAB,
p,focused_scaling,High diffusion,square,9,0,64,1,8192,24320,fresh,native,passed,111.23237397987396,50,1.7944727414101498,False,S,,native_hp_standard,standard
p,focused_scaling,High diffusion,square,9,0,64,1,8192,24320,fresh,lu,passed,61.98610400315374,,1.0,True,P-LU$_{4}$,,pardiso_lu,
p,focused_scaling,High diffusion,square,9,0,64,1,8192,24320,hot,asm,passed,47.12889366783202,63,18.15312137469824,False,PP(18),18,ASM+PP--GMRES,
p,focused_scaling,High diffusion,square,9,0,64,1,8192,24320,hot,bj,passed,72.02397368382663,150,27.742215749549576,False,PP(12),12,BJ+PP--GMRES,
p,focused_scaling,High diffusion,square,9,0,64,1,8192,24320,hot,amg,passed,258.2018579511593,54,99.45426895856102,False,B,,AMG/Jac.--BiCGSTAB,
p,focused_scaling,High diffusion,square,9,0,64,1,8192,24320,hot,native,passed,39.330876005503036,50,15.14947859657549,False,S,,native_hp_standard,standard
p,focused_scaling,High diffusion,square,9,0,64,1,8192,24320,hot,lu,passed,2.5961867766454816,,1.0,True,P-LU$_{16}$,,pardiso_lu,
p,focused_scaling,High diffusion,square,9,1,64,2,8192,36480,fresh,asm,passed,117.31889192014933,69,1.5700380508652443,False,PP(18),18,ASM+PP--GMRES,
p,focused_scaling,High diffusion,square,9,1,64,2,8192,36480,fresh,bj,passed,91.46159794181585,150,1.223998851432439,False,PP(12),12,BJ+PP--GMRES,
p,focused_scaling,High diffusion,square,9,1,64,2,8192,36480,fresh,amg,passed,91.53377509210259,19,1.2249647732076832,False,B,,AMG/Jac.--BiCGSTAB,
p,focused_scaling,High diffusion,square,9,1,64,2,8192,36480,fresh,native,passed,118.56067390181124,53,1.5866563885445248,False,S,,native_hp_standard,standard
p,focused_scaling,High diffusion,square,9,1,64,2,8192,36480,fresh,lu,passed,74.7235978487879,,1.0,True,P-LU$_{16}$,,pardiso_lu,
p,focused_scaling,High diffusion,square,9,1,64,2,8192,36480,hot,asm,passed,50.26983733599385,69,10.457437559481424,False,PP(18),18,ASM+PP--GMRES,
p,focused_scaling,High diffusion,square,9,1,64,2,8192,36480,hot,bj,passed,75.8686443247522,150,15.78265721143526,False,PP(12),12,BJ+PP--GMRES,
p,focused_scaling,High diffusion,square,9,1,64,2,8192,36480,hot,amg,passed,32.70301595330238,19,6.803080444692736,False,B,,AMG/Jac.--BiCGSTAB,
p,focused_scaling,High diffusion,square,9,1,64,2,8192,36480,hot,native,passed,41.5456349728629,53,8.642575878928534,False,S,,native_hp_standard,standard
p,focused_scaling,High diffusion,square,9,1,64,2,8192,36480,hot,lu,passed,4.807089408859611,,1.0,True,P-LU$_{16}$,,pardiso_lu,
p,focused_scaling,High diffusion,square,9,2,64,3,8192,48640,fresh,asm,passed,128.8305870257318,74,1.3285799119388395,False,PP(18),18,ASM+PP--GMRES,
p,focused_scaling,High diffusion,square,9,2,64,3,8192,48640,fresh,bj,passed,96.96863987483084,150,1.0,True,PP(12),12,BJ+PP--GMRES,
p,focused_scaling,High diffusion,square,9,2,64,3,8192,48640,fresh,amg,passed,136.0303530236706,26,1.402828308195943,False,B,,AMG/Jac.--BiCGSTAB,
p,focused_scaling,High diffusion,square,9,2,64,3,8192,48640,fresh,native,passed,127.16245208866894,58,1.3113770828673363,False,S,,native_hp_standard,standard
p,focused_scaling,High diffusion,square,9,2,64,3,8192,48640,fresh,lu,passed,97.25825185887516,,1.002986656143864,False,P-LU$_{16}$,,pardiso_lu,
p,focused_scaling,High diffusion,square,9,2,64,3,8192,48640,hot,asm,passed,58.28346005485704,74,5.7205059043861635,False,PP(18),18,ASM+PP--GMRES,
p,focused_scaling,High diffusion,square,9,2,64,3,8192,48640,hot,bj,passed,76.52610365767032,150,7.511016459924282,False,PP(12),12,BJ+PP--GMRES,
p,focused_scaling,High diffusion,square,9,2,64,3,8192,48640,hot,amg,passed,59.211334330029786,26,5.811576514549971,False,B,,AMG/Jac.--BiCGSTAB,
p,focused_scaling,High diffusion,square,9,2,64,3,8192,48640,hot,native,passed,48.01637962615738,58,4.712794725984882,False,S,,native_hp_standard,standard
p,focused_scaling,High diffusion,square,9,2,64,3,8192,48640,hot,lu,passed,10.188514972105622,,1.0,True,P-LU$_{8}$,,pardiso_lu,
p,focused_scaling,High diffusion,square,9,3,64,4,8192,60800,fresh,asm,passed,145.67874802742153,79,1.3858738412690526,False,PP(18),18,ASM+PP--GMRES,
p,focused_scaling,High diffusion,square,9,3,64,4,8192,60800,fresh,bj,passed,105.11688992846757,150,1.0,True,PP(12),12,BJ+PP--GMRES,
p,focused_scaling,High diffusion,square,9,3,64,4,8192,60800,fresh,amg,passed,198.09841399546713,27,1.8845536062784374,False,B,,AMG/Jac.--BiCGSTAB,
p,focused_scaling,High diffusion,square,9,3,64,4,8192,60800,fresh,native,passed,135.0818470818922,60,1.2850632012972976,False,S,,native_hp_standard,standard
p,focused_scaling,High diffusion,square,9,3,64,4,8192,60800,fresh,lu,passed,137.61673332192004,,1.3091781293716807,False,P-LU$_{16}$,,pardiso_lu,
p,focused_scaling,High diffusion,square,9,3,64,4,8192,60800,hot,asm,passed,62.18405564626058,79,3.761938151686389,False,PP(18),18,ASM+PP--GMRES,
p,focused_scaling,High diffusion,square,9,3,64,4,8192,60800,hot,bj,passed,76.33782632183284,150,4.618196389289089,False,PP(12),12,BJ+PP--GMRES,
p,focused_scaling,High diffusion,square,9,3,64,4,8192,60800,hot,amg,passed,89.38677337331076,27,5.407616301549868,False,B,,AMG/Jac.--BiCGSTAB,
p,focused_scaling,High diffusion,square,9,3,64,4,8192,60800,hot,native,passed,47.052077017724514,60,2.8465014352872697,False,S,,native_hp_standard,standard
p,focused_scaling,High diffusion,square,9,3,64,4,8192,60800,hot,lu,passed,16.529792128130794,,1.0,True,P-LU$_{16}$,,pardiso_lu,
p,focused_scaling,High diffusion,square,9,4,64,6,8192,85120,fresh,asm,passed,201.01578580215573,86,1.6757495646195384,False,PP(18),18,ASM+PP--GMRES,
p,focused_scaling,High diffusion,square,9,4,64,6,8192,85120,fresh,bj,passed,119.95574401225895,150,1.0,True,PP(12),12,BJ+PP--GMRES,
p,focused_scaling,High diffusion,square,9,4,64,6,8192,85120,fresh,amg,passed,363.1883109919727,27,3.0276858685054417,False,B,,AMG/Jac.--BiCGSTAB,
p,focused_scaling,High diffusion,square,9,4,64,6,8192,85120,fresh,native,passed,173.98792796302587,65,1.450434319720822,False,S,,native_hp_standard,standard
p,focused_scaling,High diffusion,square,9,4,64,6,8192,85120,fresh,lu,passed,216.36121021583676,,1.8036752803911216,False,P-LU$_{16}$,,pardiso_lu,
p,focused_scaling,High diffusion,square,9,4,64,6,8192,85120,hot,asm,passed,96.4681572901706,86,2.776391157008221,False,PP(18),18,ASM+PP--GMRES,
p,focused_scaling,High diffusion,square,9,4,64,6,8192,85120,hot,bj,passed,80.95708927915742,150,2.329976575541782,False,PP(12),12,BJ+PP--GMRES,
p,focused_scaling,High diffusion,square,9,4,64,6,8192,85120,hot,amg,passed,134.173876993979,27,3.8615764626567515,False,B,,AMG/Jac.--BiCGSTAB,
p,focused_scaling,High diffusion,square,9,4,64,6,8192,85120,hot,native,passed,55.57527237882217,65,1.5994779947621849,False,S,,native_hp_standard,standard
p,focused_scaling,High diffusion,square,9,4,64,6,8192,85120,hot,lu,passed,34.745881194248796,,1.0,True,P-LU$_{16}$,,pardiso_lu,
