acceptance_ratio_min,acceptedOptimizationSteps,accepted_outer_states,active_jaccard,active_symmetric_difference,adaptive_reasons,algorithm_variant,alphaT1,alphaT2,alpha_t1,alpha_t2,anchor,assembly_seconds_total,average_step_seconds,backtracks_total,bestActiveJaccard,bestActivityArea,bestC1Phi,bestC2Phi,bestCertifiedArea,bestCertifiedAreaRel,bestCertifiedIteration,bestCertifiedLeakage,bestCertifiedLeakageRel,bestCertifiedMissing,bestCertifiedScore,bestEpsPhi,bestLeakage,bestLeakageRel,bestMissing,bestMissingRel,bestPlateauJaccard,bestResidual,bestRhoRel,bestWidth,branch_overlap_min,c1T,c1_t,c2T,c2_t,campaigns,capped_trials,certifiedStaleSteps,certifiedStop,certifiedStopMinAccepted,certifiedStopPatience,certifiedStopRtol,certified_jaccard,certified_symmetric_difference,checkNewtonSpd,classification,coercivity_diagnostic_seconds,coercivity_margin_min,damping_min,deferred_reason,deltaC,diagnoseCappedTrialCoercivity,diagnostic,diagnostic_label,diagnostics_csv,diagnostics_every,difficulty,dof_target,domain_diameter,dt,epsMode,epsPhiFixed,epsPhiRatio,epsT,epsTRatio,eps_t,epsilon_ratio_observed,equilibrium,equilibriumCheckpoint,equilibrium_selector,evolution_seconds,exit_code,fallback_parent_case_ids,finalKspType,finalLinearSolver,finalNewtonConverged,finalNewtonIterations,finalNewtonMaxIt,finalNewtonSolveTime,finalNewtonStatus,finalNewtonTolRes,finalNewtonTolStep,finalStatus,final_newton_max_it,final_newton_tol_res,final_time,format,geometry,geometryMode,h_max,handoff_relative_h1,handoff_relative_l2,homotopyAttempt1LambdaFinal,homotopyAttempt1Name,homotopyAttempt1NewtonIterations,homotopyAttempt1RejectedSteps,homotopyAttempt1Stages,homotopyAttempt1Status,homotopyAttempt2LambdaFinal,homotopyAttempt2Name,homotopyAttempt2NewtonIterations,homotopyAttempt2RejectedSteps,homotopyAttempt2Stages,homotopyAttempt2Status,homotopyAttempts,homotopyConverged,homotopyInitialStep,homotopyKspType,homotopyLambdaFinal,homotopyLinearSolver,homotopyMaxStep,homotopyMinStep,homotopyNewtonIterations,homotopyNewtonSolveTime,homotopyPredictor,homotopyRejectedSteps,homotopyStages,homotopyStatus,homotopyTangentSolveTime,homotopyTolRes,homotopy_initial_step,homotopy_lambda_max_logged,homotopy_logged_accepted,homotopy_logged_newton_iterations,homotopy_logged_rejected,homotopy_logged_seconds,homotopy_logged_stages,homotopy_max_step,homotopy_min_step,homotopy_predictor,homotopy_scheme,homotopy_tol_res,homotopy_tolerance_label,id,inexactNewtonAcceptance,inexactNewtonCsv,inexactNewtonMaxSnapshots,inexactNewtonReferenceTol,inexactNewtonRows,inexactNewtonTolerances,inexactOneCorrectionReassemblesSensitivityJacobian,inexact_any_admissible,inexact_policy_summaries,inexact_snapshot_records,initCandidate,initCandidateScore,initFallback,initFrozenActivityAreaRel,initFrozenGradPsi1,initFrozenGradPsi2,initFrozenLeakageRel,initFrozenMissingRel,initMode,initPsiHminus1,initResidualHminus1,initSearch,init_fallback,init_search,initialEquilibrium,initialTransferAccepted,initialTransferAreaRelativeDifference,initialTransferCoordinateError,initialTransferMode,initialTransferNewtonIterations,initialTransferNewtonResidual,initialTransferNewtonStatus,initialTransferUnmatchedFraction,initializationCsv,initialization_method,initialization_seed_policy,innerNewtonTol,innerTolGamma,innerTolMax,inner_accuracy,inner_newton_tol,inner_tolerance_max_observed,inner_tolerance_min_observed,is_numerical_reference,iterativeFallbackSolver,iterative_fallback_solver,kappa,kind,ksp_iterations_total,ksp_seconds_total,line_search_seconds_total,linear_solver,maxNewtonInitialBudget,max_newton_it,max_opt_it,median_step_seconds,mesh,meshFile,mesh_cells,mesh_dofs,mesh_reference_order,mesh_size,minCertifiedAreaFraction,minWidth,ndof,newtonCsv,newtonSoftCap,newtonSoftCapChunk,newtonSoftCapContraction,newtonSoftCapFactor,newtonSoftCapWindow,newtonSpdCsv,newtonSpdEigTol,newtonSpdEvery,newtonSpdInertia,newtonSpdPrefixFilter,newtonSpdRecords,newtonSpdZeroTol,newton_records,newton_residual_min,nonlinearKspType,nonlinearLinearSolver,nonstar_proxy,normalized_contour_hausdorff,normalized_h,nt,num_cells,num_dofs,order,parent_case_id,phase_checkpointing_calls,phase_checkpointing_seconds,phase_final_projection_calls,phase_final_projection_seconds,phase_hminus1_search_calls,phase_hminus1_search_seconds,phase_homotopy_calls,phase_homotopy_seconds,phase_inexact_newton_calls,phase_inexact_newton_seconds,phase_mesh_calls,phase_mesh_seconds,phase_mesh_transfer_calls,phase_mesh_transfer_seconds,phase_reduced_gradients_calls,phase_reduced_gradients_seconds,phase_sensitivities_calls,phase_sensitivities_seconds,phase_target_solve_calls,phase_target_solve_seconds,phase_torsion_calls,phase_torsion_seconds,phase_total_calls,phase_total_seconds,phase_trial_corrections_calls,phase_trial_corrections_seconds,phase_window_fit_calls,phase_window_fit_seconds,phasesCsv,phiTargetL2,phiTargetMax,phi_relative_h1,phi_relative_l2,plateau_onset_iteration,plateau_type,plotSevere,poisson_consistency_relative_h1,poisson_consistency_relative_l2,poisson_solver_sequence,projected_gradient_final,projected_gradient_initial,projected_gradient_ratio,quadDegree,rank_selector,ranks,reference_id,rejected_trial_seconds,rejected_trials,relative_h1,relative_l2,repeat,requires_failure_of,requires_non_success_of,rescue_variant,retainBestCertified,rhoDesignL2,rhoDesignMass,rhoDesignMax,rho_relative_l2,runDir,runInexactNewtonStudy,runTag,run_dir,searchCMax,searchCMin,sensitivityIterativeFallback,sensitivityKspType,sensitivityLinearSolver,solverPreset,solver_preset,source_case_id,state,stationarity_advective_defect_l2,stationarity_advective_defect_rel,stationarity_energy,stationarity_energy_rel_drift,stationarity_mass,stationarity_mass_rel_drift,stationarity_phi_max,stationarity_phi_min,stationarity_rho_change_l2_rel,stationarity_rho_change_linf,stationarity_rho_max,stationarity_rho_min,stationarity_step,stationarity_time,status,steps,stiffnessKspType,stiffnessLinearSolver,targetArea,targetSource,target_area,target_potential_max,threshold_plateau,timeTotal,tolRes,torsion_max,total_seconds,trajectory,trajectoryArchive,trajectory_every,transition_resolution_median,transition_resolution_min,transition_resolution_p10,transport_ilu_levels,transport_solver_sequence,trialLinearMaxIt,trust_radius_final,trust_radius_min,two_grid_active_jaccard,two_grid_active_symmetric_difference,two_grid_certified_jaccard,two_grid_certified_symmetric_difference,two_grid_change,two_grid_epsilon_ratio_observed,two_grid_normalized_contour_hausdorff,two_grid_phi_relative_h1,two_grid_phi_relative_l2,two_grid_relative_h1,two_grid_relative_l2,two_grid_rho_relative_l2,two_grid_transition_resolution_median,two_grid_transition_resolution_min,two_grid_transition_resolution_p10,wall_seconds,working_candidate
,,,,,,,,,0.125,0.175,,0.00182623605360277,,3277.0,,,,,,,,,,,,,,,,,,,,,,,,,,"[""full""]",0,,,,,,,,,pde_failure,,,0.0,,,,,,,,,200000,,,,,,,,,,/home/asaleh/PycharmProjects/hdgfem/run_outputs/torsion_reduced_optimizer_numerical_tests/cases/robustness-smooth_star-f6b6828e6995/attempt_002/run/out/equilibrium.npz,,,,1,,,,,,,,,,,,,,,,smooth_star,,,,,,,,,,,,,,,,,,,,,,,,,,,,,,,,,,0.5750000000000001,14,316,22,125.8108129860193,36,,,,,,,robustness-smooth_star-f6b6828e6995,,,,,,,,,,,,,,,,,,,,,,,,,,,,,,,,,,,,,,,,,,,,,,,,robustness,6512.0,92.84750997993979,23.82714524216135,,,,,,,,,,,,,,,,,,,,,,,,,,,,339,2.8767694392595864e-13,,,,,,,,,4,,0,0.0,0,0.0,1,46.130321555014234,2,125.84841042503831,0,0.0,1,0.08157566899899393,0,0.0,0,0.0,0,0.0,1,0.26335935600218363,1,0.37203765401500277,1,174.3306259039964,0,0.0,1,1.4113829070120119,,,,,,,,,,,,,,,,,,,,,,,,,,,,,,,,,,,/home/asaleh/PycharmProjects/hdgfem/run_outputs/torsion_reduced_optimizer_numerical_tests/cases/robustness-smooth_star-f6b6828e6995/attempt_002/run,,,,,,,,,failed,,,,,,,,,,,,,,,,,,,,,,,,174.3306259039964,,,,,,,,,,,,,,,,,,,,,,,,,,,,,,176.75076365470886,
,,,,,,,,,0.1,0.2,,,,,,,,,,,,,,,,,,,,,,,,,,,,,,"[""full""]",,,,,,,,,,incomplete,,,,,,,,,,,,200000,,,,,,,,,,,,,,,,,,,,,,,,,,,,,,smooth_star,,,,,,,,,,,,,,,,,,,,,,,,,,,,,,,,,,,,,,,,,,,,,,robustness-smooth_star-84db729597ce,,,,,,,,,,,,,,,,,,,,,,,,,,,,,,,,,,,,,,,,,,,,,,,,robustness,,,,,,,,,,,,,,,,,,,,,,,,,,,,,,,,,,,,,,,,,4,,,,,,,,,,,,,,,,,,,,,,,,,,,,,,,,,,,,,,,,,,,,,,,,,,,,,,,,,,,,,,,,,,,,,,,,,planned,,,,,,,,,,,,,,,,,,,,,,,,,,,,,,,,,,,,,,,,,,,,,,,,,,,,,,,
,,,,,,,,,0.05,0.25,,,,,,,,,,,,,,,,,,,,,,,,,,,,,,"[""full""]",,,,,,,,,,incomplete,,,,,,,,,,,,200000,,,,,,,,,,,,,,,,,,,,,,,,,,,,,,smooth_star,,,,,,,,,,,,,,,,,,,,,,,,,,,,,,,,,,,,,,,,,,,,,,robustness-smooth_star-2ab66f440f74,,,,,,,,,,,,,,,,,,,,,,,,,,,,,,,,,,,,,,,,,,,,,,,,robustness,,,,,,,,,,,,,,,,,,,,,,,,,,,,,,,,,,,,,,,,,4,,,,,,,,,,,,,,,,,,,,,,,,,,,,,,,,,,,,,,,,,,,,,,,,,,,,,,,,,,,,,,,,,,,,,,,,,planned,,,,,,,,,,,,,,,,,,,,,,,,,,,,,,,,,,,,,,,,,,,,,,,,,,,,,,,
,,,,,,,,,0.225,0.275,,,,,,,,,,,,,,,,,,,,,,,,,,,,,,"[""full""]",,,,,,,,,,incomplete,,,,,,,,,,,,200000,,,,,,,,,,,,,,,,,,,,,,,,,,,,,,smooth_star,,,,,,,,,,,,,,,,,,,,,,,,,,,,,,,,,,,,,,,,,,,,,,robustness-smooth_star-1483f0aecb86,,,,,,,,,,,,,,,,,,,,,,,,,,,,,,,,,,,,,,,,,,,,,,,,robustness,,,,,,,,,,,,,,,,,,,,,,,,,,,,,,,,,,,,,,,,,4,,,,,,,,,,,,,,,,,,,,,,,,,,,,,,,,,,,,,,,,,,,,,,,,,,,,,,,,,,,,,,,,,,,,,,,,,planned,,,,,,,,,,,,,,,,,,,,,,,,,,,,,,,,,,,,,,,,,,,,,,,,,,,,,,,
,,,,,,,,,0.2,0.3,,,,,,,,,,,,,,,,,,,,,,,,,,,,,,"[""full""]",,,,,,,,,,incomplete,,,,,,,,,,,,200000,,,,,,,,,,,,,,,,,,,,,,,,,,,,,,smooth_star,,,,,,,,,,,,,,,,,,,,,,,,,,,,,,,,,,,,,,,,,,,,,,robustness-smooth_star-49d9d5434f80,,,,,,,,,,,,,,,,,,,,,,,,,,,,,,,,,,,,,,,,,,,,,,,,robustness,,,,,,,,,,,,,,,,,,,,,,,,,,,,,,,,,,,,,,,,,4,,,,,,,,,,,,,,,,,,,,,,,,,,,,,,,,,,,,,,,,,,,,,,,,,,,,,,,,,,,,,,,,,,,,,,,,,planned,,,,,,,,,,,,,,,,,,,,,,,,,,,,,,,,,,,,,,,,,,,,,,,,,,,,,,,
,,,,,,,,,0.15,0.35,,,,,,,,,,,,,,,,,,,,,,,,,,,,,,"[""full""]",,,,,,,,,,incomplete,,,,,,,,,,,,200000,,,,,,,,,,,,,,,,,,,,,,,,,,,,,,smooth_star,,,,,,,,,,,,,,,,,,,,,,,,,,,,,,,,,,,,,,,,,,,,,,robustness-smooth_star-7124425b0734,,,,,,,,,,,,,,,,,,,,,,,,,,,,,,,,,,,,,,,,,,,,,,,,robustness,,,,,,,,,,,,,,,,,,,,,,,,,,,,,,,,,,,,,,,,,4,,,,,,,,,,,,,,,,,,,,,,,,,,,,,,,,,,,,,,,,,,,,,,,,,,,,,,,,,,,,,,,,,,,,,,,,,planned,,,,,,,,,,,,,,,,,,,,,,,,,,,,,,,,,,,,,,,,,,,,,,,,,,,,,,,
,,,,,,,,,0.325,0.375,,,,,,,,,,,,,,,,,,,,,,,,,,,,,,"[""full""]",,,,,,,,,,incomplete,,,,,,,,,,,,200000,,,,,,,,,,,,,,,,,,,,,,,,,,,,,,smooth_star,,,,,,,,,,,,,,,,,,,,,,,,,,,,,,,,,,,,,,,,,,,,,,robustness-smooth_star-a618f580c569,,,,,,,,,,,,,,,,,,,,,,,,,,,,,,,,,,,,,,,,,,,,,,,,robustness,,,,,,,,,,,,,,,,,,,,,,,,,,,,,,,,,,,,,,,,,4,,,,,,,,,,,,,,,,,,,,,,,,,,,,,,,,,,,,,,,,,,,,,,,,,,,,,,,,,,,,,,,,,,,,,,,,,planned,,,,,,,,,,,,,,,,,,,,,,,,,,,,,,,,,,,,,,,,,,,,,,,,,,,,,,,
,,,,,,,,,0.3,0.4,,,,,,,,,,,,,,,,,,,,,,,,,,,,,,"[""full""]",,,,,,,,,,incomplete,,,,,,,,,,,,200000,,,,,,,,,,,,,,,,,,,,,,,,,,,,,,smooth_star,,,,,,,,,,,,,,,,,,,,,,,,,,,,,,,,,,,,,,,,,,,,,,robustness-smooth_star-c959a65bd3f5,,,,,,,,,,,,,,,,,,,,,,,,,,,,,,,,,,,,,,,,,,,,,,,,robustness,,,,,,,,,,,,,,,,,,,,,,,,,,,,,,,,,,,,,,,,,4,,,,,,,,,,,,,,,,,,,,,,,,,,,,,,,,,,,,,,,,,,,,,,,,,,,,,,,,,,,,,,,,,,,,,,,,,planned,,,,,,,,,,,,,,,,,,,,,,,,,,,,,,,,,,,,,,,,,,,,,,,,,,,,,,,
,,,,,,,,,0.25,0.45,,,,,,,,,,,,,,,,,,,,,,,,,,,,,,"[""full""]",,,,,,,,,,incomplete,,,,,,,,,,,,200000,,,,,,,,,,,,,,,,,,,,,,,,,,,,,,smooth_star,,,,,,,,,,,,,,,,,,,,,,,,,,,,,,,,,,,,,,,,,,,,,,robustness-smooth_star-c8cc112e7d4f,,,,,,,,,,,,,,,,,,,,,,,,,,,,,,,,,,,,,,,,,,,,,,,,robustness,,,,,,,,,,,,,,,,,,,,,,,,,,,,,,,,,,,,,,,,,4,,,,,,,,,,,,,,,,,,,,,,,,,,,,,,,,,,,,,,,,,,,,,,,,,,,,,,,,,,,,,,,,,,,,,,,,,planned,,,,,,,,,,,,,,,,,,,,,,,,,,,,,,,,,,,,,,,,,,,,,,,,,,,,,,,
,,,,,,,,,0.425,0.475,,,,,,,,,,,,,,,,,,,,,,,,,,,,,,"[""full""]",,,,,,,,,,incomplete,,,,,,,,,,,,200000,,,,,,,,,,,,,,,,,,,,,,,,,,,,,,smooth_star,,,,,,,,,,,,,,,,,,,,,,,,,,,,,,,,,,,,,,,,,,,,,,robustness-smooth_star-5ded50e9d0f5,,,,,,,,,,,,,,,,,,,,,,,,,,,,,,,,,,,,,,,,,,,,,,,,robustness,,,,,,,,,,,,,,,,,,,,,,,,,,,,,,,,,,,,,,,,,4,,,,,,,,,,,,,,,,,,,,,,,,,,,,,,,,,,,,,,,,,,,,,,,,,,,,,,,,,,,,,,,,,,,,,,,,,planned,,,,,,,,,,,,,,,,,,,,,,,,,,,,,,,,,,,,,,,,,,,,,,,,,,,,,,,
,,,,,,,,,0.4,0.5,,,,,,,,,,,,,,,,,,,,,,,,,,,,,,"[""full""]",,,,,,,,,,incomplete,,,,,,,,,,,,200000,,,,,,,,,,,,,,,,,,,,,,,,,,,,,,smooth_star,,,,,,,,,,,,,,,,,,,,,,,,,,,,,,,,,,,,,,,,,,,,,,robustness-smooth_star-3e48d4e883eb,,,,,,,,,,,,,,,,,,,,,,,,,,,,,,,,,,,,,,,,,,,,,,,,robustness,,,,,,,,,,,,,,,,,,,,,,,,,,,,,,,,,,,,,,,,,4,,,,,,,,,,,,,,,,,,,,,,,,,,,,,,,,,,,,,,,,,,,,,,,,,,,,,,,,,,,,,,,,,,,,,,,,,planned,,,,,,,,,,,,,,,,,,,,,,,,,,,,,,,,,,,,,,,,,,,,,,,,,,,,,,,
,,,,,,,,,0.35,0.55,,,,,,,,,,,,,,,,,,,,,,,,,,,,,,"[""full""]",,,,,,,,,,incomplete,,,,,,,,,,,,200000,,,,,,,,,,,,,,,,,,,,,,,,,,,,,,smooth_star,,,,,,,,,,,,,,,,,,,,,,,,,,,,,,,,,,,,,,,,,,,,,,robustness-smooth_star-77f090e4a0ee,,,,,,,,,,,,,,,,,,,,,,,,,,,,,,,,,,,,,,,,,,,,,,,,robustness,,,,,,,,,,,,,,,,,,,,,,,,,,,,,,,,,,,,,,,,,4,,,,,,,,,,,,,,,,,,,,,,,,,,,,,,,,,,,,,,,,,,,,,,,,,,,,,,,,,,,,,,,,,,,,,,,,,planned,,,,,,,,,,,,,,,,,,,,,,,,,,,,,,,,,,,,,,,,,,,,,,,,,,,,,,,
,,,,,,,,,0.525,0.575,,,,,,,,,,,,,,,,,,,,,,,,,,,,,,"[""full""]",,,,,,,,,,incomplete,,,,,,,,,,,,200000,,,,,,,,,,,,,,,,,,,,,,,,,,,,,,smooth_star,,,,,,,,,,,,,,,,,,,,,,,,,,,,,,,,,,,,,,,,,,,,,,robustness-smooth_star-996b4fe1aab1,,,,,,,,,,,,,,,,,,,,,,,,,,,,,,,,,,,,,,,,,,,,,,,,robustness,,,,,,,,,,,,,,,,,,,,,,,,,,,,,,,,,,,,,,,,,4,,,,,,,,,,,,,,,,,,,,,,,,,,,,,,,,,,,,,,,,,,,,,,,,,,,,,,,,,,,,,,,,,,,,,,,,,planned,,,,,,,,,,,,,,,,,,,,,,,,,,,,,,,,,,,,,,,,,,,,,,,,,,,,,,,
,,,,,,,,,0.5,0.6,,,,,,,,,,,,,,,,,,,,,,,,,,,,,,"[""full""]",,,,,,,,,,incomplete,,,,,,,,,,,,200000,,,,,,,,,,,,,,,,,,,,,,,,,,,,,,smooth_star,,,,,,,,,,,,,,,,,,,,,,,,,,,,,,,,,,,,,,,,,,,,,,robustness-smooth_star-66bfe7b0d2d1,,,,,,,,,,,,,,,,,,,,,,,,,,,,,,,,,,,,,,,,,,,,,,,,robustness,,,,,,,,,,,,,,,,,,,,,,,,,,,,,,,,,,,,,,,,,4,,,,,,,,,,,,,,,,,,,,,,,,,,,,,,,,,,,,,,,,,,,,,,,,,,,,,,,,,,,,,,,,,,,,,,,,,planned,,,,,,,,,,,,,,,,,,,,,,,,,,,,,,,,,,,,,,,,,,,,,,,,,,,,,,,
,,,,,,,,,0.45,0.65,,,,,,,,,,,,,,,,,,,,,,,,,,,,,,"[""full""]",,,,,,,,,,incomplete,,,,,,,,,,,,200000,,,,,,,,,,,,,,,,,,,,,,,,,,,,,,smooth_star,,,,,,,,,,,,,,,,,,,,,,,,,,,,,,,,,,,,,,,,,,,,,,robustness-smooth_star-175ac0b3c24b,,,,,,,,,,,,,,,,,,,,,,,,,,,,,,,,,,,,,,,,,,,,,,,,robustness,,,,,,,,,,,,,,,,,,,,,,,,,,,,,,,,,,,,,,,,,4,,,,,,,,,,,,,,,,,,,,,,,,,,,,,,,,,,,,,,,,,,,,,,,,,,,,,,,,,,,,,,,,,,,,,,,,,planned,,,,,,,,,,,,,,,,,,,,,,,,,,,,,,,,,,,,,,,,,,,,,,,,,,,,,,,
,,,,,,,,,0.625,0.675,,,,,,,,,,,,,,,,,,,,,,,,,,,,,,"[""full""]",,,,,,,,,,incomplete,,,,,,,,,,,,200000,,,,,,,,,,,,,,,,,,,,,,,,,,,,,,smooth_star,,,,,,,,,,,,,,,,,,,,,,,,,,,,,,,,,,,,,,,,,,,,,,robustness-smooth_star-6221ef0cf4cb,,,,,,,,,,,,,,,,,,,,,,,,,,,,,,,,,,,,,,,,,,,,,,,,robustness,,,,,,,,,,,,,,,,,,,,,,,,,,,,,,,,,,,,,,,,,4,,,,,,,,,,,,,,,,,,,,,,,,,,,,,,,,,,,,,,,,,,,,,,,,,,,,,,,,,,,,,,,,,,,,,,,,,planned,,,,,,,,,,,,,,,,,,,,,,,,,,,,,,,,,,,,,,,,,,,,,,,,,,,,,,,
-23.618693556822446,9,9,,,,,0.6,0.7,0.6,0.7,,0.20407905591127928,,0.0,0.5391164935409545,0.579773680405047,0.04110975334782345,0.047317203024599734,0.3112209697039413,0.511274986335027,9,0.0,0.0,0.29749445354581894,0.4008749199077756,0.0004965959741421028,0.10753852076970538,0.1766646887236527,0.13648026361440835,0.2242102933514953,0.5072313550759243,7.188578245290391e-15,0.3770201133789461,0.006207449676776285,0.5229402063233772,0.28064453654073923,,0.3274186259641958,,"[""draft"",""full""]",0,5,1,8,5,0.001,,,0,certified_subband_convergence,,,0.0,,0.0,0,,,,,,200000,4.849127340765605,,relative,None,0.08,0.002806445365407394,0.06,,0.08,/home/asaleh/PycharmProjects/hdgfem/run_outputs/torsion_reduced_optimizer_numerical_tests/cases/robustness-smooth_star-bc43f8564809/attempt_001/run/out/equilibrium.npz,/home/asaleh/PycharmProjects/hdgfem/run_outputs/torsion_reduced_optimizer_numerical_tests/cases/robustness-smooth_star-bc43f8564809/attempt_001/run/out/equilibrium.npz,,,0,,None,mumps,1,1,200,1.1125889670074685,CONVERGED_RESIDUAL,1e-12,,CONVERGED_CERTIFIED_SUBBAND,,,,,smooth_star,file,0.036280838842093675,,,,,,,,,,,,,,,,1,0.1,gmres,1.0,hypre,0.35,0.00025,27,5.381539458991028,1,1,9,CONVERGED_LAMBDA1,2.217665202988428,1e-11,,1.0,9,27,1,8.008386623027036,10,,,,,,,robustness-smooth_star-bc43f8564809,,,,,,,,,,,hminus1_grid_refined,0.000640334884312106,,0.9530644804007137,-0.04433935754465361,0.6666607082477913,0.365502512513396,0.4124380321126824,homotopy,0.000640334884312106,0.03578644671693757,,,,,,,,,,,,,/home/asaleh/PycharmProjects/hdgfem/run_outputs/torsion_reduced_optimizer_numerical_tests/cases/robustness-smooth_star-bc43f8564809/attempt_001/run/logs/initialization.csv,,,None,1e-08,1e-07,,,8.131771160253698e-08,5.726784570111079e-08,,mumps,,2.0,robustness,580.0,14.778671114007011,0.4747686880436959,,,,,,,/home/asaleh/PycharmProjects/hdgfem/run_outputs/torsion_reduced_optimizer_numerical_tests/meshes/smooth_star-p4-dof200000.msh,24713,198742,,0.026136988875920652,0.5,6.231776710328436e-05,198603,/home/asaleh/PycharmProjects/hdgfem/run_outputs/torsion_reduced_optimizer_numerical_tests/cases/robustness-smooth_star-bc43f8564809/attempt_001/run/logs/newton.csv,,,,,,None,1e-08,1,0,None,0,1e-08,71,7.188578245290391e-15,gmres,hypre,,,0.007481931550258169,24713,,,4,,1,1.787313578010071,1,1.1726230659987777,1,49.07644125499064,1,8.032728079997469,,,1,0.089359471006901,,,9,2.3604888070112793,9,4.433607467013644,1,0.35361871399800293,1,0.7138085839978885,1,100.1183400459995,16,9.35328311297053,,,/home/asaleh/PycharmProjects/hdgfem/run_outputs/torsion_reduced_optimizer_numerical_tests/cases/robustness-smooth_star-bc43f8564809/attempt_001/run/logs/phases.csv,0.08521883513858547,0.04985421368262748,,,,none,0,,,,11.118956529454074,416.8791093805523,0.026671896670418242,16,,,,15.668780362029793,7,,,,,,,1,0.7788564626732131,0.6086345545614078,1.0,,/home/asaleh/PycharmProjects/hdgfem/run_outputs/torsion_reduced_optimizer_numerical_tests/cases/robustness-smooth_star-bc43f8564809/attempt_001/run,,run,/home/asaleh/PycharmProjects/hdgfem/run_outputs/torsion_reduced_optimizer_numerical_tests/cases/robustness-smooth_star-bc43f8564809/attempt_001/run,0.06231776710328435,0.0,gmres,cg,hypre,optimized,,,completed,,,,,,,,,,,,,,,,,cg,hypre,0.6087154232497601,sharp_indicator,,,False,100.1183400459995,1e-11,,,,None,,,,,,,300,1.2777089686395271e-05,7.887092399009426e-06,,,,,,,,,,,,,,,,102.78867745399475,
,,,,,,,,,0.55,0.75,,,,,,,,,,,,,,,,,,,,,,,,,,,,,,"[""full""]",,,,,,,,,,incomplete,,,,,,,,,,,,200000,,,,,,,,,,,,,,,,,,,,,,,,,,,,,,smooth_star,,,,,,,,,,,,,,,,,,,,,,,,,,,,,,,,,,,,,,,,,,,,,,robustness-smooth_star-3bcfcc668fd5,,,,,,,,,,,,,,,,,,,,,,,,,,,,,,,,,,,,,,,,,,,,,,,,robustness,,,,,,,,,,,,,,,,,,,,,,,,,,,,,,,,,,,,,,,,,4,,,,,,,,,,,,,,,,,,,,,,,,,,,,,,,,,,,,,,,,,,,,,,,,,,,,,,,,,,,,,,,,,,,,,,,,,planned,,,,,,,,,,,,,,,,,,,,,,,,,,,,,,,,,,,,,,,,,,,,,,,,,,,,,,,
,,,,,,,,,0.725,0.775,,,,,,,,,,,,,,,,,,,,,,,,,,,,,,"[""full""]",,,,,,,,,,incomplete,,,,,,,,,,,,200000,,,,,,,,,,,,,,,,,,,,,,,,,,,,,,smooth_star,,,,,,,,,,,,,,,,,,,,,,,,,,,,,,,,,,,,,,,,,,,,,,robustness-smooth_star-fb2f44680ec4,,,,,,,,,,,,,,,,,,,,,,,,,,,,,,,,,,,,,,,,,,,,,,,,robustness,,,,,,,,,,,,,,,,,,,,,,,,,,,,,,,,,,,,,,,,,4,,,,,,,,,,,,,,,,,,,,,,,,,,,,,,,,,,,,,,,,,,,,,,,,,,,,,,,,,,,,,,,,,,,,,,,,,planned,,,,,,,,,,,,,,,,,,,,,,,,,,,,,,,,,,,,,,,,,,,,,,,,,,,,,,,
,,,,,,,,,0.7,0.8,,,,,,,,,,,,,,,,,,,,,,,,,,,,,,"[""full""]",,,,,,,,,,incomplete,,,,,,,,,,,,200000,,,,,,,,,,,,,,,,,,,,,,,,,,,,,,smooth_star,,,,,,,,,,,,,,,,,,,,,,,,,,,,,,,,,,,,,,,,,,,,,,robustness-smooth_star-746e08076cc7,,,,,,,,,,,,,,,,,,,,,,,,,,,,,,,,,,,,,,,,,,,,,,,,robustness,,,,,,,,,,,,,,,,,,,,,,,,,,,,,,,,,,,,,,,,,4,,,,,,,,,,,,,,,,,,,,,,,,,,,,,,,,,,,,,,,,,,,,,,,,,,,,,,,,,,,,,,,,,,,,,,,,,planned,,,,,,,,,,,,,,,,,,,,,,,,,,,,,,,,,,,,,,,,,,,,,,,,,,,,,,,
,,,,,,,,,0.65,0.85,,,,,,,,,,,,,,,,,,,,,,,,,,,,,,"[""full""]",,,,,,,,,,incomplete,,,,,,,,,,,,200000,,,,,,,,,,,,,,,,,,,,,,,,,,,,,,smooth_star,,,,,,,,,,,,,,,,,,,,,,,,,,,,,,,,,,,,,,,,,,,,,,robustness-smooth_star-b67d987ff36a,,,,,,,,,,,,,,,,,,,,,,,,,,,,,,,,,,,,,,,,,,,,,,,,robustness,,,,,,,,,,,,,,,,,,,,,,,,,,,,,,,,,,,,,,,,,4,,,,,,,,,,,,,,,,,,,,,,,,,,,,,,,,,,,,,,,,,,,,,,,,,,,,,,,,,,,,,,,,,,,,,,,,,planned,,,,,,,,,,,,,,,,,,,,,,,,,,,,,,,,,,,,,,,,,,,,,,,,,,,,,,,
,,,,,,,,,0.825,0.875,,,,,,,,,,,,,,,,,,,,,,,,,,,,,,"[""full""]",,,,,,,,,,incomplete,,,,,,,,,,,,200000,,,,,,,,,,,,,,,,,,,,,,,,,,,,,,smooth_star,,,,,,,,,,,,,,,,,,,,,,,,,,,,,,,,,,,,,,,,,,,,,,robustness-smooth_star-0cd230724662,,,,,,,,,,,,,,,,,,,,,,,,,,,,,,,,,,,,,,,,,,,,,,,,robustness,,,,,,,,,,,,,,,,,,,,,,,,,,,,,,,,,,,,,,,,,4,,,,,,,,,,,,,,,,,,,,,,,,,,,,,,,,,,,,,,,,,,,,,,,,,,,,,,,,,,,,,,,,,,,,,,,,,planned,,,,,,,,,,,,,,,,,,,,,,,,,,,,,,,,,,,,,,,,,,,,,,,,,,,,,,,
,,,,,,,,,0.8,0.9,,,,,,,,,,,,,,,,,,,,,,,,,,,,,,"[""full""]",,,,,,,,,,incomplete,,,,,,,,,,,,200000,,,,,,,,,,,,,,,,,,,,,,,,,,,,,,smooth_star,,,,,,,,,,,,,,,,,,,,,,,,,,,,,,,,,,,,,,,,,,,,,,robustness-smooth_star-32a28dc44e08,,,,,,,,,,,,,,,,,,,,,,,,,,,,,,,,,,,,,,,,,,,,,,,,robustness,,,,,,,,,,,,,,,,,,,,,,,,,,,,,,,,,,,,,,,,,4,,,,,,,,,,,,,,,,,,,,,,,,,,,,,,,,,,,,,,,,,,,,,,,,,,,,,,,,,,,,,,,,,,,,,,,,,planned,,,,,,,,,,,,,,,,,,,,,,,,,,,,,,,,,,,,,,,,,,,,,,,,,,,,,,,
,,,,,,,,,0.75,0.95,,,,,,,,,,,,,,,,,,,,,,,,,,,,,,"[""full""]",,,,,,,,,,incomplete,,,,,,,,,,,,200000,,,,,,,,,,,,,,,,,,,,,,,,,,,,,,smooth_star,,,,,,,,,,,,,,,,,,,,,,,,,,,,,,,,,,,,,,,,,,,,,,robustness-smooth_star-739649fbc502,,,,,,,,,,,,,,,,,,,,,,,,,,,,,,,,,,,,,,,,,,,,,,,,robustness,,,,,,,,,,,,,,,,,,,,,,,,,,,,,,,,,,,,,,,,,4,,,,,,,,,,,,,,,,,,,,,,,,,,,,,,,,,,,,,,,,,,,,,,,,,,,,,,,,,,,,,,,,,,,,,,,,,planned,,,,,,,,,,,,,,,,,,,,,,,,,,,,,,,,,,,,,,,,,,,,,,,,,,,,,,,
,,,,,,,,,0.45,0.5,True,,,,,,,,,,,,,,,,,,,,,,,,,,,,,"[""full""]",,,,,,,,,,incomplete,,,,,,,,,,,,200000,,,,,,,,,,,,,,,,,,,,,,,,,,,,,,smooth_star,,,,,,,,,,,,,,,,,,,,,,,,,,,,,,,,,,,,,,,,,,,,,,robustness-smooth_star-853962e7dfa4,,,,,,,,,,,,,,,,,,,,,,,,,,,,,,,,,,,,,,,,,,,,,,,,robustness,,,,,,,,,,,,,,,,,,,,,,,,,,,,,,,,,,,,,,,,,4,,,,,,,,,,,,,,,,,,,,,,,,,,,,,,,,,,,,,,,,,,,,,,,,,,,,,,,,,,,,,,,,,,,,,,,,,planned,,,,,,,,,,,,,,,,,,,,,,,,,,,,,,,,,,,,,,,,,,,,,,,,,,,,,,,
,,,,,,,,,0.125,0.175,,,,,,,,,,,,,,,,,,,,,,,,,,,,,,"[""full""]",,,,,,,,,,incomplete,,,,,,,,,,,,200000,,,,,,,,,,,,,,,,,,,,,,,,,,,,,,pacman,,,,,,,,,,,,,,,,,,,,,,,,,,,,,,,,,,,,,,,,,,,,,,robustness-pacman-e8ef49b06d78,,,,,,,,,,,,,,,,,,,,,,,,,,,,,,,,,,,,,,,,,,,,,,,,robustness,,,,,,,,,,,,,,,,,,,,,,,,,,,,,,,,,,,,,,,,,4,,,,,,,,,,,,,,,,,,,,,,,,,,,,,,,,,,,,,,,,,,,,,,,,,,,,,,,,,,,,,,,,,,,,,,,,,planned,,,,,,,,,,,,,,,,,,,,,,,,,,,,,,,,,,,,,,,,,,,,,,,,,,,,,,,
,,,,,,,,,0.1,0.2,,,,,,,,,,,,,,,,,,,,,,,,,,,,,,"[""full""]",,,,,,,,,,incomplete,,,,,,,,,,,,200000,,,,,,,,,,,,,,,,,,,,,,,,,,,,,,pacman,,,,,,,,,,,,,,,,,,,,,,,,,,,,,,,,,,,,,,,,,,,,,,robustness-pacman-e94550668f40,,,,,,,,,,,,,,,,,,,,,,,,,,,,,,,,,,,,,,,,,,,,,,,,robustness,,,,,,,,,,,,,,,,,,,,,,,,,,,,,,,,,,,,,,,,,4,,,,,,,,,,,,,,,,,,,,,,,,,,,,,,,,,,,,,,,,,,,,,,,,,,,,,,,,,,,,,,,,,,,,,,,,,planned,,,,,,,,,,,,,,,,,,,,,,,,,,,,,,,,,,,,,,,,,,,,,,,,,,,,,,,
,,,,,,,,,0.05,0.25,,,,,,,,,,,,,,,,,,,,,,,,,,,,,,"[""full""]",,,,,,,,,,incomplete,,,,,,,,,,,,200000,,,,,,,,,,,,,,,,,,,,,,,,,,,,,,pacman,,,,,,,,,,,,,,,,,,,,,,,,,,,,,,,,,,,,,,,,,,,,,,robustness-pacman-504faca58383,,,,,,,,,,,,,,,,,,,,,,,,,,,,,,,,,,,,,,,,,,,,,,,,robustness,,,,,,,,,,,,,,,,,,,,,,,,,,,,,,,,,,,,,,,,,4,,,,,,,,,,,,,,,,,,,,,,,,,,,,,,,,,,,,,,,,,,,,,,,,,,,,,,,,,,,,,,,,,,,,,,,,,planned,,,,,,,,,,,,,,,,,,,,,,,,,,,,,,,,,,,,,,,,,,,,,,,,,,,,,,,
,,,,,,,,,0.225,0.275,,,,,,,,,,,,,,,,,,,,,,,,,,,,,,"[""full""]",,,,,,,,,,incomplete,,,,,,,,,,,,200000,,,,,,,,,,,,,,,,,,,,,,,,,,,,,,pacman,,,,,,,,,,,,,,,,,,,,,,,,,,,,,,,,,,,,,,,,,,,,,,robustness-pacman-e412a9721d6c,,,,,,,,,,,,,,,,,,,,,,,,,,,,,,,,,,,,,,,,,,,,,,,,robustness,,,,,,,,,,,,,,,,,,,,,,,,,,,,,,,,,,,,,,,,,4,,,,,,,,,,,,,,,,,,,,,,,,,,,,,,,,,,,,,,,,,,,,,,,,,,,,,,,,,,,,,,,,,,,,,,,,,planned,,,,,,,,,,,,,,,,,,,,,,,,,,,,,,,,,,,,,,,,,,,,,,,,,,,,,,,
,,,,,,,,,0.2,0.3,,,,,,,,,,,,,,,,,,,,,,,,,,,,,,"[""full""]",,,,,,,,,,incomplete,,,,,,,,,,,,200000,,,,,,,,,,,,,,,,,,,,,,,,,,,,,,pacman,,,,,,,,,,,,,,,,,,,,,,,,,,,,,,,,,,,,,,,,,,,,,,robustness-pacman-035dadad1cb4,,,,,,,,,,,,,,,,,,,,,,,,,,,,,,,,,,,,,,,,,,,,,,,,robustness,,,,,,,,,,,,,,,,,,,,,,,,,,,,,,,,,,,,,,,,,4,,,,,,,,,,,,,,,,,,,,,,,,,,,,,,,,,,,,,,,,,,,,,,,,,,,,,,,,,,,,,,,,,,,,,,,,,planned,,,,,,,,,,,,,,,,,,,,,,,,,,,,,,,,,,,,,,,,,,,,,,,,,,,,,,,
,,,,,,,,,0.15,0.35,,,,,,,,,,,,,,,,,,,,,,,,,,,,,,"[""full""]",,,,,,,,,,incomplete,,,,,,,,,,,,200000,,,,,,,,,,,,,,,,,,,,,,,,,,,,,,pacman,,,,,,,,,,,,,,,,,,,,,,,,,,,,,,,,,,,,,,,,,,,,,,robustness-pacman-4905f423e39e,,,,,,,,,,,,,,,,,,,,,,,,,,,,,,,,,,,,,,,,,,,,,,,,robustness,,,,,,,,,,,,,,,,,,,,,,,,,,,,,,,,,,,,,,,,,4,,,,,,,,,,,,,,,,,,,,,,,,,,,,,,,,,,,,,,,,,,,,,,,,,,,,,,,,,,,,,,,,,,,,,,,,,planned,,,,,,,,,,,,,,,,,,,,,,,,,,,,,,,,,,,,,,,,,,,,,,,,,,,,,,,
,,,,,,,,,0.325,0.375,,,,,,,,,,,,,,,,,,,,,,,,,,,,,,"[""full""]",,,,,,,,,,incomplete,,,,,,,,,,,,200000,,,,,,,,,,,,,,,,,,,,,,,,,,,,,,pacman,,,,,,,,,,,,,,,,,,,,,,,,,,,,,,,,,,,,,,,,,,,,,,robustness-pacman-b9b12729a9f8,,,,,,,,,,,,,,,,,,,,,,,,,,,,,,,,,,,,,,,,,,,,,,,,robustness,,,,,,,,,,,,,,,,,,,,,,,,,,,,,,,,,,,,,,,,,4,,,,,,,,,,,,,,,,,,,,,,,,,,,,,,,,,,,,,,,,,,,,,,,,,,,,,,,,,,,,,,,,,,,,,,,,,planned,,,,,,,,,,,,,,,,,,,,,,,,,,,,,,,,,,,,,,,,,,,,,,,,,,,,,,,
,,,,,,,,,0.3,0.4,,,,,,,,,,,,,,,,,,,,,,,,,,,,,,"[""full""]",,,,,,,,,,incomplete,,,,,,,,,,,,200000,,,,,,,,,,,,,,,,,,,,,,,,,,,,,,pacman,,,,,,,,,,,,,,,,,,,,,,,,,,,,,,,,,,,,,,,,,,,,,,robustness-pacman-2548e15f3e67,,,,,,,,,,,,,,,,,,,,,,,,,,,,,,,,,,,,,,,,,,,,,,,,robustness,,,,,,,,,,,,,,,,,,,,,,,,,,,,,,,,,,,,,,,,,4,,,,,,,,,,,,,,,,,,,,,,,,,,,,,,,,,,,,,,,,,,,,,,,,,,,,,,,,,,,,,,,,,,,,,,,,,planned,,,,,,,,,,,,,,,,,,,,,,,,,,,,,,,,,,,,,,,,,,,,,,,,,,,,,,,
,,,,,,,,,0.25,0.45,,,,,,,,,,,,,,,,,,,,,,,,,,,,,,"[""full""]",,,,,,,,,,incomplete,,,,,,,,,,,,200000,,,,,,,,,,,,,,,,,,,,,,,,,,,,,,pacman,,,,,,,,,,,,,,,,,,,,,,,,,,,,,,,,,,,,,,,,,,,,,,robustness-pacman-2d1e7bef041f,,,,,,,,,,,,,,,,,,,,,,,,,,,,,,,,,,,,,,,,,,,,,,,,robustness,,,,,,,,,,,,,,,,,,,,,,,,,,,,,,,,,,,,,,,,,4,,,,,,,,,,,,,,,,,,,,,,,,,,,,,,,,,,,,,,,,,,,,,,,,,,,,,,,,,,,,,,,,,,,,,,,,,planned,,,,,,,,,,,,,,,,,,,,,,,,,,,,,,,,,,,,,,,,,,,,,,,,,,,,,,,
,,,,,,,,,0.425,0.475,,,,,,,,,,,,,,,,,,,,,,,,,,,,,,"[""full""]",,,,,,,,,,incomplete,,,,,,,,,,,,200000,,,,,,,,,,,,,,,,,,,,,,,,,,,,,,pacman,,,,,,,,,,,,,,,,,,,,,,,,,,,,,,,,,,,,,,,,,,,,,,robustness-pacman-eaf88a51d1dc,,,,,,,,,,,,,,,,,,,,,,,,,,,,,,,,,,,,,,,,,,,,,,,,robustness,,,,,,,,,,,,,,,,,,,,,,,,,,,,,,,,,,,,,,,,,4,,,,,,,,,,,,,,,,,,,,,,,,,,,,,,,,,,,,,,,,,,,,,,,,,,,,,,,,,,,,,,,,,,,,,,,,,planned,,,,,,,,,,,,,,,,,,,,,,,,,,,,,,,,,,,,,,,,,,,,,,,,,,,,,,,
,,,,,,,,,0.4,0.5,,,,,,,,,,,,,,,,,,,,,,,,,,,,,,"[""full""]",,,,,,,,,,incomplete,,,,,,,,,,,,200000,,,,,,,,,,,,,,,,,,,,,,,,,,,,,,pacman,,,,,,,,,,,,,,,,,,,,,,,,,,,,,,,,,,,,,,,,,,,,,,robustness-pacman-250e89c0b1ca,,,,,,,,,,,,,,,,,,,,,,,,,,,,,,,,,,,,,,,,,,,,,,,,robustness,,,,,,,,,,,,,,,,,,,,,,,,,,,,,,,,,,,,,,,,,4,,,,,,,,,,,,,,,,,,,,,,,,,,,,,,,,,,,,,,,,,,,,,,,,,,,,,,,,,,,,,,,,,,,,,,,,,planned,,,,,,,,,,,,,,,,,,,,,,,,,,,,,,,,,,,,,,,,,,,,,,,,,,,,,,,
,,,,,,,,,0.35,0.55,,,,,,,,,,,,,,,,,,,,,,,,,,,,,,"[""full""]",,,,,,,,,,incomplete,,,,,,,,,,,,200000,,,,,,,,,,,,,,,,,,,,,,,,,,,,,,pacman,,,,,,,,,,,,,,,,,,,,,,,,,,,,,,,,,,,,,,,,,,,,,,robustness-pacman-8236955bba7f,,,,,,,,,,,,,,,,,,,,,,,,,,,,,,,,,,,,,,,,,,,,,,,,robustness,,,,,,,,,,,,,,,,,,,,,,,,,,,,,,,,,,,,,,,,,4,,,,,,,,,,,,,,,,,,,,,,,,,,,,,,,,,,,,,,,,,,,,,,,,,,,,,,,,,,,,,,,,,,,,,,,,,planned,,,,,,,,,,,,,,,,,,,,,,,,,,,,,,,,,,,,,,,,,,,,,,,,,,,,,,,
,,,,,,,,,0.525,0.575,,,,,,,,,,,,,,,,,,,,,,,,,,,,,,"[""full""]",,,,,,,,,,incomplete,,,,,,,,,,,,200000,,,,,,,,,,,,,,,,,,,,,,,,,,,,,,pacman,,,,,,,,,,,,,,,,,,,,,,,,,,,,,,,,,,,,,,,,,,,,,,robustness-pacman-fe90a0e1e753,,,,,,,,,,,,,,,,,,,,,,,,,,,,,,,,,,,,,,,,,,,,,,,,robustness,,,,,,,,,,,,,,,,,,,,,,,,,,,,,,,,,,,,,,,,,4,,,,,,,,,,,,,,,,,,,,,,,,,,,,,,,,,,,,,,,,,,,,,,,,,,,,,,,,,,,,,,,,,,,,,,,,,planned,,,,,,,,,,,,,,,,,,,,,,,,,,,,,,,,,,,,,,,,,,,,,,,,,,,,,,,
,,,,,,,,,0.5,0.6,,,,,,,,,,,,,,,,,,,,,,,,,,,,,,"[""full""]",,,,,,,,,,incomplete,,,,,,,,,,,,200000,,,,,,,,,,,,,,,,,,,,,,,,,,,,,,pacman,,,,,,,,,,,,,,,,,,,,,,,,,,,,,,,,,,,,,,,,,,,,,,robustness-pacman-46a3dfbf7fb0,,,,,,,,,,,,,,,,,,,,,,,,,,,,,,,,,,,,,,,,,,,,,,,,robustness,,,,,,,,,,,,,,,,,,,,,,,,,,,,,,,,,,,,,,,,,4,,,,,,,,,,,,,,,,,,,,,,,,,,,,,,,,,,,,,,,,,,,,,,,,,,,,,,,,,,,,,,,,,,,,,,,,,planned,,,,,,,,,,,,,,,,,,,,,,,,,,,,,,,,,,,,,,,,,,,,,,,,,,,,,,,
,,,,,,,,,0.45,0.65,,,,,,,,,,,,,,,,,,,,,,,,,,,,,,"[""full""]",,,,,,,,,,incomplete,,,,,,,,,,,,200000,,,,,,,,,,,,,,,,,,,,,,,,,,,,,,pacman,,,,,,,,,,,,,,,,,,,,,,,,,,,,,,,,,,,,,,,,,,,,,,robustness-pacman-35cf7adf46b5,,,,,,,,,,,,,,,,,,,,,,,,,,,,,,,,,,,,,,,,,,,,,,,,robustness,,,,,,,,,,,,,,,,,,,,,,,,,,,,,,,,,,,,,,,,,4,,,,,,,,,,,,,,,,,,,,,,,,,,,,,,,,,,,,,,,,,,,,,,,,,,,,,,,,,,,,,,,,,,,,,,,,,planned,,,,,,,,,,,,,,,,,,,,,,,,,,,,,,,,,,,,,,,,,,,,,,,,,,,,,,,
,,,,,,,,,0.625,0.675,,,,,,,,,,,,,,,,,,,,,,,,,,,,,,"[""full""]",,,,,,,,,,incomplete,,,,,,,,,,,,200000,,,,,,,,,,,,,,,,,,,,,,,,,,,,,,pacman,,,,,,,,,,,,,,,,,,,,,,,,,,,,,,,,,,,,,,,,,,,,,,robustness-pacman-0e2134832761,,,,,,,,,,,,,,,,,,,,,,,,,,,,,,,,,,,,,,,,,,,,,,,,robustness,,,,,,,,,,,,,,,,,,,,,,,,,,,,,,,,,,,,,,,,,4,,,,,,,,,,,,,,,,,,,,,,,,,,,,,,,,,,,,,,,,,,,,,,,,,,,,,,,,,,,,,,,,,,,,,,,,,planned,,,,,,,,,,,,,,,,,,,,,,,,,,,,,,,,,,,,,,,,,,,,,,,,,,,,,,,
-21.95965212673676,24,24,,,,,0.6,0.7,0.6,0.7,,0.43847479099349584,,416.0,0.27497405161786326,0.15246525476222578,0.008622746843662005,0.010467437964239905,0.08240888951346381,0.3452480565993575,-1,0.0006149754359282345,0.0025764098432108752,0.1569008097253421,inf,0.00014757528964623194,0.05265652415467055,0.22060196101425428,0.1388859931953197,0.5818561507459908,0.3387328328493647,6.650550524608527e-12,0.7958478816962961,0.001844691120577899,0.16039542122402012,0.04266241268389901,,0.04977281479788218,,"[""draft"",""full""]",0,0,1,8,5,0.001,,,0,geometrically_unsuccessful_pde_converged,,,0.0,,0.0,0,,,,,,200000,2.7784429481292796,,relative,None,0.08,0.0004266241268389903,0.06,,0.08,/home/asaleh/PycharmProjects/hdgfem/run_outputs/torsion_reduced_optimizer_numerical_tests/cases/robustness-pacman-f1b9c60089d5/attempt_001/run/out/equilibrium.npz,/home/asaleh/PycharmProjects/hdgfem/run_outputs/torsion_reduced_optimizer_numerical_tests/cases/robustness-pacman-f1b9c60089d5/attempt_001/run/out/equilibrium.npz,,,3,,None,mumps,0,1,200,2.1319912699982524,FAIL_STEP_STAGNATION,1e-12,,NEWTON_NOT_CONVERGED,,,,,pacman,file,0.01985157273528982,,,,,,,,,,,,,,,,1,0.1,gmres,1.0,hypre,0.35,0.00025,82,23.45797793105885,1,1,12,CONVERGED_LAMBDA1,2.8800161259860033,1e-11,,1.0,12,82,1,30.732064657000592,13,,,,,,,robustness-pacman-f1b9c60089d5,,,,,,,,,,,hminus1_grid_refined,0.00027036589026197303,,0.6517493524601515,0.061459970078046586,-0.027406941549837784,0.3731268756411237,0.721377523180972,homotopy,0.00027036589026197303,0.023253640156413062,,,,,,,,,,,,,/home/asaleh/PycharmProjects/hdgfem/run_outputs/torsion_reduced_optimizer_numerical_tests/cases/robustness-pacman-f1b9c60089d5/attempt_001/run/logs/initialization.csv,,,None,1e-08,1e-07,,,1e-07,1e-07,,mumps,,2.0,robustness,2512.0,45.474805217047106,4.750519662964507,,,,,,,/home/asaleh/PycharmProjects/hdgfem/run_outputs/torsion_reduced_optimizer_numerical_tests/meshes/pacman-p4-dof200000.msh,24616,198110,,0.015339860759635334,0.5,1.1726376771785123e-05,198109,/home/asaleh/PycharmProjects/hdgfem/run_outputs/torsion_reduced_optimizer_numerical_tests/cases/robustness-pacman-f1b9c60089d5/attempt_001/run/logs/newton.csv,,,,,,None,1e-08,1,0,None,0,1e-08,181,6.529795760227251e-14,gmres,hypre,,,0.007144855268183875,24616,,,4,,1,1.399479298008373,1,2.20327263600484,1,47.89933879300952,1,30.759987290992285,,,1,0.08622839899908286,,,24,4.431438738043653,24,11.233966260988382,1,0.34169510399806313,1,0.6890088650106918,1,164.66700646199752,30,22.15862871198624,,,/home/asaleh/PycharmProjects/hdgfem/run_outputs/torsion_reduced_optimizer_numerical_tests/cases/robustness-pacman-f1b9c60089d5/attempt_001/run/logs/phases.csv,0.008332357731096297,0.009381101417428098,,,,none,0,,,,nan,182.5147107171866,nan,16,,,,19.341401624013088,7,,,,,,,1,0.4872477293218172,0.23845156763426725,1.0,,/home/asaleh/PycharmProjects/hdgfem/run_outputs/torsion_reduced_optimizer_numerical_tests/cases/robustness-pacman-f1b9c60089d5/attempt_001/run,,run,/home/asaleh/PycharmProjects/hdgfem/run_outputs/torsion_reduced_optimizer_numerical_tests/cases/robustness-pacman-f1b9c60089d5/attempt_001/run,0.011726376771785122,0.0,gmres,cg,hypre,optimized,,,failed,,,,,,,,,,,,,,,,,cg,hypre,0.2386947238028774,sharp_indicator,,,False,164.66700646199752,1e-11,,,,None,,,,,,,300,9.617094749960275e-06,9.617094749960275e-06,,,,,,,,,,,,,,,,167.31294560432434,
,,,,,,,,,0.55,0.75,,,,,,,,,,,,,,,,,,,,,,,,,,,,,,"[""full""]",,,,,,,,,,incomplete,,,,,,,,,,,,200000,,,,,,,,,,,,,,,,,,,,,,,,,,,,,,pacman,,,,,,,,,,,,,,,,,,,,,,,,,,,,,,,,,,,,,,,,,,,,,,robustness-pacman-3f24f32d6307,,,,,,,,,,,,,,,,,,,,,,,,,,,,,,,,,,,,,,,,,,,,,,,,robustness,,,,,,,,,,,,,,,,,,,,,,,,,,,,,,,,,,,,,,,,,4,,,,,,,,,,,,,,,,,,,,,,,,,,,,,,,,,,,,,,,,,,,,,,,,,,,,,,,,,,,,,,,,,,,,,,,,,planned,,,,,,,,,,,,,,,,,,,,,,,,,,,,,,,,,,,,,,,,,,,,,,,,,,,,,,,
,,,,,,,,,0.725,0.775,,,,,,,,,,,,,,,,,,,,,,,,,,,,,,"[""full""]",,,,,,,,,,incomplete,,,,,,,,,,,,200000,,,,,,,,,,,,,,,,,,,,,,,,,,,,,,pacman,,,,,,,,,,,,,,,,,,,,,,,,,,,,,,,,,,,,,,,,,,,,,,robustness-pacman-fc0fb5c9716a,,,,,,,,,,,,,,,,,,,,,,,,,,,,,,,,,,,,,,,,,,,,,,,,robustness,,,,,,,,,,,,,,,,,,,,,,,,,,,,,,,,,,,,,,,,,4,,,,,,,,,,,,,,,,,,,,,,,,,,,,,,,,,,,,,,,,,,,,,,,,,,,,,,,,,,,,,,,,,,,,,,,,,planned,,,,,,,,,,,,,,,,,,,,,,,,,,,,,,,,,,,,,,,,,,,,,,,,,,,,,,,
,,,,,,,,,0.7,0.8,,,,,,,,,,,,,,,,,,,,,,,,,,,,,,"[""full""]",,,,,,,,,,incomplete,,,,,,,,,,,,200000,,,,,,,,,,,,,,,,,,,,,,,,,,,,,,pacman,,,,,,,,,,,,,,,,,,,,,,,,,,,,,,,,,,,,,,,,,,,,,,robustness-pacman-4bca5d4d7749,,,,,,,,,,,,,,,,,,,,,,,,,,,,,,,,,,,,,,,,,,,,,,,,robustness,,,,,,,,,,,,,,,,,,,,,,,,,,,,,,,,,,,,,,,,,4,,,,,,,,,,,,,,,,,,,,,,,,,,,,,,,,,,,,,,,,,,,,,,,,,,,,,,,,,,,,,,,,,,,,,,,,,planned,,,,,,,,,,,,,,,,,,,,,,,,,,,,,,,,,,,,,,,,,,,,,,,,,,,,,,,
,,,,,,,,,0.65,0.85,,,,,,,,,,,,,,,,,,,,,,,,,,,,,,"[""full""]",,,,,,,,,,incomplete,,,,,,,,,,,,200000,,,,,,,,,,,,,,,,,,,,,,,,,,,,,,pacman,,,,,,,,,,,,,,,,,,,,,,,,,,,,,,,,,,,,,,,,,,,,,,robustness-pacman-3ffe2b50f631,,,,,,,,,,,,,,,,,,,,,,,,,,,,,,,,,,,,,,,,,,,,,,,,robustness,,,,,,,,,,,,,,,,,,,,,,,,,,,,,,,,,,,,,,,,,4,,,,,,,,,,,,,,,,,,,,,,,,,,,,,,,,,,,,,,,,,,,,,,,,,,,,,,,,,,,,,,,,,,,,,,,,,planned,,,,,,,,,,,,,,,,,,,,,,,,,,,,,,,,,,,,,,,,,,,,,,,,,,,,,,,
,,,,,,,,,0.825,0.875,,,,,,,,,,,,,,,,,,,,,,,,,,,,,,"[""full""]",,,,,,,,,,incomplete,,,,,,,,,,,,200000,,,,,,,,,,,,,,,,,,,,,,,,,,,,,,pacman,,,,,,,,,,,,,,,,,,,,,,,,,,,,,,,,,,,,,,,,,,,,,,robustness-pacman-e65bbd5d9084,,,,,,,,,,,,,,,,,,,,,,,,,,,,,,,,,,,,,,,,,,,,,,,,robustness,,,,,,,,,,,,,,,,,,,,,,,,,,,,,,,,,,,,,,,,,4,,,,,,,,,,,,,,,,,,,,,,,,,,,,,,,,,,,,,,,,,,,,,,,,,,,,,,,,,,,,,,,,,,,,,,,,,planned,,,,,,,,,,,,,,,,,,,,,,,,,,,,,,,,,,,,,,,,,,,,,,,,,,,,,,,
,,,,,,,,,0.8,0.9,,,,,,,,,,,,,,,,,,,,,,,,,,,,,,"[""full""]",,,,,,,,,,incomplete,,,,,,,,,,,,200000,,,,,,,,,,,,,,,,,,,,,,,,,,,,,,pacman,,,,,,,,,,,,,,,,,,,,,,,,,,,,,,,,,,,,,,,,,,,,,,robustness-pacman-fd75200456d1,,,,,,,,,,,,,,,,,,,,,,,,,,,,,,,,,,,,,,,,,,,,,,,,robustness,,,,,,,,,,,,,,,,,,,,,,,,,,,,,,,,,,,,,,,,,4,,,,,,,,,,,,,,,,,,,,,,,,,,,,,,,,,,,,,,,,,,,,,,,,,,,,,,,,,,,,,,,,,,,,,,,,,planned,,,,,,,,,,,,,,,,,,,,,,,,,,,,,,,,,,,,,,,,,,,,,,,,,,,,,,,
,,,,,,,,,0.75,0.95,,,,,,,,,,,,,,,,,,,,,,,,,,,,,,"[""full""]",,,,,,,,,,incomplete,,,,,,,,,,,,200000,,,,,,,,,,,,,,,,,,,,,,,,,,,,,,pacman,,,,,,,,,,,,,,,,,,,,,,,,,,,,,,,,,,,,,,,,,,,,,,robustness-pacman-8b8eb1c5f5d8,,,,,,,,,,,,,,,,,,,,,,,,,,,,,,,,,,,,,,,,,,,,,,,,robustness,,,,,,,,,,,,,,,,,,,,,,,,,,,,,,,,,,,,,,,,,4,,,,,,,,,,,,,,,,,,,,,,,,,,,,,,,,,,,,,,,,,,,,,,,,,,,,,,,,,,,,,,,,,,,,,,,,,planned,,,,,,,,,,,,,,,,,,,,,,,,,,,,,,,,,,,,,,,,,,,,,,,,,,,,,,,
,,,,,,,,,0.45,0.5,True,,,,,,,,,,,,,,,,,,,,,,,,,,,,,"[""full""]",,,,,,,,,,incomplete,,,,,,,,,,,,200000,,,,,,,,,,,,,,,,,,,,,,,,,,,,,,pacman,,,,,,,,,,,,,,,,,,,,,,,,,,,,,,,,,,,,,,,,,,,,,,robustness-pacman-b1cffcb26134,,,,,,,,,,,,,,,,,,,,,,,,,,,,,,,,,,,,,,,,,,,,,,,,robustness,,,,,,,,,,,,,,,,,,,,,,,,,,,,,,,,,,,,,,,,,4,,,,,,,,,,,,,,,,,,,,,,,,,,,,,,,,,,,,,,,,,,,,,,,,,,,,,,,,,,,,,,,,,,,,,,,,,planned,,,,,,,,,,,,,,,,,,,,,,,,,,,,,,,,,,,,,,,,,,,,,,,,,,,,,,,
,,,,,,,,,0.125,0.175,,0.0004543339746305719,,349.0,,,,,,,,,,,,,,,,,,,,,,,,,,"[""full""]",0,,,,,,,,,pde_failure,,,6.103515625e-05,,,,,,,,,200000,,,,,,,,,,/home/asaleh/PycharmProjects/hdgfem/run_outputs/torsion_reduced_optimizer_numerical_tests/cases/robustness-horseshoe-a556d4f88e9b/attempt_001/run/out/equilibrium.npz,,,,1,,,,,,,,,,,,,,,,horseshoe,,,,,,,,,,,,,,,,,,,,,,,,,,,,,,,,,,0.8500000000000001,6,64,1,19.762754265990225,7,,,,,,,robustness-horseshoe-a556d4f88e9b,,,,,,,,,,,,,,,,,,,,,,,,,,,,,,,,,,,,,,,,,,,,,,,,robustness,1139.0,17.46796762298618,3.4940497490460984,,,,,,,,,,,,,,,,,,,,,,,,,,,,75,3.4493741008778514e-13,,,,,,,,,4,,,,,,,,,,,,,,,,,,,,,,,,,,,,,,,,,,,,,,,,,,,,,,,,,,,,,,,,,,,,,,,,/home/asaleh/PycharmProjects/hdgfem/run_outputs/torsion_reduced_optimizer_numerical_tests/cases/robustness-horseshoe-a556d4f88e9b/attempt_001/run,,,,,,,,,failed,,,,,,,,,,,,,,,,,,,,,,,,,,,,,,,,,,,,,,,,,,,,,,,,,,,,,,60.40573167800903,
,,,,,,,,,0.1,0.2,,0.0005359680653782561,,1094.0,,,,,,,,,,,,,,,,,,,,,,,,,,"[""full""]",0,,,,,,,,,pde_failure,,,2.9802322387695312e-08,,,,,,,,,200000,,,,,,,,,,/home/asaleh/PycharmProjects/hdgfem/run_outputs/torsion_reduced_optimizer_numerical_tests/cases/robustness-horseshoe-e2018eb1fda5/attempt_001/run/out/equilibrium.npz,,,,1,,,,,,,,,,,,,,,,horseshoe,,,,,,,,,,,,,,,,,,,,,,,,,,,,,,,,,,0.2,4,84,9,33.373807433017646,13,,,,,,,robustness-horseshoe-e2018eb1fda5,,,,,,,,,,,,,,,,,,,,,,,,,,,,,,,,,,,,,,,,,,,,,,,,robustness,1294.0,20.59671640995657,9.66746533899277,,,,,,,,,,,,,,,,,,,,,,,,,,,,93,7.798588475953335e-13,,,,,,,,,4,,0,0.0,0,0.0,1,44.65901609401044,1,33.38947686301253,,,1,0.08734276999894064,,,0,0.0,0,0.0,1,0.3763700669951504,1,0.7251720360072795,1,79.93046233299538,0,0.0,,,,,,,,,,,,,,,,,,,,,,,,,,,,,,,,,,,,,/home/asaleh/PycharmProjects/hdgfem/run_outputs/torsion_reduced_optimizer_numerical_tests/cases/robustness-horseshoe-e2018eb1fda5/attempt_001/run,,,,,,,,,failed,,,,,,,,,,,,,,,,,,,,,,,,79.93046233299538,,,,,,,,,,,,,,,,,,,,,,,,,,,,,,82.39498543739319,
,,,,,,,,,0.05,0.25,,0.0006880539876874536,,1324.0,,,,,,,,,,,,,,,,,,,,,,,,,,"[""full""]",0,,,,,,,,,pde_failure,,,2.9802322387695312e-08,,,,,,,,,200000,,,,,,,,,,/home/asaleh/PycharmProjects/hdgfem/run_outputs/torsion_reduced_optimizer_numerical_tests/cases/robustness-horseshoe-d986b567c3f2/attempt_001/run/out/equilibrium.npz,,,,1,,,,,,,,,,,,,,,,horseshoe,,,,,,,,,,,,,,,,,,,,,,,,,,,,,,,,,,0.2,6,109,9,42.394196488996386,15,,,,,,,robustness-horseshoe-d986b567c3f2,,,,,,,,,,,,,,,,,,,,,,,,,,,,,,,,,,,,,,,,,,,,,,,,robustness,1741.0,27.080231312153046,11.768106708972482,,,,,,,,,,,,,,,,,,,,,,,,,,,,118,2.49421052016905e-13,,,,,,,,,4,,0,0.0,0,0.0,1,33.7678749540064,1,42.41403633200389,,,1,0.08635348899406381,,,0,0.0,0,0.0,1,0.21457430100417696,1,0.3185643080068985,1,76.96882917400217,0,0.0,,,,,,,,,,,,,,,,,,,,,,,,,,,,,,,,,,,,,/home/asaleh/PycharmProjects/hdgfem/run_outputs/torsion_reduced_optimizer_numerical_tests/cases/robustness-horseshoe-d986b567c3f2/attempt_001/run,,,,,,,,,failed,,,,,,,,,,,,,,,,,,,,,,,,76.96882917400217,,,,,,,,,,,,,,,,,,,,,,,,,,,,,,79.43458890914917,
,,,,,,,,,0.225,0.275,,0.0007316130213439465,,1329.0,,,,,,,,,,,,,,,,,,,,,,,,,,"[""full""]",0,,,,,,,,,pde_failure,,,2.9802322387695312e-08,,,,,,,,,200000,,,,,,,,,,/home/asaleh/PycharmProjects/hdgfem/run_outputs/torsion_reduced_optimizer_numerical_tests/cases/robustness-horseshoe-ad4bf8be1288/attempt_001/run/out/equilibrium.npz,,,,1,,,,,,,,,,,,,,,,horseshoe,,,,,,,,,,,,,,,,,,,,,,,,,,,,,,,,,,0.125,5,114,10,41.53708660998382,15,,,,,,,robustness-horseshoe-ad4bf8be1288,,,,,,,,,,,,,,,,,,,,,,,,,,,,,,,,,,,,,,,,,,,,,,,,robustness,1537.0,26.03739518392831,11.901441051028087,,,,,,,,,,,,,,,,,,,,,,,,,,,,124,5.061265656503529e-13,,,,,,,,,4,,0,0.0,0,0.0,1,39.70592412300175,1,41.555054651995306,,,1,0.08934625200345181,,,0,0.0,0,0.0,1,0.370511412009364,1,0.7080310099991038,1,83.11866872401151,0,0.0,,,,,,,,,,,,,,,,,,,,,,,,,,,,,,,,,,,,,/home/asaleh/PycharmProjects/hdgfem/run_outputs/torsion_reduced_optimizer_numerical_tests/cases/robustness-horseshoe-ad4bf8be1288/attempt_001/run,,,,,,,,,failed,,,,,,,,,,,,,,,,,,,,,,,,83.11866872401151,,,,,,,,,,,,,,,,,,,,,,,,,,,,,,85.57310390472412,
-117.62511927343024,,9,,,,,,,0.2,0.3,,3.319476908945944,,13666.0,,,,,,,,,,,,,,,,,,,,,0.004486227280983476,,,,,"[""full""]",0,,,,,,,,,pde_failure,,,0.0,,,,,,,,,200000,,,,,,,,,,/home/asaleh/PycharmProjects/hdgfem/run_outputs/torsion_reduced_optimizer_numerical_tests/cases/robustness-horseshoe-9024cd46706c/attempt_001/run/out/equilibrium.npz,,,,1,,,,,,,,,,,,,,,,horseshoe,,,,,,,,,,,,,,,,,,,,,,,,,,,,,,,,,,1.0,23,584,6,234.43559795297915,29,,,,,,,robustness-horseshoe-9024cd46706c,,,,,,,,,,,,,,,,,,,,,,,,,,,,,,,,,,,,,,,,,,1e-07,1e-07,,,,,robustness,73244.0,901.5842585931096,112.77637382326066,,,,,,,,,,,,,,,,,,,,,,,,,,,,1652,3.2728631147008264e-13,,,,,,,,,4,,,,,,,,,,,,,,,,,,,,,,,,,,,,,,,,,,,,none,,,,,3.1003965294800278,8.2005502981298,0.3780717655237232,,,,,656.6671316940192,15,,,,,,,,,,,,,,,/home/asaleh/PycharmProjects/hdgfem/run_outputs/torsion_reduced_optimizer_numerical_tests/cases/robustness-horseshoe-9024cd46706c/attempt_001/run,,,,,,,,,failed,,,,,,,,,,,,,,,,,,,,,,,False,,,,,,,,,,,,,,1.3927210845752164e-07,1.3927210845752164e-07,,,,,,,,,,,,,,,,1125.8023030757904,
,,,,,,,,,0.15,0.35,,0.0007646530139027163,,1692.0,,,,,,,,,,,,,,,,,,,,,,,,,,"[""full""]",0,,,,,,,,,pde_failure,,,2.9802322387695312e-08,,,,,,,,,200000,,,,,,,,,,/home/asaleh/PycharmProjects/hdgfem/run_outputs/torsion_reduced_optimizer_numerical_tests/cases/robustness-horseshoe-1746060e5038/attempt_001/run/out/equilibrium.npz,,,,1,,,,,,,,,,,,,,,,horseshoe,,,,,,,,,,,,,,,,,,,,,,,,,,,,,,,,,,0.2,6,126,9,55.732679732042016,15,,,,,,,robustness-horseshoe-1746060e5038,,,,,,,,,,,,,,,,,,,,,,,,,,,,,,,,,,,,,,,,,,,,,,,,robustness,2715.0,37.152151135058375,14.956557424040511,,,,,,,,,,,,,,,,,,,,,,,,,,,,135,2.599624525301979e-13,,,,,,,,,4,,0,0.0,0,0.0,1,39.19872407799994,1,55.75060552099603,,,1,0.08692193499882706,,,0,0.0,0,0.0,1,0.37657850900723133,1,0.7186858990025939,1,96.83068304100016,0,0.0,,,,,,,,,,,,,,,,,,,,,,,,,,,,,,,,,,,,,/home/asaleh/PycharmProjects/hdgfem/run_outputs/torsion_reduced_optimizer_numerical_tests/cases/robustness-horseshoe-1746060e5038/attempt_001/run,,,,,,,,,failed,,,,,,,,,,,,,,,,,,,,,,,,96.83068304100016,,,,,,,,,,,,,,,,,,,,,,,,,,,,,,99.33378624916077,
,,,,,,,,,0.325,0.375,,,,,,,,,,,,,,,,,,,,,,,,,,,,,,"[""full""]",,,,,,,,,,incomplete,,,,,,,,,,,,200000,,,,,,,,,,,,,,,,,,,,,,,,,,,,,,horseshoe,,,,,,,,,,,,,,,,,,,,,,,,,,,,,,,,,,,,,,,,,,,,,,robustness-horseshoe-13133fe5f348,,,,,,,,,,,,,,,,,,,,,,,,,,,,,,,,,,,,,,,,,,,,,,,,robustness,,,,,,,,,,,,,,,,,,,,,,,,,,,,,,,,,,,,,,,,,4,,,,,,,,,,,,,,,,,,,,,,,,,,,,,,,,,,,,,,,,,,,,,,,,,,,,,,,,,,,,,,,,,,,,,,,,,planned,,,,,,,,,,,,,,,,,,,,,,,,,,,,,,,,,,,,,,,,,,,,,,,,,,,,,,,
,,,,,,,,,0.3,0.4,,,,,,,,,,,,,,,,,,,,,,,,,,,,,,"[""full""]",,,,,,,,,,incomplete,,,,,,,,,,,,200000,,,,,,,,,,,,,,,,,,,,,,,,,,,,,,horseshoe,,,,,,,,,,,,,,,,,,,,,,,,,,,,,,,,,,,,,,,,,,,,,,robustness-horseshoe-27c2e3e9d9f4,,,,,,,,,,,,,,,,,,,,,,,,,,,,,,,,,,,,,,,,,,,,,,,,robustness,,,,,,,,,,,,,,,,,,,,,,,,,,,,,,,,,,,,,,,,,4,,,,,,,,,,,,,,,,,,,,,,,,,,,,,,,,,,,,,,,,,,,,,,,,,,,,,,,,,,,,,,,,,,,,,,,,,planned,,,,,,,,,,,,,,,,,,,,,,,,,,,,,,,,,,,,,,,,,,,,,,,,,,,,,,,
,,,,,,,,,0.25,0.45,,,,,,,,,,,,,,,,,,,,,,,,,,,,,,"[""full""]",,,,,,,,,,incomplete,,,,,,,,,,,,200000,,,,,,,,,,,,,,,,,,,,,,,,,,,,,,horseshoe,,,,,,,,,,,,,,,,,,,,,,,,,,,,,,,,,,,,,,,,,,,,,,robustness-horseshoe-14c193b3b472,,,,,,,,,,,,,,,,,,,,,,,,,,,,,,,,,,,,,,,,,,,,,,,,robustness,,,,,,,,,,,,,,,,,,,,,,,,,,,,,,,,,,,,,,,,,4,,,,,,,,,,,,,,,,,,,,,,,,,,,,,,,,,,,,,,,,,,,,,,,,,,,,,,,,,,,,,,,,,,,,,,,,,planned,,,,,,,,,,,,,,,,,,,,,,,,,,,,,,,,,,,,,,,,,,,,,,,,,,,,,,,
,,,,,,,,,0.425,0.475,,,,,,,,,,,,,,,,,,,,,,,,,,,,,,"[""full""]",,,,,,,,,,incomplete,,,,,,,,,,,,200000,,,,,,,,,,,,,,,,,,,,,,,,,,,,,,horseshoe,,,,,,,,,,,,,,,,,,,,,,,,,,,,,,,,,,,,,,,,,,,,,,robustness-horseshoe-46106b3ebd86,,,,,,,,,,,,,,,,,,,,,,,,,,,,,,,,,,,,,,,,,,,,,,,,robustness,,,,,,,,,,,,,,,,,,,,,,,,,,,,,,,,,,,,,,,,,4,,,,,,,,,,,,,,,,,,,,,,,,,,,,,,,,,,,,,,,,,,,,,,,,,,,,,,,,,,,,,,,,,,,,,,,,,planned,,,,,,,,,,,,,,,,,,,,,,,,,,,,,,,,,,,,,,,,,,,,,,,,,,,,,,,
,,,,,,,,,0.4,0.5,,,,,,,,,,,,,,,,,,,,,,,,,,,,,,"[""full""]",,,,,,,,,,incomplete,,,,,,,,,,,,200000,,,,,,,,,,,,,,,,,,,,,,,,,,,,,,horseshoe,,,,,,,,,,,,,,,,,,,,,,,,,,,,,,,,,,,,,,,,,,,,,,robustness-horseshoe-337d2385f7c3,,,,,,,,,,,,,,,,,,,,,,,,,,,,,,,,,,,,,,,,,,,,,,,,robustness,,,,,,,,,,,,,,,,,,,,,,,,,,,,,,,,,,,,,,,,,4,,,,,,,,,,,,,,,,,,,,,,,,,,,,,,,,,,,,,,,,,,,,,,,,,,,,,,,,,,,,,,,,,,,,,,,,,planned,,,,,,,,,,,,,,,,,,,,,,,,,,,,,,,,,,,,,,,,,,,,,,,,,,,,,,,
,,,,,,,,,0.35,0.55,,,,,,,,,,,,,,,,,,,,,,,,,,,,,,"[""full""]",,,,,,,,,,incomplete,,,,,,,,,,,,200000,,,,,,,,,,,,,,,,,,,,,,,,,,,,,,horseshoe,,,,,,,,,,,,,,,,,,,,,,,,,,,,,,,,,,,,,,,,,,,,,,robustness-horseshoe-440a191eee90,,,,,,,,,,,,,,,,,,,,,,,,,,,,,,,,,,,,,,,,,,,,,,,,robustness,,,,,,,,,,,,,,,,,,,,,,,,,,,,,,,,,,,,,,,,,4,,,,,,,,,,,,,,,,,,,,,,,,,,,,,,,,,,,,,,,,,,,,,,,,,,,,,,,,,,,,,,,,,,,,,,,,,planned,,,,,,,,,,,,,,,,,,,,,,,,,,,,,,,,,,,,,,,,,,,,,,,,,,,,,,,
,,,,,,,,,0.525,0.575,,,,,,,,,,,,,,,,,,,,,,,,,,,,,,"[""full""]",,,,,,,,,,incomplete,,,,,,,,,,,,200000,,,,,,,,,,,,,,,,,,,,,,,,,,,,,,horseshoe,,,,,,,,,,,,,,,,,,,,,,,,,,,,,,,,,,,,,,,,,,,,,,robustness-horseshoe-d9882454a4f6,,,,,,,,,,,,,,,,,,,,,,,,,,,,,,,,,,,,,,,,,,,,,,,,robustness,,,,,,,,,,,,,,,,,,,,,,,,,,,,,,,,,,,,,,,,,4,,,,,,,,,,,,,,,,,,,,,,,,,,,,,,,,,,,,,,,,,,,,,,,,,,,,,,,,,,,,,,,,,,,,,,,,,planned,,,,,,,,,,,,,,,,,,,,,,,,,,,,,,,,,,,,,,,,,,,,,,,,,,,,,,,
,,,,,,,,,0.5,0.6,,,,,,,,,,,,,,,,,,,,,,,,,,,,,,"[""full""]",,,,,,,,,,incomplete,,,,,,,,,,,,200000,,,,,,,,,,,,,,,,,,,,,,,,,,,,,,horseshoe,,,,,,,,,,,,,,,,,,,,,,,,,,,,,,,,,,,,,,,,,,,,,,robustness-horseshoe-4378dd3566f1,,,,,,,,,,,,,,,,,,,,,,,,,,,,,,,,,,,,,,,,,,,,,,,,robustness,,,,,,,,,,,,,,,,,,,,,,,,,,,,,,,,,,,,,,,,,4,,,,,,,,,,,,,,,,,,,,,,,,,,,,,,,,,,,,,,,,,,,,,,,,,,,,,,,,,,,,,,,,,,,,,,,,,planned,,,,,,,,,,,,,,,,,,,,,,,,,,,,,,,,,,,,,,,,,,,,,,,,,,,,,,,
,,,,,,,,,0.45,0.65,,,,,,,,,,,,,,,,,,,,,,,,,,,,,,"[""full""]",,,,,,,,,,incomplete,,,,,,,,,,,,200000,,,,,,,,,,,,,,,,,,,,,,,,,,,,,,horseshoe,,,,,,,,,,,,,,,,,,,,,,,,,,,,,,,,,,,,,,,,,,,,,,robustness-horseshoe-aac1c048cad7,,,,,,,,,,,,,,,,,,,,,,,,,,,,,,,,,,,,,,,,,,,,,,,,robustness,,,,,,,,,,,,,,,,,,,,,,,,,,,,,,,,,,,,,,,,,4,,,,,,,,,,,,,,,,,,,,,,,,,,,,,,,,,,,,,,,,,,,,,,,,,,,,,,,,,,,,,,,,,,,,,,,,,planned,,,,,,,,,,,,,,,,,,,,,,,,,,,,,,,,,,,,,,,,,,,,,,,,,,,,,,,
,,,,,,,,,0.625,0.675,,,,,,,,,,,,,,,,,,,,,,,,,,,,,,"[""full""]",,,,,,,,,,incomplete,,,,,,,,,,,,200000,,,,,,,,,,,,,,,,,,,,,,,,,,,,,,horseshoe,,,,,,,,,,,,,,,,,,,,,,,,,,,,,,,,,,,,,,,,,,,,,,robustness-horseshoe-f3feb841eb95,,,,,,,,,,,,,,,,,,,,,,,,,,,,,,,,,,,,,,,,,,,,,,,,robustness,,,,,,,,,,,,,,,,,,,,,,,,,,,,,,,,,,,,,,,,,4,,,,,,,,,,,,,,,,,,,,,,,,,,,,,,,,,,,,,,,,,,,,,,,,,,,,,,,,,,,,,,,,,,,,,,,,,planned,,,,,,,,,,,,,,,,,,,,,,,,,,,,,,,,,,,,,,,,,,,,,,,,,,,,,,,
,,,,,,,,,0.6,0.7,,0.0018293287721462548,,2714.0,,,,,,,,,,,,,,,,,,,,,,,,,,"[""draft"",""full""]",0,,,,,,,,,pde_failure,,,2.9802322387695312e-08,,,,,,,,,200000,,,,,,,,,,/home/asaleh/PycharmProjects/hdgfem/run_outputs/torsion_reduced_optimizer_numerical_tests/cases/robustness-horseshoe-88225d37e8f1/attempt_001/run/out/equilibrium.npz,,,,1,,,,,,,,,,,,,,,,horseshoe,,,,,,,,,,,,,,,,,,,,,,,,,,,,,,,,,,0.30000000000000004,4,299,9,102.63074611999036,13,,,,,,,robustness-horseshoe-88225d37e8f1,,,,,,,,,,,,,,,,,,,,,,,,,,,,,,,,,,,,,,,,,,,,,,,,robustness,4367.0,72.44797508321062,26.50473749982484,,,,,,,,,,,,,,,,,,,,,,,,,,,,306,2.21519871245743e-13,,,,,,,,,4,,,,,,,,,,,,,,,,,,,,,,,,,,,,,,,,,,,,,,,,,,,,,,,,,,,,,,,,,,,,,,,,/home/asaleh/PycharmProjects/hdgfem/run_outputs/torsion_reduced_optimizer_numerical_tests/cases/robustness-horseshoe-88225d37e8f1/attempt_001/run,,,,,,,,,failed,,,,,,,,,,,,,,,,,,,,,,,,,,,,,,,,,,,,,,,,,,,,,,,,,,,,,,153.59084272384644,
,,,,,,,,,0.55,0.75,,,,,,,,,,,,,,,,,,,,,,,,,,,,,,"[""full""]",,,,,,,,,,incomplete,,,,,,,,,,,,200000,,,,,,,,,,,,,,,,,,,,,,,,,,,,,,horseshoe,,,,,,,,,,,,,,,,,,,,,,,,,,,,,,,,,,,,,,,,,,,,,,robustness-horseshoe-a8874dbbcb80,,,,,,,,,,,,,,,,,,,,,,,,,,,,,,,,,,,,,,,,,,,,,,,,robustness,,,,,,,,,,,,,,,,,,,,,,,,,,,,,,,,,,,,,,,,,4,,,,,,,,,,,,,,,,,,,,,,,,,,,,,,,,,,,,,,,,,,,,,,,,,,,,,,,,,,,,,,,,,,,,,,,,,planned,,,,,,,,,,,,,,,,,,,,,,,,,,,,,,,,,,,,,,,,,,,,,,,,,,,,,,,
,,,,,,,,,0.725,0.775,,,,,,,,,,,,,,,,,,,,,,,,,,,,,,"[""full""]",,,,,,,,,,incomplete,,,,,,,,,,,,200000,,,,,,,,,,,,,,,,,,,,,,,,,,,,,,horseshoe,,,,,,,,,,,,,,,,,,,,,,,,,,,,,,,,,,,,,,,,,,,,,,robustness-horseshoe-09162a846ecb,,,,,,,,,,,,,,,,,,,,,,,,,,,,,,,,,,,,,,,,,,,,,,,,robustness,,,,,,,,,,,,,,,,,,,,,,,,,,,,,,,,,,,,,,,,,4,,,,,,,,,,,,,,,,,,,,,,,,,,,,,,,,,,,,,,,,,,,,,,,,,,,,,,,,,,,,,,,,,,,,,,,,,planned,,,,,,,,,,,,,,,,,,,,,,,,,,,,,,,,,,,,,,,,,,,,,,,,,,,,,,,
,,,,,,,,,0.7,0.8,,,,,,,,,,,,,,,,,,,,,,,,,,,,,,"[""full""]",,,,,,,,,,incomplete,,,,,,,,,,,,200000,,,,,,,,,,,,,,,,,,,,,,,,,,,,,,horseshoe,,,,,,,,,,,,,,,,,,,,,,,,,,,,,,,,,,,,,,,,,,,,,,robustness-horseshoe-f20def3cdc4c,,,,,,,,,,,,,,,,,,,,,,,,,,,,,,,,,,,,,,,,,,,,,,,,robustness,,,,,,,,,,,,,,,,,,,,,,,,,,,,,,,,,,,,,,,,,4,,,,,,,,,,,,,,,,,,,,,,,,,,,,,,,,,,,,,,,,,,,,,,,,,,,,,,,,,,,,,,,,,,,,,,,,,planned,,,,,,,,,,,,,,,,,,,,,,,,,,,,,,,,,,,,,,,,,,,,,,,,,,,,,,,
,,,,,,,,,0.65,0.85,,,,,,,,,,,,,,,,,,,,,,,,,,,,,,"[""full""]",,,,,,,,,,incomplete,,,,,,,,,,,,200000,,,,,,,,,,,,,,,,,,,,,,,,,,,,,,horseshoe,,,,,,,,,,,,,,,,,,,,,,,,,,,,,,,,,,,,,,,,,,,,,,robustness-horseshoe-d3d6c40d74cd,,,,,,,,,,,,,,,,,,,,,,,,,,,,,,,,,,,,,,,,,,,,,,,,robustness,,,,,,,,,,,,,,,,,,,,,,,,,,,,,,,,,,,,,,,,,4,,,,,,,,,,,,,,,,,,,,,,,,,,,,,,,,,,,,,,,,,,,,,,,,,,,,,,,,,,,,,,,,,,,,,,,,,planned,,,,,,,,,,,,,,,,,,,,,,,,,,,,,,,,,,,,,,,,,,,,,,,,,,,,,,,
,,,,,,,,,0.825,0.875,,0.0014302699128165841,,2389.0,,,,,,,,,,,,,,,,,,,,,,,,,,"[""full""]",0,,,,,,,,,pde_failure,,,2.9802322387695312e-08,,,,,,,,,200000,,,,,,,,,,/home/asaleh/PycharmProjects/hdgfem/run_outputs/torsion_reduced_optimizer_numerical_tests/cases/robustness-horseshoe-d0efb69bde75/attempt_001/run/out/equilibrium.npz,,,,1,,,,,,,,,,,,,,,,horseshoe,,,,,,,,,,,,,,,,,,,,,,,,,,,,,,,,,,0.55,6,225,10,83.13408313598484,16,,,,,,,robustness-horseshoe-d0efb69bde75,,,,,,,,,,,,,,,,,,,,,,,,,,,,,,,,,,,,,,,,,,,,,,,,robustness,3868.0,57.31386973502231,21.5634832779906,,,,,,,,,,,,,,,,,,,,,,,,,,,,235,5.315321637927943e-13,,,,,,,,,4,,0,0.0,0,0.0,1,39.42603973200312,1,83.15328143500665,,,1,0.09008443600032479,,,0,0.0,0,0.0,1,0.37562518200138584,1,0.7144486909965053,1,124.44918032900023,0,0.0,,,,,,,,,,,,,,,,,,,,,,,,,,,,,,,,,,,,,/home/asaleh/PycharmProjects/hdgfem/run_outputs/torsion_reduced_optimizer_numerical_tests/cases/robustness-horseshoe-d0efb69bde75/attempt_001/run,,,,,,,,,failed,,,,,,,,,,,,,,,,,,,,,,,,124.44918032900023,,,,,,,,,,,,,,,,,,,,,,,,,,,,,,126.95035338401794,
,,,,,,,,,0.8,0.9,,,,,,,,,,,,,,,,,,,,,,,,,,,,,,"[""full""]",,,,,,,,,,incomplete,,,,,,,,,,,,200000,,,,,,,,,,,,,,,,,,,,,,,,,,,,,,horseshoe,,,,,,,,,,,,,,,,,,,,,,,,,,,,,,,,,,,,,,,,,,,,,,robustness-horseshoe-81e4dad63074,,,,,,,,,,,,,,,,,,,,,,,,,,,,,,,,,,,,,,,,,,,,,,,,robustness,,,,,,,,,,,,,,,,,,,,,,,,,,,,,,,,,,,,,,,,,4,,,,,,,,,,,,,,,,,,,,,,,,,,,,,,,,,,,,,,,,,,,,,,,,,,,,,,,,,,,,,,,,,,,,,,,,,planned,,,,,,,,,,,,,,,,,,,,,,,,,,,,,,,,,,,,,,,,,,,,,,,,,,,,,,,
,,,,,,,,,0.75,0.95,,,,,,,,,,,,,,,,,,,,,,,,,,,,,,"[""full""]",,,,,,,,,,incomplete,,,,,,,,,,,,200000,,,,,,,,,,,,,,,,,,,,,,,,,,,,,,horseshoe,,,,,,,,,,,,,,,,,,,,,,,,,,,,,,,,,,,,,,,,,,,,,,robustness-horseshoe-72d312c6cacc,,,,,,,,,,,,,,,,,,,,,,,,,,,,,,,,,,,,,,,,,,,,,,,,robustness,,,,,,,,,,,,,,,,,,,,,,,,,,,,,,,,,,,,,,,,,4,,,,,,,,,,,,,,,,,,,,,,,,,,,,,,,,,,,,,,,,,,,,,,,,,,,,,,,,,,,,,,,,,,,,,,,,,planned,,,,,,,,,,,,,,,,,,,,,,,,,,,,,,,,,,,,,,,,,,,,,,,,,,,,,,,
,,,,,,,,,0.45,0.5,True,,,,,,,,,,,,,,,,,,,,,,,,,,,,,"[""full""]",,,,,,,,,,incomplete,,,,,,,,,,,,200000,,,,,,,,,,,,,,,,,,,,,,,,,,,,,,horseshoe,,,,,,,,,,,,,,,,,,,,,,,,,,,,,,,,,,,,,,,,,,,,,,robustness-horseshoe-fa7400aeba76,,,,,,,,,,,,,,,,,,,,,,,,,,,,,,,,,,,,,,,,,,,,,,,,robustness,,,,,,,,,,,,,,,,,,,,,,,,,,,,,,,,,,,,,,,,,4,,,,,,,,,,,,,,,,,,,,,,,,,,,,,,,,,,,,,,,,,,,,,,,,,,,,,,,,,,,,,,,,,,,,,,,,,planned,,,,,,,,,,,,,,,,,,,,,,,,,,,,,,,,,,,,,,,,,,,,,,,,,,,,,,,
,,,,,,,,,0.125,0.175,,,,,,,,,,,,,,,,,,,,,,,,,,,,,,"[""full""]",,,,,,,,,,incomplete,,,,,,,,,,,,200000,,,,,,,,,,,,,,,,,,,,,,,,,,,,,,iter,,,,,,,,,,,,,,,,,,,,,,,,,,,,,,,,,,,,,,,,,,,,,,robustness-iter-da0bc0759ff6,,,,,,,,,,,,,,,,,,,,,,,,,,,,,,,,,,,,,,,,,,,,,,,,robustness,,,,,,,,,,,,,,,,,,,,,,,,,,,,,,,,,,,,,,,,,4,,,,,,,,,,,,,,,,,,,,,,,,,,,,,,,,,,,,,,,,,,,,,,,,,,,,,,,,,,,,,,,,,,,,,,,,,planned,,,,,,,,,,,,,,,,,,,,,,,,,,,,,,,,,,,,,,,,,,,,,,,,,,,,,,,
,,,,,,,,,0.1,0.2,,,,,,,,,,,,,,,,,,,,,,,,,,,,,,"[""full""]",,,,,,,,,,incomplete,,,,,,,,,,,,200000,,,,,,,,,,,,,,,,,,,,,,,,,,,,,,iter,,,,,,,,,,,,,,,,,,,,,,,,,,,,,,,,,,,,,,,,,,,,,,robustness-iter-4b35bbfc5110,,,,,,,,,,,,,,,,,,,,,,,,,,,,,,,,,,,,,,,,,,,,,,,,robustness,,,,,,,,,,,,,,,,,,,,,,,,,,,,,,,,,,,,,,,,,4,,,,,,,,,,,,,,,,,,,,,,,,,,,,,,,,,,,,,,,,,,,,,,,,,,,,,,,,,,,,,,,,,,,,,,,,,planned,,,,,,,,,,,,,,,,,,,,,,,,,,,,,,,,,,,,,,,,,,,,,,,,,,,,,,,
,,,,,,,,,0.05,0.25,,,,,,,,,,,,,,,,,,,,,,,,,,,,,,"[""full""]",,,,,,,,,,incomplete,,,,,,,,,,,,200000,,,,,,,,,,,,,,,,,,,,,,,,,,,,,,iter,,,,,,,,,,,,,,,,,,,,,,,,,,,,,,,,,,,,,,,,,,,,,,robustness-iter-7e7e937b3e40,,,,,,,,,,,,,,,,,,,,,,,,,,,,,,,,,,,,,,,,,,,,,,,,robustness,,,,,,,,,,,,,,,,,,,,,,,,,,,,,,,,,,,,,,,,,4,,,,,,,,,,,,,,,,,,,,,,,,,,,,,,,,,,,,,,,,,,,,,,,,,,,,,,,,,,,,,,,,,,,,,,,,,planned,,,,,,,,,,,,,,,,,,,,,,,,,,,,,,,,,,,,,,,,,,,,,,,,,,,,,,,
,,,,,,,,,0.225,0.275,,,,,,,,,,,,,,,,,,,,,,,,,,,,,,"[""full""]",,,,,,,,,,incomplete,,,,,,,,,,,,200000,,,,,,,,,,,,,,,,,,,,,,,,,,,,,,iter,,,,,,,,,,,,,,,,,,,,,,,,,,,,,,,,,,,,,,,,,,,,,,robustness-iter-7fe490665bf8,,,,,,,,,,,,,,,,,,,,,,,,,,,,,,,,,,,,,,,,,,,,,,,,robustness,,,,,,,,,,,,,,,,,,,,,,,,,,,,,,,,,,,,,,,,,4,,,,,,,,,,,,,,,,,,,,,,,,,,,,,,,,,,,,,,,,,,,,,,,,,,,,,,,,,,,,,,,,,,,,,,,,,planned,,,,,,,,,,,,,,,,,,,,,,,,,,,,,,,,,,,,,,,,,,,,,,,,,,,,,,,
,,,,,,,,,0.2,0.3,,,,,,,,,,,,,,,,,,,,,,,,,,,,,,"[""full""]",,,,,,,,,,incomplete,,,,,,,,,,,,200000,,,,,,,,,,,,,,,,,,,,,,,,,,,,,,iter,,,,,,,,,,,,,,,,,,,,,,,,,,,,,,,,,,,,,,,,,,,,,,robustness-iter-7086b6cd8e82,,,,,,,,,,,,,,,,,,,,,,,,,,,,,,,,,,,,,,,,,,,,,,,,robustness,,,,,,,,,,,,,,,,,,,,,,,,,,,,,,,,,,,,,,,,,4,,,,,,,,,,,,,,,,,,,,,,,,,,,,,,,,,,,,,,,,,,,,,,,,,,,,,,,,,,,,,,,,,,,,,,,,,planned,,,,,,,,,,,,,,,,,,,,,,,,,,,,,,,,,,,,,,,,,,,,,,,,,,,,,,,
,,,,,,,,,0.15,0.35,,,,,,,,,,,,,,,,,,,,,,,,,,,,,,"[""full""]",,,,,,,,,,incomplete,,,,,,,,,,,,200000,,,,,,,,,,,,,,,,,,,,,,,,,,,,,,iter,,,,,,,,,,,,,,,,,,,,,,,,,,,,,,,,,,,,,,,,,,,,,,robustness-iter-408e2c2ed34d,,,,,,,,,,,,,,,,,,,,,,,,,,,,,,,,,,,,,,,,,,,,,,,,robustness,,,,,,,,,,,,,,,,,,,,,,,,,,,,,,,,,,,,,,,,,4,,,,,,,,,,,,,,,,,,,,,,,,,,,,,,,,,,,,,,,,,,,,,,,,,,,,,,,,,,,,,,,,,,,,,,,,,planned,,,,,,,,,,,,,,,,,,,,,,,,,,,,,,,,,,,,,,,,,,,,,,,,,,,,,,,
,,,,,,,,,0.325,0.375,,,,,,,,,,,,,,,,,,,,,,,,,,,,,,"[""full""]",,,,,,,,,,incomplete,,,,,,,,,,,,200000,,,,,,,,,,,,,,,,,,,,,,,,,,,,,,iter,,,,,,,,,,,,,,,,,,,,,,,,,,,,,,,,,,,,,,,,,,,,,,robustness-iter-c1b5817ed8bb,,,,,,,,,,,,,,,,,,,,,,,,,,,,,,,,,,,,,,,,,,,,,,,,robustness,,,,,,,,,,,,,,,,,,,,,,,,,,,,,,,,,,,,,,,,,4,,,,,,,,,,,,,,,,,,,,,,,,,,,,,,,,,,,,,,,,,,,,,,,,,,,,,,,,,,,,,,,,,,,,,,,,,planned,,,,,,,,,,,,,,,,,,,,,,,,,,,,,,,,,,,,,,,,,,,,,,,,,,,,,,,
,,,,,,,,,0.3,0.4,,,,,,,,,,,,,,,,,,,,,,,,,,,,,,"[""full""]",,,,,,,,,,incomplete,,,,,,,,,,,,200000,,,,,,,,,,,,,,,,,,,,,,,,,,,,,,iter,,,,,,,,,,,,,,,,,,,,,,,,,,,,,,,,,,,,,,,,,,,,,,robustness-iter-1e4dd8fce380,,,,,,,,,,,,,,,,,,,,,,,,,,,,,,,,,,,,,,,,,,,,,,,,robustness,,,,,,,,,,,,,,,,,,,,,,,,,,,,,,,,,,,,,,,,,4,,,,,,,,,,,,,,,,,,,,,,,,,,,,,,,,,,,,,,,,,,,,,,,,,,,,,,,,,,,,,,,,,,,,,,,,,planned,,,,,,,,,,,,,,,,,,,,,,,,,,,,,,,,,,,,,,,,,,,,,,,,,,,,,,,
,,,,,,,,,0.25,0.45,,,,,,,,,,,,,,,,,,,,,,,,,,,,,,"[""full""]",,,,,,,,,,incomplete,,,,,,,,,,,,200000,,,,,,,,,,,,,,,,,,,,,,,,,,,,,,iter,,,,,,,,,,,,,,,,,,,,,,,,,,,,,,,,,,,,,,,,,,,,,,robustness-iter-6f3106002466,,,,,,,,,,,,,,,,,,,,,,,,,,,,,,,,,,,,,,,,,,,,,,,,robustness,,,,,,,,,,,,,,,,,,,,,,,,,,,,,,,,,,,,,,,,,4,,,,,,,,,,,,,,,,,,,,,,,,,,,,,,,,,,,,,,,,,,,,,,,,,,,,,,,,,,,,,,,,,,,,,,,,,planned,,,,,,,,,,,,,,,,,,,,,,,,,,,,,,,,,,,,,,,,,,,,,,,,,,,,,,,
,,,,,,,,,0.425,0.475,,,,,,,,,,,,,,,,,,,,,,,,,,,,,,"[""full""]",,,,,,,,,,incomplete,,,,,,,,,,,,200000,,,,,,,,,,,,,,,,,,,,,,,,,,,,,,iter,,,,,,,,,,,,,,,,,,,,,,,,,,,,,,,,,,,,,,,,,,,,,,robustness-iter-8e2cacc2eaed,,,,,,,,,,,,,,,,,,,,,,,,,,,,,,,,,,,,,,,,,,,,,,,,robustness,,,,,,,,,,,,,,,,,,,,,,,,,,,,,,,,,,,,,,,,,4,,,,,,,,,,,,,,,,,,,,,,,,,,,,,,,,,,,,,,,,,,,,,,,,,,,,,,,,,,,,,,,,,,,,,,,,,planned,,,,,,,,,,,,,,,,,,,,,,,,,,,,,,,,,,,,,,,,,,,,,,,,,,,,,,,
,,,,,,,,,0.4,0.5,,,,,,,,,,,,,,,,,,,,,,,,,,,,,,"[""full""]",,,,,,,,,,incomplete,,,,,,,,,,,,200000,,,,,,,,,,,,,,,,,,,,,,,,,,,,,,iter,,,,,,,,,,,,,,,,,,,,,,,,,,,,,,,,,,,,,,,,,,,,,,robustness-iter-b3efa01950a8,,,,,,,,,,,,,,,,,,,,,,,,,,,,,,,,,,,,,,,,,,,,,,,,robustness,,,,,,,,,,,,,,,,,,,,,,,,,,,,,,,,,,,,,,,,,4,,,,,,,,,,,,,,,,,,,,,,,,,,,,,,,,,,,,,,,,,,,,,,,,,,,,,,,,,,,,,,,,,,,,,,,,,planned,,,,,,,,,,,,,,,,,,,,,,,,,,,,,,,,,,,,,,,,,,,,,,,,,,,,,,,
,,,,,,,,,0.35,0.55,,,,,,,,,,,,,,,,,,,,,,,,,,,,,,"[""full""]",,,,,,,,,,incomplete,,,,,,,,,,,,200000,,,,,,,,,,,,,,,,,,,,,,,,,,,,,,iter,,,,,,,,,,,,,,,,,,,,,,,,,,,,,,,,,,,,,,,,,,,,,,robustness-iter-ef521ece4faf,,,,,,,,,,,,,,,,,,,,,,,,,,,,,,,,,,,,,,,,,,,,,,,,robustness,,,,,,,,,,,,,,,,,,,,,,,,,,,,,,,,,,,,,,,,,4,,,,,,,,,,,,,,,,,,,,,,,,,,,,,,,,,,,,,,,,,,,,,,,,,,,,,,,,,,,,,,,,,,,,,,,,,planned,,,,,,,,,,,,,,,,,,,,,,,,,,,,,,,,,,,,,,,,,,,,,,,,,,,,,,,
,,,,,,,,,0.525,0.575,,,,,,,,,,,,,,,,,,,,,,,,,,,,,,"[""full""]",,,,,,,,,,incomplete,,,,,,,,,,,,200000,,,,,,,,,,,,,,,,,,,,,,,,,,,,,,iter,,,,,,,,,,,,,,,,,,,,,,,,,,,,,,,,,,,,,,,,,,,,,,robustness-iter-a750c55bd755,,,,,,,,,,,,,,,,,,,,,,,,,,,,,,,,,,,,,,,,,,,,,,,,robustness,,,,,,,,,,,,,,,,,,,,,,,,,,,,,,,,,,,,,,,,,4,,,,,,,,,,,,,,,,,,,,,,,,,,,,,,,,,,,,,,,,,,,,,,,,,,,,,,,,,,,,,,,,,,,,,,,,,planned,,,,,,,,,,,,,,,,,,,,,,,,,,,,,,,,,,,,,,,,,,,,,,,,,,,,,,,
,,,,,,,,,0.5,0.6,,,,,,,,,,,,,,,,,,,,,,,,,,,,,,"[""full""]",,,,,,,,,,incomplete,,,,,,,,,,,,200000,,,,,,,,,,,,,,,,,,,,,,,,,,,,,,iter,,,,,,,,,,,,,,,,,,,,,,,,,,,,,,,,,,,,,,,,,,,,,,robustness-iter-0709a399882d,,,,,,,,,,,,,,,,,,,,,,,,,,,,,,,,,,,,,,,,,,,,,,,,robustness,,,,,,,,,,,,,,,,,,,,,,,,,,,,,,,,,,,,,,,,,4,,,,,,,,,,,,,,,,,,,,,,,,,,,,,,,,,,,,,,,,,,,,,,,,,,,,,,,,,,,,,,,,,,,,,,,,,planned,,,,,,,,,,,,,,,,,,,,,,,,,,,,,,,,,,,,,,,,,,,,,,,,,,,,,,,
,,,,,,,,,0.45,0.65,,,,,,,,,,,,,,,,,,,,,,,,,,,,,,"[""full""]",,,,,,,,,,incomplete,,,,,,,,,,,,200000,,,,,,,,,,,,,,,,,,,,,,,,,,,,,,iter,,,,,,,,,,,,,,,,,,,,,,,,,,,,,,,,,,,,,,,,,,,,,,robustness-iter-8d3052c642ce,,,,,,,,,,,,,,,,,,,,,,,,,,,,,,,,,,,,,,,,,,,,,,,,robustness,,,,,,,,,,,,,,,,,,,,,,,,,,,,,,,,,,,,,,,,,4,,,,,,,,,,,,,,,,,,,,,,,,,,,,,,,,,,,,,,,,,,,,,,,,,,,,,,,,,,,,,,,,,,,,,,,,,planned,,,,,,,,,,,,,,,,,,,,,,,,,,,,,,,,,,,,,,,,,,,,,,,,,,,,,,,
,,,,,,,,,0.625,0.675,,,,,,,,,,,,,,,,,,,,,,,,,,,,,,"[""full""]",,,,,,,,,,incomplete,,,,,,,,,,,,200000,,,,,,,,,,,,,,,,,,,,,,,,,,,,,,iter,,,,,,,,,,,,,,,,,,,,,,,,,,,,,,,,,,,,,,,,,,,,,,robustness-iter-c4b95b5fe963,,,,,,,,,,,,,,,,,,,,,,,,,,,,,,,,,,,,,,,,,,,,,,,,robustness,,,,,,,,,,,,,,,,,,,,,,,,,,,,,,,,,,,,,,,,,4,,,,,,,,,,,,,,,,,,,,,,,,,,,,,,,,,,,,,,,,,,,,,,,,,,,,,,,,,,,,,,,,,,,,,,,,,planned,,,,,,,,,,,,,,,,,,,,,,,,,,,,,,,,,,,,,,,,,,,,,,,,,,,,,,,
,,,,,,,,,0.6,0.7,,0.000701998098520562,,1155.0,,,,,,,,,,,,,,,,,,,,,,,,,,"[""draft"",""full""]",0,,,,,,,,,pde_failure,,,2.9802322387695312e-08,,,,,,,,,200000,,,,,,,,,,/home/asaleh/PycharmProjects/hdgfem/run_outputs/torsion_reduced_optimizer_numerical_tests/cases/robustness-iter-9725facb210c/attempt_001/run/out/equilibrium.npz,,,,1,,,,,,,,,,,,,,,,iter,,,,,,,,,,,,,,,,,,,,,,,,,,,,,,,,,,0.1,4,106,9,41.55805401901307,13,,,,,,,robustness-iter-9725facb210c,,,,,,,,,,,,,,,,,,,,,,,,,,,,,,,,,,,,,,,,,,,,,,,,robustness,1687.0,27.760190167071414,10.539182718013762,,,,,,,,,,,,,,,,,,,,,,,,,,,,115,2.4684921771097866e-13,,,,,,,,,4,,,,,,,,,,,,,,,,,,,,,,,,,,,,,,,,,,,,,,,,,,,,,,,,,,,,,,,,,,,,,,,,/home/asaleh/PycharmProjects/hdgfem/run_outputs/torsion_reduced_optimizer_numerical_tests/cases/robustness-iter-9725facb210c/attempt_001/run,,,,,,,,,failed,,,,,,,,,,,,,,,,,,,,,,,,,,,,,,,,,,,,,,,,,,,,,,,,,,,,,,90.40795063972473,
,,,,,,,,,0.55,0.75,,,,,,,,,,,,,,,,,,,,,,,,,,,,,,"[""full""]",,,,,,,,,,incomplete,,,,,,,,,,,,200000,,,,,,,,,,,,,,,,,,,,,,,,,,,,,,iter,,,,,,,,,,,,,,,,,,,,,,,,,,,,,,,,,,,,,,,,,,,,,,robustness-iter-da2312d3fe79,,,,,,,,,,,,,,,,,,,,,,,,,,,,,,,,,,,,,,,,,,,,,,,,robustness,,,,,,,,,,,,,,,,,,,,,,,,,,,,,,,,,,,,,,,,,4,,,,,,,,,,,,,,,,,,,,,,,,,,,,,,,,,,,,,,,,,,,,,,,,,,,,,,,,,,,,,,,,,,,,,,,,,planned,,,,,,,,,,,,,,,,,,,,,,,,,,,,,,,,,,,,,,,,,,,,,,,,,,,,,,,
,,,,,,,,,0.725,0.775,,,,,,,,,,,,,,,,,,,,,,,,,,,,,,"[""full""]",,,,,,,,,,incomplete,,,,,,,,,,,,200000,,,,,,,,,,,,,,,,,,,,,,,,,,,,,,iter,,,,,,,,,,,,,,,,,,,,,,,,,,,,,,,,,,,,,,,,,,,,,,robustness-iter-4978a7b63300,,,,,,,,,,,,,,,,,,,,,,,,,,,,,,,,,,,,,,,,,,,,,,,,robustness,,,,,,,,,,,,,,,,,,,,,,,,,,,,,,,,,,,,,,,,,4,,,,,,,,,,,,,,,,,,,,,,,,,,,,,,,,,,,,,,,,,,,,,,,,,,,,,,,,,,,,,,,,,,,,,,,,,planned,,,,,,,,,,,,,,,,,,,,,,,,,,,,,,,,,,,,,,,,,,,,,,,,,,,,,,,
,,,,,,,,,0.7,0.8,,,,,,,,,,,,,,,,,,,,,,,,,,,,,,"[""full""]",,,,,,,,,,incomplete,,,,,,,,,,,,200000,,,,,,,,,,,,,,,,,,,,,,,,,,,,,,iter,,,,,,,,,,,,,,,,,,,,,,,,,,,,,,,,,,,,,,,,,,,,,,robustness-iter-4ad63e14b19f,,,,,,,,,,,,,,,,,,,,,,,,,,,,,,,,,,,,,,,,,,,,,,,,robustness,,,,,,,,,,,,,,,,,,,,,,,,,,,,,,,,,,,,,,,,,4,,,,,,,,,,,,,,,,,,,,,,,,,,,,,,,,,,,,,,,,,,,,,,,,,,,,,,,,,,,,,,,,,,,,,,,,,planned,,,,,,,,,,,,,,,,,,,,,,,,,,,,,,,,,,,,,,,,,,,,,,,,,,,,,,,
,,,,,,,,,0.65,0.85,,,,,,,,,,,,,,,,,,,,,,,,,,,,,,"[""full""]",,,,,,,,,,incomplete,,,,,,,,,,,,200000,,,,,,,,,,,,,,,,,,,,,,,,,,,,,,iter,,,,,,,,,,,,,,,,,,,,,,,,,,,,,,,,,,,,,,,,,,,,,,robustness-iter-f5c55dbc20d1,,,,,,,,,,,,,,,,,,,,,,,,,,,,,,,,,,,,,,,,,,,,,,,,robustness,,,,,,,,,,,,,,,,,,,,,,,,,,,,,,,,,,,,,,,,,4,,,,,,,,,,,,,,,,,,,,,,,,,,,,,,,,,,,,,,,,,,,,,,,,,,,,,,,,,,,,,,,,,,,,,,,,,planned,,,,,,,,,,,,,,,,,,,,,,,,,,,,,,,,,,,,,,,,,,,,,,,,,,,,,,,
,,,,,,,,,0.825,0.875,,,,,,,,,,,,,,,,,,,,,,,,,,,,,,"[""full""]",,,,,,,,,,incomplete,,,,,,,,,,,,200000,,,,,,,,,,,,,,,,,,,,,,,,,,,,,,iter,,,,,,,,,,,,,,,,,,,,,,,,,,,,,,,,,,,,,,,,,,,,,,robustness-iter-e5b4b0380c18,,,,,,,,,,,,,,,,,,,,,,,,,,,,,,,,,,,,,,,,,,,,,,,,robustness,,,,,,,,,,,,,,,,,,,,,,,,,,,,,,,,,,,,,,,,,4,,,,,,,,,,,,,,,,,,,,,,,,,,,,,,,,,,,,,,,,,,,,,,,,,,,,,,,,,,,,,,,,,,,,,,,,,planned,,,,,,,,,,,,,,,,,,,,,,,,,,,,,,,,,,,,,,,,,,,,,,,,,,,,,,,
,,,,,,,,,0.8,0.9,,,,,,,,,,,,,,,,,,,,,,,,,,,,,,"[""full""]",,,,,,,,,,incomplete,,,,,,,,,,,,200000,,,,,,,,,,,,,,,,,,,,,,,,,,,,,,iter,,,,,,,,,,,,,,,,,,,,,,,,,,,,,,,,,,,,,,,,,,,,,,robustness-iter-056c6d128370,,,,,,,,,,,,,,,,,,,,,,,,,,,,,,,,,,,,,,,,,,,,,,,,robustness,,,,,,,,,,,,,,,,,,,,,,,,,,,,,,,,,,,,,,,,,4,,,,,,,,,,,,,,,,,,,,,,,,,,,,,,,,,,,,,,,,,,,,,,,,,,,,,,,,,,,,,,,,,,,,,,,,,planned,,,,,,,,,,,,,,,,,,,,,,,,,,,,,,,,,,,,,,,,,,,,,,,,,,,,,,,
,,,,,,,,,0.75,0.95,,,,,,,,,,,,,,,,,,,,,,,,,,,,,,"[""full""]",,,,,,,,,,incomplete,,,,,,,,,,,,200000,,,,,,,,,,,,,,,,,,,,,,,,,,,,,,iter,,,,,,,,,,,,,,,,,,,,,,,,,,,,,,,,,,,,,,,,,,,,,,robustness-iter-ef259875b12d,,,,,,,,,,,,,,,,,,,,,,,,,,,,,,,,,,,,,,,,,,,,,,,,robustness,,,,,,,,,,,,,,,,,,,,,,,,,,,,,,,,,,,,,,,,,4,,,,,,,,,,,,,,,,,,,,,,,,,,,,,,,,,,,,,,,,,,,,,,,,,,,,,,,,,,,,,,,,,,,,,,,,,planned,,,,,,,,,,,,,,,,,,,,,,,,,,,,,,,,,,,,,,,,,,,,,,,,,,,,,,,
,,,,,,,,,0.45,0.5,True,,,,,,,,,,,,,,,,,,,,,,,,,,,,,"[""full""]",,,,,,,,,,incomplete,,,,,,,,,,,,200000,,,,,,,,,,,,,,,,,,,,,,,,,,,,,,iter,,,,,,,,,,,,,,,,,,,,,,,,,,,,,,,,,,,,,,,,,,,,,,robustness-iter-7d974f0ca941,,,,,,,,,,,,,,,,,,,,,,,,,,,,,,,,,,,,,,,,,,,,,,,,robustness,,,,,,,,,,,,,,,,,,,,,,,,,,,,,,,,,,,,,,,,,4,,,,,,,,,,,,,,,,,,,,,,,,,,,,,,,,,,,,,,,,,,,,,,,,,,,,,,,,,,,,,,,,,,,,,,,,,planned,,,,,,,,,,,,,,,,,,,,,,,,,,,,,,,,,,,,,,,,,,,,,,,,,,,,,,,
-23.91013651355545,9,9,0.9985295266393407,0.00010390421377858845,,,0.6,0.7,0.6,0.7,,0.08525570383062586,,0.0,0.5471705128036397,0.5797001580465831,0.04110776450658814,0.04731407536366964,0.31087243751917737,0.5106578475683607,9,0.0,0.0,0.2978961126940114,0.40084240376959235,0.0004965048685665202,0.1074759483542749,0.17654648604405987,0.13654434052087122,0.22429598321571365,0.5215685207101235,8.236139886865948e-15,0.36141724993883245,0.006206310857081503,0.5230814998641714,0.28064274706323367,,0.32741653824043926,,"[""draft"",""full""]",0,5,1,8,5,0.001,0.9973520586926633,0.00011407342576534178,0,certified_subband_convergence,,,0.0,,0.0,0,,,,,,50000,4.849165880614782,,relative,None,0.08,0.0028064274706323354,0.06,,0.08,/home/asaleh/PycharmProjects/hdgfem/run_outputs/torsion_reduced_optimizer_numerical_tests/cases/mesh_order-smooth_star-da3cdf832f27/attempt_001/run/out/equilibrium.npz,/home/asaleh/PycharmProjects/hdgfem/run_outputs/torsion_reduced_optimizer_numerical_tests/cases/mesh_order-smooth_star-da3cdf832f27/attempt_001/run/out/equilibrium.npz,,,0,,None,mumps,1,1,200,0.3321395160164684,CONVERGED_RESIDUAL,1e-12,,CONVERGED_CERTIFIED_SUBBAND,,,,,smooth_star,file,0.03618932573194228,,,,,,,,,,,,,,,,1,0.1,gmres,1.0,hypre,0.35,0.00025,27,1.1349849679972976,1,1,9,CONVERGED_LAMBDA1,0.48120723001193255,1e-11,,1.0,9,27,1,1.799125672027003,10,,,,,,,mesh_order-smooth_star-da3cdf832f27,,,,,,,,,,,hminus1_grid_refined,0.000636594531971671,,0.9496749891142396,-0.02389699331107461,0.5627557263019589,0.3631832528427569,0.41350826372851723,homotopy,0.000636594531971671,0.03568177495505713,,,,,,,,,,,,,/home/asaleh/PycharmProjects/hdgfem/run_outputs/torsion_reduced_optimizer_numerical_tests/cases/mesh_order-smooth_star-da3cdf832f27/attempt_001/run/logs/initialization.csv,,,None,1e-08,1e-07,,,8.134904495981354e-08,5.7263200538513186e-08,,mumps,,2.0,mesh_order,455.0,4.106247586052632,0.24436220302595757,,,,,,,/home/asaleh/PycharmProjects/hdgfem/run_outputs/torsion_reduced_optimizer_numerical_tests/meshes/smooth_star-p2-dof50000.msh,24457,49501,,0.026277307225056373,0.5,6.2313193139798e-05,49362,/home/asaleh/PycharmProjects/hdgfem/run_outputs/torsion_reduced_optimizer_numerical_tests/cases/mesh_order-smooth_star-da3cdf832f27/attempt_001/run/logs/newton.csv,,,,,,None,1e-08,1,0,None,0,1e-08,73,8.236139886865948e-15,gmres,hypre,,0.003610884548881203,0.0074630001577413885,24457,,,2,,1,0.40066445400589146,1,0.3843606419977732,1,13.878131965000648,1,1.8120349480013829,,,1,0.07905667397426441,,,9,2.304565978003666,9,1.3853806109691504,1,0.2714068019995466,1,0.5114088449918199,1,48.80391657497967,17,3.5739290280325804,,,/home/asaleh/PycharmProjects/hdgfem/run_outputs/torsion_reduced_optimizer_numerical_tests/cases/mesh_order-smooth_star-da3cdf832f27/attempt_001/run/logs/phases.csv,0.08522512840854977,0.0498505545118384,0.0031816422435387297,0.0004465690091042664,,none,0,,,,10.057472467909836,417.12855920862506,0.024111205636436976,12,,,mesh_order-smooth_star-3a23a60f39f8,12.542925384041155,8,0.0031816422435387297,0.0004465690091042664,,,,,1,0.772908967358175,0.6075574040609477,1.0,0.010761958305580738,/home/asaleh/PycharmProjects/hdgfem/run_outputs/torsion_reduced_optimizer_numerical_tests/cases/mesh_order-smooth_star-da3cdf832f27/attempt_001/run,,run,/home/asaleh/PycharmProjects/hdgfem/run_outputs/torsion_reduced_optimizer_numerical_tests/cases/mesh_order-smooth_star-da3cdf832f27/attempt_001/run,0.062313193139798,0.0,gmres,cg,hypre,optimized,,,completed,,,,,,,,,,,,,,,,,cg,hypre,0.6087685502131865,sharp_indicator,,,False,48.80391657497967,1e-11,,,,None,,1.4857909777532874,0.3458894968298779,0.3716559892339323,,,300,1.1498536692849792e-05,7.886513506755686e-06,,,,,,,,,,,,,,,,51.102221965789795,
,,,,,,,,,0.45,0.5,,,,,,,,,,,,,,,,,,,,,,,,,,,,,,"[""full""]",,,,,,,,,,incomplete,,,,,,,,,,,,50000,,,,,,,,,,,,,,,,,,,,,,,,,,,,,,smooth_star,,,,,,,,,,,,,,,,,,,,,,,,,,,,,,,,,,,,,,,,,,,,,,mesh_order_difficult-smooth_star-4935eb882d25,,,,,,,,,,,,,,,,,,,,,,,,,,,,,,,,,,,,,,,,,,,,,,,,mesh_order_difficult,,,,,,,,,,,,,,,,,,,,,,,,,,,,,,,,,,,,,,,,,2,,,,,,,,,,,,,,,,,,,,,,,,,,,,,,,,,,,,,,,,,,,,,,,,,,,,,,,,,,,,,,,,,,,,,,,,,planned,,,,,,,,,,,,,,,,,,,,,,,,,,,,,,,,,,,,,,,,,,,,,,,,,,,,,,,
-26.330494138085058,9,9,0.9997551362034468,1.7287576530593532e-05,,,0.6,0.7,0.6,0.7,,0.14300741080660373,,0.0,0.5384328843482294,0.5794392118193199,0.04109323827171024,0.047294985352300256,0.3110257629084051,0.5110745239353325,10,0.0,0.0,0.2975464674455449,0.4009694809534201,0.0004961397664472011,0.10744294065830201,0.17654920040602837,0.1365759591929013,0.2244202945531531,0.512390008433307,2.2324823456648184e-15,0.36780888331395856,0.006201747080590014,0.523821284579631,0.280617278987033,,0.3273868254848718,,"[""full""]",0,5,1,8,5,0.001,0.9996766045676051,1.3913017281617264e-05,0,certified_subband_convergence,,,0.0,,0.0,0,,,,,,100000,4.849203870532624,,relative,None,0.08,0.0028061727898703293,0.06,,0.07999999999999999,/home/asaleh/PycharmProjects/hdgfem/run_outputs/torsion_reduced_optimizer_numerical_tests/cases/mesh_order-smooth_star-8f50decd5c28/attempt_001/run/out/equilibrium.npz,/home/asaleh/PycharmProjects/hdgfem/run_outputs/torsion_reduced_optimizer_numerical_tests/cases/mesh_order-smooth_star-8f50decd5c28/attempt_001/run/out/equilibrium.npz,,,0,,None,mumps,1,1,200,0.6497202700120397,CONVERGED_RESIDUAL,1e-12,,CONVERGED_CERTIFIED_SUBBAND,,,,,smooth_star,file,0.024996396436271752,,,,,,,,,,,,,,,,1,0.1,gmres,1.0,hypre,0.35,0.00025,27,1.998498180968454,1,1,9,CONVERGED_LAMBDA1,0.848298024997348,1e-11,,1.0,9,27,1,3.2048620719870087,10,,,,,,,mesh_order-smooth_star-8f50decd5c28,,,,,,,,,,,hminus1_grid_refined,0.000634688918514573,,0.9478908567629271,-0.01307250769506113,0.5078239410319719,0.36212760275342,0.4142367459904928,homotopy,0.000634688918514573,0.03562832913608419,,,,,,,,,,,,,/home/asaleh/PycharmProjects/hdgfem/run_outputs/torsion_reduced_optimizer_numerical_tests/cases/mesh_order-smooth_star-8f50decd5c28/attempt_001/run/logs/initialization.csv,,,None,1e-08,1e-07,,,8.162473002051938e-08,5.728135442191715e-08,,mumps,,2.0,mesh_order,447.0,6.685132421989692,0.47361622395692393,,,,,,,/home/asaleh/PycharmProjects/hdgfem/run_outputs/torsion_reduced_optimizer_numerical_tests/meshes/smooth_star-p2-dof100000.msh,47882,96530,,0.01875,0.5,6.228608818474379e-05,96391,/home/asaleh/PycharmProjects/hdgfem/run_outputs/torsion_reduced_optimizer_numerical_tests/cases/mesh_order-smooth_star-8f50decd5c28/attempt_001/run/logs/newton.csv,,,,,,None,1e-08,1,0,None,0,1e-08,73,2.2324823456648184e-15,gmres,hypre,,0.0025324223907895924,0.005154742325470885,47882,,,2,,1,0.7845812370069325,1,0.7125814460159745,1,26.52864294400206,1,3.230162118008593,,,1,0.17702044401085004,,,9,2.5062755919934716,9,1.9984862389683258,1,0.2920932899869513,1,0.5209462459897622,1,67.14117557599093,17,5.164877079951111,,,/home/asaleh/PycharmProjects/hdgfem/run_outputs/torsion_reduced_optimizer_numerical_tests/cases/mesh_order-smooth_star-8f50decd5c28/attempt_001/run/logs/phases.csv,0.08519210335575834,0.04982887054779503,0.0019885152357011133,6.532091447200001e-05,,none,0,,,,9.811673869746848,417.81642617950206,0.02348321716181537,12,,,mesh_order-smooth_star-3a23a60f39f8,14.048410074989079,8,0.0019885152357011133,6.532091447200001e-05,,,,,1,0.7750494384531045,0.6079622123063859,1.0,0.0046100768093383475,/home/asaleh/PycharmProjects/hdgfem/run_outputs/torsion_reduced_optimizer_numerical_tests/cases/mesh_order-smooth_star-8f50decd5c28/attempt_001/run,,run,/home/asaleh/PycharmProjects/hdgfem/run_outputs/torsion_reduced_optimizer_numerical_tests/cases/mesh_order-smooth_star-8f50decd5c28/attempt_001/run,0.062286088184743786,0.0,gmres,cg,hypre,optimized,,,completed,,,,,,,,,,,,,,,,,cg,hypre,0.6085722303539434,sharp_indicator,,,False,67.14117557599093,1e-11,,,,None,,1.485844379593404,0.3467920996613862,0.37093229374348147,,,300,1.1493535066315426e-05,7.094774732293473e-06,0.9987651007347564,8.727367494777743e-05,0.9981413384986261,8.003704355502564e-05,0.003456794905888577,0.08,0.0035058512995257713,0.003456794905888577,0.0004821517047733715,0.003456794905888577,0.0004821517047733715,0.011116550396011433,1.0326924182545845,0.2407407490995547,0.2589995506516174,69.44500017166138,
,,,,,,,,,0.45,0.5,,,,,,,,,,,,,,,,,,,,,,,,,,,,,,"[""full""]",,,,,,,,,,incomplete,,,,,,,,,,,,100000,,,,,,,,,,,,,,,,,,,,,,,,,,,,,,smooth_star,,,,,,,,,,,,,,,,,,,,,,,,,,,,,,,,,,,,,,,,,,,,,,mesh_order_difficult-smooth_star-37dbe917dfd4,,,,,,,,,,,,,,,,,,,,,,,,,,,,,,,,,,,,,,,,,,,,,,,,mesh_order_difficult,,,,,,,,,,,,,,,,,,,,,,,,,,,,,,,,,,,,,,,,,2,,,,,,,,,,,,,,,,,,,,,,,,,,,,,,,,,,,,,,,,,,,,,,,,,,,,,,,,,,,,,,,,,,,,,,,,,planned,,,,,,,,,,,,,,,,,,,,,,,,,,,,,,,,,,,,,,,,,,,,,,,,,,,,,,,
-25.305203776372853,9,9,1.0,0.0,,,0.6,0.7,0.6,0.7,,0.16943451383849606,,0.0,0.532669596125629,0.5794935300399138,0.041095013805117736,0.04729802957039301,0.31097577893255923,0.5109736355978665,10,0.0,0.0,0.29761878890400073,0.4009413560694284,0.0004962412612220218,0.10745485125109626,0.17656229110469757,0.13655588904772448,0.22437907971008555,0.5037902072982904,3.223922512763026e-15,0.37136882284815204,0.006203015765275273,0.5234587377721678,0.2806053421047066,,0.32737289912215767,,"[""draft"",""full""]",0,5,1,8,5,0.001,1.0,0.0,0,certified_subband_convergence,,,0.0,,0.0,0,,,,,,200000,4.849331647032215,,relative,None,0.08,0.0028060534210470633,0.06,,0.07999999999999999,/home/asaleh/PycharmProjects/hdgfem/run_outputs/torsion_reduced_optimizer_numerical_tests/cases/mesh_order-smooth_star-3a23a60f39f8/attempt_001/run/out/equilibrium.npz,/home/asaleh/PycharmProjects/hdgfem/run_outputs/torsion_reduced_optimizer_numerical_tests/cases/mesh_order-smooth_star-3a23a60f39f8/attempt_001/run/out/equilibrium.npz,,,0,,None,mumps,1,1,200,1.418132725986652,CONVERGED_RESIDUAL,1e-12,,CONVERGED_CERTIFIED_SUBBAND,,,,,smooth_star,file,0.018266989824194522,,,,,,,,,,,,,,,,1,0.1,gmres,1.0,hypre,0.35,0.00025,27,2.540221306029707,1,1,9,CONVERGED_LAMBDA1,1.0695773019979242,1e-11,,1.0,9,27,1,4.0205377700331155,10,,,,,,,mesh_order-smooth_star-3a23a60f39f8,,,,,,,,,,,hminus1_grid_refined,0.0006352997765379361,,0.9485032404880618,-0.016843641245632496,0.5270620550227108,0.36248443171895006,0.4139811912308883,homotopy,0.0006352997765379361,0.0356454703023522,,,,,,,,,,,,,/home/asaleh/PycharmProjects/hdgfem/run_outputs/torsion_reduced_optimizer_numerical_tests/cases/mesh_order-smooth_star-3a23a60f39f8/attempt_001/run/logs/initialization.csv,,,None,1e-08,1e-07,,,8.1518062001089e-08,5.727733658134691e-08,True,mumps,,2.0,mesh_order,473.0,8.874398732092232,0.5321896380046383,,,,,,,/home/asaleh/PycharmProjects/hdgfem/run_outputs/torsion_reduced_optimizer_numerical_tests/meshes/smooth_star-p2-dof200000.msh,98812,198664,,0.013026190564589481,0.5,6.228985997648026e-05,198525,/home/asaleh/PycharmProjects/hdgfem/run_outputs/torsion_reduced_optimizer_numerical_tests/cases/mesh_order-smooth_star-3a23a60f39f8/attempt_001/run/logs/newton.csv,,,,,,None,1e-08,1,0,None,0,1e-08,73,3.223922512763026e-15,gmres,hypre,,0.0,0.00376690875233784,98812,,,2,,1,1.7391652489895932,1,1.4932670760026667,1,30.95983717200579,1,4.0487111620022915,,,1,0.3484793530078605,,,9,2.8370662920060568,9,2.510305647010682,1,0.3292617929982953,1,0.5680778920068406,1,79.75278116101981,17,6.225292397022713,,,/home/asaleh/PycharmProjects/hdgfem/run_outputs/torsion_reduced_optimizer_numerical_tests/cases/mesh_order-smooth_star-3a23a60f39f8/attempt_001/run/logs/phases.csv,0.0851924564888177,0.04983188798118421,5.852101582832407e-14,2.341775995656976e-16,,none,0,,,,9.672422041365616,417.6084969425019,0.023161458907521595,12,,,mesh_order-smooth_star-3a23a60f39f8,16.22736224203254,8,5.852101582832407e-14,2.341775995656976e-16,,,,,1,0.7768656083659778,0.6085316606257933,1.0,1.6864232714574098e-15,/home/asaleh/PycharmProjects/hdgfem/run_outputs/torsion_reduced_optimizer_numerical_tests/cases/mesh_order-smooth_star-3a23a60f39f8/attempt_001/run,,run,/home/asaleh/PycharmProjects/hdgfem/run_outputs/torsion_reduced_optimizer_numerical_tests/cases/mesh_order-smooth_star-3a23a60f39f8/attempt_001/run,0.06228985997648026,0.0,gmres,cg,hypre,optimized,,,completed,,,,,,,,,,,,,,,,,cg,hypre,0.6085945678365596,sharp_indicator,,,False,79.75278116101981,1e-11,,,,None,,1.4875691524273071,0.3484603359394238,0.3707200463910549,,,300,1.1494231067972448e-05,7.095204362945955e-06,0.9997551362034468,1.7287576530593532e-05,0.9996766045676051,1.3913017281617264e-05,0.0019885152357011133,0.07999999999999999,0.0025324223907895924,0.0019885152357011133,6.532091447200001e-05,0.0019885152357011133,6.532091447200001e-05,0.0046100768093383475,1.485844379593404,0.3467920996613862,0.37093229374348147,82.28246283531189,
,,,,,,,,,0.45,0.5,,,,,,,,,,,,,,,,,,,,,,,,,,,,,,"[""full""]",,,,,,,,,,incomplete,,,,,,,,,,,,200000,,,,,,,,,,,,,,,,,,,,,,,,,,,,,,smooth_star,,,,,,,,,,,,,,,,,,,,,,,,,,,,,,,,,,,,,,,,,,,,,,mesh_order_difficult-smooth_star-e1eea16b5014,,,,,,,,,,,,,,,,,,,,,,,,,,,,,,,,,,,,,,,,,,,,,,,,mesh_order_difficult,,,,,,,,,,,,,,,,,,,,,,,,,,,,,,,,,,,,,,,,,2,,,,,,,,,,,,,,,,,,,,,,,,,,,,,,,,,,,,,,,,,,,,,,,,,,,,,,,,,,,,,,,,,,,,,,,,,planned,,,,,,,,,,,,,,,,,,,,,,,,,,,,,,,,,,,,,,,,,,,,,,,,,,,,,,,
,,,,,,,,,0.6,0.7,,,,,,,,,,,,,,,,,,,,,,,,,,,,,,"[""full""]",,,,,,,,,,incomplete,,,,,,,,,,,,400000,,,,,,,,,,,,,,,,,,,,,,,,,,,,,,smooth_star,,,,,,,,,,,,,,,,,,,,,,,,,,,,,,,,,,,,,,,,,,,,,,mesh_order-smooth_star-77a949902491,,,,,,,,,,,,,,,,,,,,,,,,,,,,,,,,,,,,,,,,,,,,,,,,mesh_order,,,,,,,,,,,,,,,,,,,,,,,,,,,,,,,,,,,,,,,,,2,,,,,,,,,,,,,,,,,,,,,,,,,,,,,,,,,,,,,,,,,,,,,,,,,,,,,,,,,,,,,,,,,,,,,,,,,planned,,,,,,,,,,,,,,,,,,,,,,,,,,,,,,,,,,,,,,,,,,,,,,,,,,,,,,,
,,,,,,,,,0.45,0.5,,,,,,,,,,,,,,,,,,,,,,,,,,,,,,"[""full""]",,,,,,,,,,incomplete,,,,,,,,,,,,400000,,,,,,,,,,,,,,,,,,,,,,,,,,,,,,smooth_star,,,,,,,,,,,,,,,,,,,,,,,,,,,,,,,,,,,,,,,,,,,,,,mesh_order_difficult-smooth_star-b203dffbde9b,,,,,,,,,,,,,,,,,,,,,,,,,,,,,,,,,,,,,,,,,,,,,,,,mesh_order_difficult,,,,,,,,,,,,,,,,,,,,,,,,,,,,,,,,,,,,,,,,,2,,,,,,,,,,,,,,,,,,,,,,,,,,,,,,,,,,,,,,,,,,,,,,,,,,,,,,,,,,,,,,,,,,,,,,,,,planned,,,,,,,,,,,,,,,,,,,,,,,,,,,,,,,,,,,,,,,,,,,,,,,,,,,,,,,
,,,,,,,,,0.6,0.7,,,,,,,,,,,,,,,,,,,,,,,,,,,,,,"[""draft"",""full""]",,,,,,,,,,incomplete,,,,,,,,,,,,700000,,,,,,,,,,,,,,,,,,,,,,,,,,,,,,smooth_star,,,,,,,,,,,,,,,,,,,,,,,,,,,,,,,,,,,,,,,,,,,,,,mesh_order-smooth_star-92c10122d9b3,,,,,,,,,,,,,,,,,,,,,,,,,,,,,,,,,,,,,,,,,,,,,,,,mesh_order,,,,,,,,,,,,,,,,,,,,,,,,,,,,,,,,,,,,,,,,,2,,,,,,,,,,,,,,,,,,,,,,,,,,,,,,,,,,,,,,,,,,,,,,,,,,,,,,,,,,,,,,,,,,,,,,,,,planned,,,,,,,,,,,,,,,,,,,,,,,,,,,,,,,,,,,,,,,,,,,,,,,,,,,,,,,
,,,,,,,,,0.45,0.5,,,,,,,,,,,,,,,,,,,,,,,,,,,,,,"[""full""]",,,,,,,,,,incomplete,,,,,,,,,,,,700000,,,,,,,,,,,,,,,,,,,,,,,,,,,,,,smooth_star,,,,,,,,,,,,,,,,,,,,,,,,,,,,,,,,,,,,,,,,,,,,,,mesh_order_difficult-smooth_star-208957a59850,,,,,,,,,,,,,,,,,,,,,,,,,,,,,,,,,,,,,,,,,,,,,,,,mesh_order_difficult,,,,,,,,,,,,,,,,,,,,,,,,,,,,,,,,,,,,,,,,,2,,,,,,,,,,,,,,,,,,,,,,,,,,,,,,,,,,,,,,,,,,,,,,,,,,,,,,,,,,,,,,,,,,,,,,,,,planned,,,,,,,,,,,,,,,,,,,,,,,,,,,,,,,,,,,,,,,,,,,,,,,,,,,,,,,
-29.513227241942758,8,8,0.9981592600675433,0.00013006515225564422,,,0.6,0.7,0.6,0.7,,0.08067051297985017,,0.0,0.5512779203840011,0.5794626900204016,0.041123944286886774,0.04732583778791169,0.3108163919778915,0.5106720667599429,6,0.0,0.0,0.29782545904389013,0.40160664182047956,0.0004961514800819933,0.10762776455020268,0.17683267157773977,0.1368069255515768,0.22477410207974743,0.5301432881698549,3.1857273319971426e-14,0.3733919934545441,0.006201893501024916,0.5252146053299777,0.2807970942386594,,0.32759660994510265,,"[""draft"",""full""]",0,6,1,8,5,0.001,0.9967135671890787,0.00014159641402316177,0,certified_subband_convergence,,,0.0,,0.0,0,,,,,,50000,4.849243843176703,,relative,None,0.08,0.002807970942386595,0.06,,0.08,/home/asaleh/PycharmProjects/hdgfem/run_outputs/torsion_reduced_optimizer_numerical_tests/cases/mesh_order-smooth_star-f30cb6799d16/attempt_001/run/out/equilibrium.npz,/home/asaleh/PycharmProjects/hdgfem/run_outputs/torsion_reduced_optimizer_numerical_tests/cases/mesh_order-smooth_star-f30cb6799d16/attempt_001/run/out/equilibrium.npz,,,0,,None,mumps,1,1,200,0.268386516981991,CONVERGED_RESIDUAL,1e-12,,CONVERGED_CERTIFIED_SUBBAND,,,,,smooth_star,file,0.06918991233972438,,,,,,,,,,,,,,,,1,0.1,gmres,1.0,hypre,0.35,0.00025,27,1.9958462038775906,1,1,9,CONVERGED_LAMBDA1,0.8259720349742565,1e-11,,1.0,9,27,1,3.0025499889161438,10,,,,,,,mesh_order-smooth_star-f30cb6799d16,,,,,,,,,,,hminus1_grid_refined,0.0006444514628275236,,0.95641872328061,-0.06404094341373966,0.7664737413713715,0.36811246560569905,0.41169374232508915,homotopy,0.0006444514628275236,0.03590129420585068,,,,,,,,,,,,,/home/asaleh/PycharmProjects/hdgfem/run_outputs/torsion_reduced_optimizer_numerical_tests/cases/mesh_order-smooth_star-f30cb6799d16/attempt_001/run/logs/initialization.csv,,,None,1e-08,1e-07,,,8.188555644811119e-08,5.737237740292565e-08,,mumps,,2.0,mesh_order,556.0,6.130890932952752,0.2034329570014961,,,,,,,/home/asaleh/PycharmProjects/hdgfem/run_outputs/torsion_reduced_optimizer_numerical_tests/meshes/smooth_star-p4-dof50000.msh,6008,48644,,0.05336080021888727,0.5,6.231450217779745e-05,48505,/home/asaleh/PycharmProjects/hdgfem/run_outputs/torsion_reduced_optimizer_numerical_tests/cases/mesh_order-smooth_star-f30cb6799d16/attempt_001/run/logs/newton.csv,,,,,,None,1e-08,1,0,None,0,1e-08,71,3.1857273319971426e-14,gmres,hypre,,0.007256362546671767,0.014268185840371886,6008,,,4,,1,0.32723047901527025,1,0.32048034502076916,1,16.961581654002657,1,3.012922665977385,,,1,0.020789117988897488,,,8,2.1492961919866502,8,1.8449982270249166,1,0.29600901500089094,1,0.5344578789954539,1,53.421467420004774,16,4.76238463705522,,,/home/asaleh/PycharmProjects/hdgfem/run_outputs/torsion_reduced_optimizer_numerical_tests/cases/mesh_order-smooth_star-f30cb6799d16/attempt_001/run/logs/phases.csv,0.08523327728823264,0.049851601742237954,0.005395810774597676,0.000953074564871051,,none,0,,,,6.209890945900911,418.5036129552385,0.014838320993336554,16,,,mesh_order-smooth_star-3a23a60f39f8,14.041878346994054,8,0.005395810774597676,0.000953074564871051,,,,,1,0.776818512450654,0.6072294311061934,1.0,0.011958986136186303,/home/asaleh/PycharmProjects/hdgfem/run_outputs/torsion_reduced_optimizer_numerical_tests/cases/mesh_order-smooth_star-f30cb6799d16/attempt_001/run,,run,/home/asaleh/PycharmProjects/hdgfem/run_outputs/torsion_reduced_optimizer_numerical_tests/cases/mesh_order-smooth_star-f30cb6799d16/attempt_001/run,0.062314502177797444,0.0,gmres,cg,hypre,optimized,,,completed,,,,,,,,,,,,,,,,,cg,hypre,0.6086418510217836,sharp_indicator,,,False,53.421467420004774,1e-11,,,,None,,1.4868326636297304,0.3489465150664093,0.37121643745873195,,,300,1.149877824717738e-05,7.09801126368974e-06,,,,,,,,,,,,,,,,55.718350887298584,
,,,,,,,,,0.45,0.5,,,,,,,,,,,,,,,,,,,,,,,,,,,,,,"[""draft"",""full""]",,,,,,,,,,incomplete,,,,,,,,,,,,50000,,,,,,,,,,,,,,,,,,,,,,,,,,,,,,smooth_star,,,,,,,,,,,,,,,,,,,,,,,,,,,,,,,,,,,,,,,,,,,,,,mesh_order_difficult-smooth_star-7e57f6885726,,,,,,,,,,,,,,,,,,,,,,,,,,,,,,,,,,,,,,,,,,,,,,,,mesh_order_difficult,,,,,,,,,,,,,,,,,,,,,,,,,,,,,,,,,,,,,,,,,4,,,,,,,,,,,,,,,,,,,,,,,,,,,,,,,,,,,,,,,,,,,,,,,,,,,,,,,,,,,,,,,,,,,,,,,,,planned,,,,,,,,,,,,,,,,,,,,,,,,,,,,,,,,,,,,,,,,,,,,,,,,,,,,,,,
-21.716846922497954,8,8,,,,,0.6,0.7,0.6,0.7,,0.14528279699152336,,0.0,0.5480911832608917,0.5815853885552444,0.04112844981840926,0.047357449053217454,0.312211726992068,0.51271337619623,5,0.0,0.0,0.29672835822344945,0.3991562005654561,0.0004983199387846554,0.10785417214649361,0.17711787212747146,0.13520886880675748,0.2220396917356886,0.5190385566854203,5.975158716746791e-12,0.3734044984055775,0.006228999234808193,0.5224555476575243,0.28070006939208786,,0.32748341429076916,,"[""full""]",0,6,1,8,5,0.001,,,0,geometrically_unsuccessful_pde_converged,,,0.0,,0.0,0,,,,,,100000,4.849185570746032,,relative,None,0.08,0.002807000693920878,0.06,,0.07999999999999999,/home/asaleh/PycharmProjects/hdgfem/run_outputs/torsion_reduced_optimizer_numerical_tests/cases/mesh_order-smooth_star-327e4c9a188a/attempt_001/run/out/equilibrium.npz,/home/asaleh/PycharmProjects/hdgfem/run_outputs/torsion_reduced_optimizer_numerical_tests/cases/mesh_order-smooth_star-327e4c9a188a/attempt_001/run/out/equilibrium.npz,,,3,,None,mumps,0,1,200,1.0654602739959955,FAIL_STEP_STAGNATION,1e-12,,NEWTON_NOT_CONVERGED,,,,,smooth_star,file,0.04967727664708412,,,,,,,,,,,,,,,,1,0.1,gmres,1.0,hypre,0.35,0.00025,27,3.981059223006014,1,1,9,CONVERGED_LAMBDA1,1.674559612001758,1e-11,,1.0,9,27,1,6.002088000008371,10,,,,,,,mesh_order-smooth_star-327e4c9a188a,,,,,,,,,,,hminus1_grid_refined,0.0006444173711460425,,0.9558396900874312,-0.061347970306568834,0.754428165319792,0.3672817960761656,0.4114421059887345,homotopy,0.0006444173711460425,0.03590034459851444,,,,,,,,,,,,,/home/asaleh/PycharmProjects/hdgfem/run_outputs/torsion_reduced_optimizer_numerical_tests/cases/mesh_order-smooth_star-327e4c9a188a/attempt_001/run/logs/initialization.csv,,,None,1e-08,1e-07,,,8.108679203689844e-08,5.702231436649372e-08,,mumps,,2.0,mesh_order,558.0,11.586508192005567,0.38694166208733805,,,,,,,/home/asaleh/PycharmProjects/hdgfem/run_outputs/torsion_reduced_optimizer_numerical_tests/meshes/smooth_star-p4-dof100000.msh,11923,96146,,0.037731783684315796,0.5,6.234419329571235e-05,96007,/home/asaleh/PycharmProjects/hdgfem/run_outputs/torsion_reduced_optimizer_numerical_tests/cases/mesh_order-smooth_star-327e4c9a188a/attempt_001/run/logs/newton.csv,,,,,,None,1e-08,1,0,None,0,1e-08,71,1.5808472507794549e-13,gmres,hypre,,,0.010244457738795388,11923,,,4,,1,0.659884783992311,1,1.1350780639913864,1,35.80438978402526,1,6.022945880016778,,,1,0.0387641099805478,,,8,2.297881187987514,8,3.156645856972318,1,0.33585886799846776,1,0.6259494810074102,1,80.67803029998322,15,7.561583908041939,,,/home/asaleh/PycharmProjects/hdgfem/run_outputs/torsion_reduced_optimizer_numerical_tests/cases/mesh_order-smooth_star-327e4c9a188a/attempt_001/run/logs/phases.csv,0.08525565983672326,0.04987535463656988,,,,none,0,,,,7.359664672122798,416.0015315158435,0.017691436484152712,16,,,,15.044047459028661,7,,,,,,,1,0.7782398835487391,0.6081367973601834,1.0,,/home/asaleh/PycharmProjects/hdgfem/run_outputs/torsion_reduced_optimizer_numerical_tests/cases/mesh_order-smooth_star-327e4c9a188a/attempt_001/run,,run,/home/asaleh/PycharmProjects/hdgfem/run_outputs/torsion_reduced_optimizer_numerical_tests/cases/mesh_order-smooth_star-327e4c9a188a/attempt_001/run,0.06234419329571235,0.0,gmres,cg,hypre,optimized,,,failed,,,,,,,,,,,,,,,,,cg,hypre,0.6089400852155176,sharp_indicator,,,False,80.67803029998322,1e-11,,,,None,,,,,,,300,1.1504257093495373e-05,7.101393267589736e-06,,,,,,,,,,,,,,,,82.9288227558136,
,,,,,,,,,0.45,0.5,,,,,,,,,,,,,,,,,,,,,,,,,,,,,,"[""full""]",,,,,,,,,,incomplete,,,,,,,,,,,,100000,,,,,,,,,,,,,,,,,,,,,,,,,,,,,,smooth_star,,,,,,,,,,,,,,,,,,,,,,,,,,,,,,,,,,,,,,,,,,,,,,mesh_order_difficult-smooth_star-0c1c66d19810,,,,,,,,,,,,,,,,,,,,,,,,,,,,,,,,,,,,,,,,,,,,,,,,mesh_order_difficult,,,,,,,,,,,,,,,,,,,,,,,,,,,,,,,,,,,,,,,,,4,,,,,,,,,,,,,,,,,,,,,,,,,,,,,,,,,,,,,,,,,,,,,,,,,,,,,,,,,,,,,,,,,,,,,,,,,planned,,,,,,,,,,,,,,,,,,,,,,,,,,,,,,,,,,,,,,,,,,,,,,,,,,,,,,,
-23.618693556819906,9,9,0.9980120643868963,0.00014051479238598515,,,0.6,0.7,0.6,0.7,,0.1935302630008664,,0.0,0.5391164935409545,0.579773680405047,0.04110975334782345,0.047317203024599734,0.3112209697039413,0.511274986335027,9,0.0,0.0,0.29749445354581894,0.4008749199077758,0.0004965959741421028,0.10753852076970546,0.17666468872365285,0.1364802636144084,0.2242102933514954,0.5072313550759243,7.193596387620164e-15,0.3770201133789465,0.006207449676776285,0.5229402063233783,0.28064453654073923,,0.3274186259641958,,"[""draft"",""full""]",0,5,1,8,5,0.001,0.9961945763595937,0.0001640503858455827,0,certified_subband_convergence,,,0.0,,0.0,0,,,,,,200000,4.849127340765605,,relative,None,0.08,0.002806445365407394,0.06,,0.08,/home/asaleh/PycharmProjects/hdgfem/run_outputs/torsion_reduced_optimizer_numerical_tests/cases/mesh_order-smooth_star-c7bdf6989e97/attempt_001/run/out/equilibrium.npz,/home/asaleh/PycharmProjects/hdgfem/run_outputs/torsion_reduced_optimizer_numerical_tests/cases/mesh_order-smooth_star-c7bdf6989e97/attempt_001/run/out/equilibrium.npz,,,0,,None,mumps,1,1,200,1.0754276789957657,CONVERGED_RESIDUAL,1e-12,,CONVERGED_CERTIFIED_SUBBAND,,,,,smooth_star,file,0.036280838842093675,,,,,,,,,,,,,,,,1,0.1,gmres,1.0,hypre,0.35,0.00025,27,5.05894603006891,1,1,9,CONVERGED_LAMBDA1,2.095187533996068,1e-11,,1.0,9,27,1,7.5376625500503,10,,,,,,,mesh_order-smooth_star-c7bdf6989e97,,,,,,,,,,,hminus1_grid_refined,0.000640334884312106,,0.9530644804007137,-0.04433935754465361,0.6666607082477913,0.365502512513396,0.4124380321126824,homotopy,0.000640334884312106,0.03578644671693757,,,,,,,,,,,,,/home/asaleh/PycharmProjects/hdgfem/run_outputs/torsion_reduced_optimizer_numerical_tests/cases/mesh_order-smooth_star-c7bdf6989e97/attempt_001/run/logs/initialization.csv,,,None,1e-08,1e-07,,,8.131771160253711e-08,5.726784570111082e-08,,mumps,,2.0,mesh_order,580.0,14.350264456035802,0.4388950288994238,,,,,,,/home/asaleh/PycharmProjects/hdgfem/run_outputs/torsion_reduced_optimizer_numerical_tests/meshes/smooth_star-p4-dof200000.msh,24713,198742,,0.026136988875920652,0.5,6.231776710328436e-05,198603,/home/asaleh/PycharmProjects/hdgfem/run_outputs/torsion_reduced_optimizer_numerical_tests/cases/mesh_order-smooth_star-c7bdf6989e97/attempt_001/run/logs/newton.csv,,,,,,None,1e-08,1,0,None,0,1e-08,71,7.193596387620164e-15,gmres,hypre,,0.003537846109420389,0.007481931550258169,24713,,,4,,1,1.3974942640052177,1,1.149591066990979,1,47.793094938999275,1,7.561369460017886,,,1,0.08444701798725873,,,9,1.6843699919991195,9,4.512873214029241,1,0.22134490200551227,1,0.33424148298217915,1,92.83778165600961,16,9.47924145613797,,,/home/asaleh/PycharmProjects/hdgfem/run_outputs/torsion_reduced_optimizer_numerical_tests/cases/mesh_order-smooth_star-c7bdf6989e97/attempt_001/run/logs/phases.csv,0.08521883513858547,0.04985421368262748,0.0020896515758301714,0.0005366081588637449,,none,0,,,,11.11895652945415,416.87910938055495,0.026671896670418253,16,,,mesh_order-smooth_star-3a23a60f39f8,13.925324294919847,7,0.0020896515758301714,0.0005366081588637449,,,,,1,0.7788564626732131,0.6086345545614078,1.0,0.0032932611283584094,/home/asaleh/PycharmProjects/hdgfem/run_outputs/torsion_reduced_optimizer_numerical_tests/cases/mesh_order-smooth_star-c7bdf6989e97/attempt_001/run,,run,/home/asaleh/PycharmProjects/hdgfem/run_outputs/torsion_reduced_optimizer_numerical_tests/cases/mesh_order-smooth_star-c7bdf6989e97/attempt_001/run,0.06231776710328435,0.0,gmres,cg,hypre,optimized,,,completed,,,,,,,,,,,,,,,,,cg,hypre,0.6087154232497601,sharp_indicator,,,False,92.83778165600961,1e-11,,,,None,,1.487331173334362,0.35016262837973494,0.37105272132045164,,,300,1.2777089686395271e-05,7.887092399009426e-06,0.9982379472861559,0.00012460947421809787,0.9975893169623525,0.0001038717222280971,0.00578503555840058,0.08,0.006913233528480084,0.00578503555840058,0.000506825184500525,0.00578503555840058,0.000506825184500525,0.01174361572141494,0.7397386396492598,0.17415920412663527,0.1851966566441098,95.27519488334656,
,,,,,,,,,0.45,0.5,,,,,,,,,,,,,,,,,,,,,,,,,,,,,,"[""draft"",""full""]",,,,,,,,,,incomplete,,,,,,,,,,,,200000,,,,,,,,,,,,,,,,,,,,,,,,,,,,,,smooth_star,,,,,,,,,,,,,,,,,,,,,,,,,,,,,,,,,,,,,,,,,,,,,,mesh_order_difficult-smooth_star-ca36882d82cf,,,,,,,,,,,,,,,,,,,,,,,,,,,,,,,,,,,,,,,,,,,,,,,,mesh_order_difficult,,,,,,,,,,,,,,,,,,,,,,,,,,,,,,,,,,,,,,,,,4,,,,,,,,,,,,,,,,,,,,,,,,,,,,,,,,,,,,,,,,,,,,,,,,,,,,,,,,,,,,,,,,,,,,,,,,,planned,,,,,,,,,,,,,,,,,,,,,,,,,,,,,,,,,,,,,,,,,,,,,,,,,,,,,,,
,,,,,,,,,0.6,0.7,,,,,,,,,,,,,,,,,,,,,,,,,,,,,,"[""full""]",,,,,,,,,,incomplete,,,,,,,,,,,,400000,,,,,,,,,,,,,,,,,,,,,,,,,,,,,,smooth_star,,,,,,,,,,,,,,,,,,,,,,,,,,,,,,,,,,,,,,,,,,,,,,mesh_order-smooth_star-a78bbe250b5f,,,,,,,,,,,,,,,,,,,,,,,,,,,,,,,,,,,,,,,,,,,,,,,,mesh_order,,,,,,,,,,,,,,,,,,,,,,,,,,,,,,,,,,,,,,,,,4,,,,,,,,,,,,,,,,,,,,,,,,,,,,,,,,,,,,,,,,,,,,,,,,,,,,,,,,,,,,,,,,,,,,,,,,,planned,,,,,,,,,,,,,,,,,,,,,,,,,,,,,,,,,,,,,,,,,,,,,,,,,,,,,,,
,,,,,,,,,0.45,0.5,,,,,,,,,,,,,,,,,,,,,,,,,,,,,,"[""full""]",,,,,,,,,,incomplete,,,,,,,,,,,,400000,,,,,,,,,,,,,,,,,,,,,,,,,,,,,,smooth_star,,,,,,,,,,,,,,,,,,,,,,,,,,,,,,,,,,,,,,,,,,,,,,mesh_order_difficult-smooth_star-6fa05797b45b,,,,,,,,,,,,,,,,,,,,,,,,,,,,,,,,,,,,,,,,,,,,,,,,mesh_order_difficult,,,,,,,,,,,,,,,,,,,,,,,,,,,,,,,,,,,,,,,,,4,,,,,,,,,,,,,,,,,,,,,,,,,,,,,,,,,,,,,,,,,,,,,,,,,,,,,,,,,,,,,,,,,,,,,,,,,planned,,,,,,,,,,,,,,,,,,,,,,,,,,,,,,,,,,,,,,,,,,,,,,,,,,,,,,,
,,,,,,,,,0.6,0.7,,,,,,,,,,,,,,,,,,,,,,,,,,,,,,"[""draft"",""full""]",,,,,,,,,,incomplete,,,,,,,,,,,,700000,,,,,,,,,,,,,,,,,,,,,,,,,,,,,,smooth_star,,,,,,,,,,,,,,,,,,,,,,,,,,,,,,,,,,,,,,,,,,,,,,mesh_order-smooth_star-50538c535441,,,,,,,,,,,,,,,,,,,,,,,,,,,,,,,,,,,,,,,,,,,,,,,,mesh_order,,,,,,,,,,,,,,,,,,,,,,,,,,,,,,,,,,,,,,,,,4,,,,,,,,,,,,,,,,,,,,,,,,,,,,,,,,,,,,,,,,,,,,,,,,,,,,,,,,,,,,,,,,,,,,,,,,,planned,,,,,,,,,,,,,,,,,,,,,,,,,,,,,,,,,,,,,,,,,,,,,,,,,,,,,,,
,,,,,,,,,0.45,0.5,,,,,,,,,,,,,,,,,,,,,,,,,,,,,,"[""draft"",""full""]",,,,,,,,,,incomplete,,,,,,,,,,,,700000,,,,,,,,,,,,,,,,,,,,,,,,,,,,,,smooth_star,,,,,,,,,,,,,,,,,,,,,,,,,,,,,,,,,,,,,,,,,,,,,,mesh_order_difficult-smooth_star-ad9b2e13e9f4,,,,,,,,,,,,,,,,,,,,,,,,,,,,,,,,,,,,,,,,,,,,,,,,mesh_order_difficult,,,,,,,,,,,,,,,,,,,,,,,,,,,,,,,,,,,,,,,,,4,,,,,,,,,,,,,,,,,,,,,,,,,,,,,,,,,,,,,,,,,,,,,,,,,,,,,,,,,,,,,,,,,,,,,,,,,planned,,,,,,,,,,,,,,,,,,,,,,,,,,,,,,,,,,,,,,,,,,,,,,,,,,,,,,,
-26.781724383393847,9,9,0.9891552626755908,0.0007704130571732339,,,0.6,0.7,0.6,0.7,,0.1155693020846229,,0.0,0.5503267230487526,0.5802729322910565,0.041167667091043476,0.0473802710632734,0.31139089020944566,0.5109542152281985,10,0.0,0.0,0.2980392327427152,0.4011685299254887,0.000497008317778394,0.1076635019142828,0.1766625866682574,0.13682069257538348,0.22450595633935175,0.5151293420443059,4.92952028335017e-15,0.3799385479647606,0.006212603972229926,0.5242590627566687,0.2810030570462518,,0.3278368998872937,,"[""draft"",""full""]",0,5,1,8,5,0.001,0.9817113207469088,0.0007945015379358713,0,certified_subband_convergence,,,0.0,,0.0,0,,,,,,50000,4.849138162206586,,relative,None,0.08,0.0028100305704625147,0.06,,0.08,/home/asaleh/PycharmProjects/hdgfem/run_outputs/torsion_reduced_optimizer_numerical_tests/cases/mesh_order-smooth_star-46a385e3d511/attempt_001/run/out/equilibrium.npz,/home/asaleh/PycharmProjects/hdgfem/run_outputs/torsion_reduced_optimizer_numerical_tests/cases/mesh_order-smooth_star-46a385e3d511/attempt_001/run/out/equilibrium.npz,,,0,,None,mumps,1,1,200,0.2616046949988231,CONVERGED_RESIDUAL,1e-12,,CONVERGED_CERTIFIED_SUBBAND,,,,,smooth_star,file,0.10478453633897866,,,,,,,,,,,,,,,,1,0.1,gmres,1.0,hypre,0.35,0.00025,27,4.2025425269966945,1,1,9,CONVERGED_LAMBDA1,1.8281869500060566,1e-11,,1.0,9,27,1,6.208323576982366,10,,,,,,,mesh_order-smooth_star-46a385e3d511,,,,,,,,,,,hminus1_grid_refined,0.0006355226400157595,,0.9477282144589944,-0.011933357022012966,0.5020960059184386,0.3618253281744811,0.41409711371548674,homotopy,0.0006355226400157595,0.035651721978489606,,,,,,,,,,,,,/home/asaleh/PycharmProjects/hdgfem/run_outputs/torsion_reduced_optimizer_numerical_tests/cases/mesh_order-smooth_star-46a385e3d511/attempt_001/run/logs/initialization.csv,,,None,1e-08,1e-07,,,8.162205237740798e-08,5.730978998935552e-08,,mumps,,2.0,mesh_order,929.0,11.939437547902344,0.18805697502102703,,,,,,,/home/asaleh/PycharmProjects/hdgfem/run_outputs/torsion_reduced_optimizer_numerical_tests/meshes/smooth_star-p6-dof50000.msh,3107,56537,,0.075,0.5,6.239875679408207e-05,56398,/home/asaleh/PycharmProjects/hdgfem/run_outputs/torsion_reduced_optimizer_numerical_tests/cases/mesh_order-smooth_star-46a385e3d511/attempt_001/run/logs/newton.csv,,,,,,None,1e-08,1,0,None,0,1e-08,75,4.92952028335017e-15,gmres,hypre,,0.009634818625333956,0.021608898908192124,3107,,,6,,1,0.6585853980213869,1,0.31579741500900127,1,39.10548539299634,1,6.218806532997405,,,1,0.013137784000718966,,,9,2.346517397032585,9,4.160740088031162,1,0.35705013800179586,1,0.6419478120224085,1,88.70140750802238,18,8.511317564029014,,,/home/asaleh/PycharmProjects/hdgfem/run_outputs/torsion_reduced_optimizer_numerical_tests/cases/mesh_order-smooth_star-46a385e3d511/attempt_001/run/logs/phases.csv,0.0853972207661657,0.04991900543526565,0.0089241900642395,0.0027340671280680516,,none,0,,,,8.54739287669161,417.65698092106015,0.020465102385795204,20,,,mesh_order-smooth_star-3a23a60f39f8,18.59978406096343,9,0.0089241900642395,0.0027340671280680516,,,,,1,0.7806431759369402,0.609736881672127,1.0,0.016304404179738285,/home/asaleh/PycharmProjects/hdgfem/run_outputs/torsion_reduced_optimizer_numerical_tests/cases/mesh_order-smooth_star-46a385e3d511/attempt_001/run,,run,/home/asaleh/PycharmProjects/hdgfem/run_outputs/torsion_reduced_optimizer_numerical_tests/cases/mesh_order-smooth_star-46a385e3d511/attempt_001/run,0.062398756794082064,0.0,gmres,cg,hypre,optimized,,,completed,,,,,,,,,,,,,,,,,cg,hypre,0.6094301229521604,sharp_indicator,,,False,88.70140750802238,1e-11,,,,None,,1.4875616108948877,0.35023197680159457,0.3714079794100418,,,300,1.036289303418868e-05,7.107608391075911e-06,,,,,,,,,,,,,,,,90.95628190040588,
,,,,,,,,,0.45,0.5,,,,,,,,,,,,,,,,,,,,,,,,,,,,,,"[""full""]",,,,,,,,,,incomplete,,,,,,,,,,,,50000,,,,,,,,,,,,,,,,,,,,,,,,,,,,,,smooth_star,,,,,,,,,,,,,,,,,,,,,,,,,,,,,,,,,,,,,,,,,,,,,,mesh_order_difficult-smooth_star-3c403471131d,,,,,,,,,,,,,,,,,,,,,,,,,,,,,,,,,,,,,,,,,,,,,,,,mesh_order_difficult,,,,,,,,,,,,,,,,,,,,,,,,,,,,,,,,,,,,,,,,,6,,,,,,,,,,,,,,,,,,,,,,,,,,,,,,,,,,,,,,,,,,,,,,,,,,,,,,,,,,,,,,,,,,,,,,,,,planned,,,,,,,,,,,,,,,,,,,,,,,,,,,,,,,,,,,,,,,,,,,,,,,,,,,,,,,
-34.85083682352327,8,8,0.9890349615944111,0.0007781903898911984,,,0.6,0.7,0.6,0.7,,0.1445169939834159,,1.0,0.5469744454846976,0.5790715515825022,0.04105873559680114,0.047245020751281806,0.3111401238595143,0.5108487061308895,0,0.0,0.0,0.29792498705376486,0.4000108483701832,0.0004949028123584532,0.10681966658792502,0.17538300039506735,0.13681322591869072,0.22462824329822947,0.5134748942329499,2.9143095186191373e-13,0.3802674594061191,0.006186285154480664,0.3468693927776985,0.2808300060321309,,0.32763500703748605,,"[""full""]",0,7,1,8,5,0.001,0.9821219509074807,0.0007757326353216769,0,certified_subband_convergence,,,0.0,,0.0,0,,,,,,100000,4.847964972433829,,relative,None,0.08,0.00280830006032131,0.06,,0.08,/home/asaleh/PycharmProjects/hdgfem/run_outputs/torsion_reduced_optimizer_numerical_tests/cases/mesh_order-smooth_star-f91bd9d617cc/attempt_001/run/out/equilibrium.npz,/home/asaleh/PycharmProjects/hdgfem/run_outputs/torsion_reduced_optimizer_numerical_tests/cases/mesh_order-smooth_star-f91bd9d617cc/attempt_001/run/out/equilibrium.npz,,,0,,None,mumps,1,1,200,0.44284388099913485,CONVERGED_RESIDUAL,1e-12,,CONVERGED_CERTIFIED_SUBBAND,,,,,smooth_star,file,0.0788851410138923,,,,,,,,,,,,,,,,1,0.1,gmres,1.0,hypre,0.35,0.00025,26,7.844599973934237,1,1,9,CONVERGED_LAMBDA1,3.502248262986541,1e-11,,1.0,9,26,1,11.624103819951415,10,,,,,,,mesh_order-smooth_star-f91bd9d617cc,,,,,,,,,,,hminus1_grid_refined,0.000643328393140625,,0.8987918377372754,0.2703383481187913,-0.8233634262069023,0.3306575696156691,0.43186573187839356,homotopy,0.000643328393140625,0.035869998414848725,,,,,,,,,,,,,/home/asaleh/PycharmProjects/hdgfem/run_outputs/torsion_reduced_optimizer_numerical_tests/cases/mesh_order-smooth_star-f91bd9d617cc/attempt_001/run/logs/initialization.csv,,,None,1e-08,1e-07,,,8.581430856441618e-08,5.714440691002617e-08,,mumps,,2.0,mesh_order,913.0,20.961436446988955,0.29943375210859813,,,,,,,/home/asaleh/PycharmProjects/hdgfem/run_outputs/torsion_reduced_optimizer_numerical_tests/meshes/smooth_star-p6-dof100000.msh,5382,97640,,0.056393317423255034,0.5,6.239023303473458e-05,97501,/home/asaleh/PycharmProjects/hdgfem/run_outputs/torsion_reduced_optimizer_numerical_tests/cases/mesh_order-smooth_star-f91bd9d617cc/attempt_001/run/logs/newton.csv,,,,,,None,1e-08,1,0,None,0,1e-08,68,2.9143095186191373e-13,gmres,hypre,,0.007271268286304216,0.016271805069228772,5382,,,6,,1,0.5600017379911151,1,0.5054979549895506,1,83.29361151298508,1,11.641686923016096,,,1,0.019386800995562226,,,8,2.3243636180413887,8,6.881959847029066,1,0.4597222369920928,1,0.799771788995713,1,142.19002764101606,14,13.671971727046184,,,/home/asaleh/PycharmProjects/hdgfem/run_outputs/torsion_reduced_optimizer_numerical_tests/cases/mesh_order-smooth_star-f91bd9d617cc/attempt_001/run/logs/phases.csv,0.08531676732024938,0.049912186427787664,0.006246322498472921,0.0010965909646988169,,none,0,,,,4.7319153091491675,427.84161133000873,0.01105996982023163,20,,,mesh_order-smooth_star-3a23a60f39f8,18.192642005102243,6,0.006246322498472921,0.0010965909646988169,,,,,1,0.7806762678516533,0.6100089488232118,1.0,0.01241288135611892,/home/asaleh/PycharmProjects/hdgfem/run_outputs/torsion_reduced_optimizer_numerical_tests/cases/mesh_order-smooth_star-f91bd9d617cc/attempt_001/run,,run,/home/asaleh/PycharmProjects/hdgfem/run_outputs/torsion_reduced_optimizer_numerical_tests/cases/mesh_order-smooth_star-f91bd9d617cc/attempt_001/run,0.06239023303473458,0.0,gmres,cg,hypre,optimized,,,completed,,,,,,,,,,,,,,,,,cg,hypre,0.6090651109132771,sharp_indicator,,,False,142.19002764101606,1e-11,,,,None,,1.4837307865830656,0.34949968884302157,0.37033415705056155,,,300,2.302550544042527e-05,7.106637481612737e-06,0.9979364765329958,0.00014590189020647699,0.9976086431943558,0.00010313308079667747,0.011509619687214813,0.08,0.009753487323517043,0.011509619687214813,0.0029703333129013445,0.011509619687214813,0.0029703333129013445,0.00992198167407996,0.34674503335324963,0.08095585462993235,0.08576576009690935,144.44069457054138,
,,,,,,,,,0.45,0.5,,,,,,,,,,,,,,,,,,,,,,,,,,,,,,"[""full""]",,,,,,,,,,incomplete,,,,,,,,,,,,100000,,,,,,,,,,,,,,,,,,,,,,,,,,,,,,smooth_star,,,,,,,,,,,,,,,,,,,,,,,,,,,,,,,,,,,,,,,,,,,,,,mesh_order_difficult-smooth_star-349531f2b647,,,,,,,,,,,,,,,,,,,,,,,,,,,,,,,,,,,,,,,,,,,,,,,,mesh_order_difficult,,,,,,,,,,,,,,,,,,,,,,,,,,,,,,,,,,,,,,,,,6,,,,,,,,,,,,,,,,,,,,,,,,,,,,,,,,,,,,,,,,,,,,,,,,,,,,,,,,,,,,,,,,,,,,,,,,,planned,,,,,,,,,,,,,,,,,,,,,,,,,,,,,,,,,,,,,,,,,,,,,,,,,,,,,,,
-23.178615054602048,9,9,0.9934666774175047,0.00046282848055753743,,,0.6,0.7,0.6,0.7,,0.24139237304916605,,0.0,0.5403176780164717,0.5796135789171719,0.041091404144877657,0.04729220915478293,0.3112215169209221,0.5110727794398738,17,0.0,0.0,0.29773581643972985,0.400413555997049,0.000496064400792422,0.10724551423533818,0.17611334712644408,0.13658926867881313,0.224300227940467,0.5065490875739235,9.127207521700556e-15,0.380321145055385,0.006200805009905275,0.5228501073987758,0.2807122162156538,,0.3274975855849294,,"[""draft"",""full""]",0,5,1,8,5,0.001,0.989005924566769,0.0004755635252933912,0,certified_subband_convergence,,,0.0,,0.0,0,,,,,,200000,4.848828535981949,,relative,None,0.08,0.0028071221621565378,0.06,,0.08,/home/asaleh/PycharmProjects/hdgfem/run_outputs/torsion_reduced_optimizer_numerical_tests/cases/mesh_order-smooth_star-bfae6d282ba5/attempt_001/run/out/equilibrium.npz,/home/asaleh/PycharmProjects/hdgfem/run_outputs/torsion_reduced_optimizer_numerical_tests/cases/mesh_order-smooth_star-bfae6d282ba5/attempt_001/run/out/equilibrium.npz,,,0,,None,mumps,1,1,200,0.7505529310146812,CONVERGED_RESIDUAL,1e-12,,CONVERGED_CERTIFIED_SUBBAND,,,,,smooth_star,file,0.052620017015059785,,,,,,,,,,,,,,,,1,0.1,gmres,1.0,hypre,0.35,0.00025,27,9.654673598037334,1,1,9,CONVERGED_LAMBDA1,4.150274358020397,1e-11,,1.0,9,27,1,14.10609941999428,10,,,,,,,mesh_order-smooth_star-bfae6d282ba5,,,,,,,,,,,hminus1_grid_refined,0.0006365094549000765,,0.9496280905307786,-0.02366299892204694,0.5617312452873835,0.36301773206900617,0.4133896415382275,homotopy,0.0006365094549000765,0.035679390546927134,,,,,,,,,,,,,/home/asaleh/PycharmProjects/hdgfem/run_outputs/torsion_reduced_optimizer_numerical_tests/cases/mesh_order-smooth_star-bfae6d282ba5/attempt_001/run/logs/initialization.csv,,,None,1e-08,1e-07,,,8.128085130169058e-08,5.723515556086218e-08,,mumps,,2.0,mesh_order,959.0,26.63942935707746,0.3410440910374746,,,,,,,/home/asaleh/PycharmProjects/hdgfem/run_outputs/torsion_reduced_optimizer_numerical_tests/meshes/smooth_star-p6-dof200000.msh,10630,192362,,0.03987609716358912,0.5,6.234203467613456e-05,192223,/home/asaleh/PycharmProjects/hdgfem/run_outputs/torsion_reduced_optimizer_numerical_tests/cases/mesh_order-smooth_star-bfae6d282ba5/attempt_001/run/logs/newton.csv,,,,,,None,1e-08,1,0,None,0,1e-08,75,9.127207521700556e-15,gmres,hypre,,0.005361182668023663,0.01085210925166352,10630,,,6,,1,1.0447472099913284,1,0.8250115260016173,1,105.83583263400942,1,14.124446556990733,,,1,0.03801760799251497,,,9,2.7473024530045222,9,9.586068144999444,1,0.538869509997312,1,0.9131514920154586,1,184.31922316699638,18,17.670267446053913,,,/home/asaleh/PycharmProjects/hdgfem/run_outputs/torsion_reduced_optimizer_numerical_tests/cases/mesh_order-smooth_star-bfae6d282ba5/attempt_001/run/logs/phases.csv,0.08527055531327675,0.049873627740907645,0.003652243963935053,0.0005384430827366562,,none,0,,,,5.7700862148272,416.72345249028933,0.013846319856360033,20,,,mesh_order-smooth_star-3a23a60f39f8,28.739565352967475,9,0.003652243963935053,0.0005384430827366562,,,,,1,0.780138219585174,0.6086299633386891,1.0,0.007592442843235342,/home/asaleh/PycharmProjects/hdgfem/run_outputs/torsion_reduced_optimizer_numerical_tests/cases/mesh_order-smooth_star-bfae6d282ba5/attempt_001/run,,run,/home/asaleh/PycharmProjects/hdgfem/run_outputs/torsion_reduced_optimizer_numerical_tests/cases/mesh_order-smooth_star-bfae6d282ba5/attempt_001/run,0.062342034676134556,0.0,gmres,cg,hypre,optimized,,,completed,,,,,,,,,,,,,,,,,cg,hypre,0.6089573333606517,sharp_indicator,,,False,184.31922316699638,1e-11,,,,None,,1.4859492291607554,0.3499827648249628,0.37080808513855973,,,300,9.318125601652396e-06,7.101147387328454e-06,0.9955214108911489,0.0003167607472955597,0.992428293645039,0.0003270252593925729,0.0071489795736855025,0.08,0.007137481010098602,0.0071489795736855025,0.0008798175652304346,0.0071489795736855025,0.0008798175652304346,0.005872842951062022,0.4843233223401116,0.11435670420360683,0.12095627414033379,186.78953289985657,
,,,,,,,,,0.45,0.5,,,,,,,,,,,,,,,,,,,,,,,,,,,,,,"[""full""]",,,,,,,,,,incomplete,,,,,,,,,,,,200000,,,,,,,,,,,,,,,,,,,,,,,,,,,,,,smooth_star,,,,,,,,,,,,,,,,,,,,,,,,,,,,,,,,,,,,,,,,,,,,,,mesh_order_difficult-smooth_star-b8b71f5978f4,,,,,,,,,,,,,,,,,,,,,,,,,,,,,,,,,,,,,,,,,,,,,,,,mesh_order_difficult,,,,,,,,,,,,,,,,,,,,,,,,,,,,,,,,,,,,,,,,,6,,,,,,,,,,,,,,,,,,,,,,,,,,,,,,,,,,,,,,,,,,,,,,,,,,,,,,,,,,,,,,,,,,,,,,,,,planned,,,,,,,,,,,,,,,,,,,,,,,,,,,,,,,,,,,,,,,,,,,,,,,,,,,,,,,
,,,,,,,,,0.6,0.7,,,,,,,,,,,,,,,,,,,,,,,,,,,,,,"[""full""]",,,,,,,,,,incomplete,,,,,,,,,,,,400000,,,,,,,,,,,,,,,,,,,,,,,,,,,,,,smooth_star,,,,,,,,,,,,,,,,,,,,,,,,,,,,,,,,,,,,,,,,,,,,,,mesh_order-smooth_star-38757b6ee3bf,,,,,,,,,,,,,,,,,,,,,,,,,,,,,,,,,,,,,,,,,,,,,,,,mesh_order,,,,,,,,,,,,,,,,,,,,,,,,,,,,,,,,,,,,,,,,,6,,,,,,,,,,,,,,,,,,,,,,,,,,,,,,,,,,,,,,,,,,,,,,,,,,,,,,,,,,,,,,,,,,,,,,,,,planned,,,,,,,,,,,,,,,,,,,,,,,,,,,,,,,,,,,,,,,,,,,,,,,,,,,,,,,
,,,,,,,,,0.45,0.5,,,,,,,,,,,,,,,,,,,,,,,,,,,,,,"[""full""]",,,,,,,,,,incomplete,,,,,,,,,,,,400000,,,,,,,,,,,,,,,,,,,,,,,,,,,,,,smooth_star,,,,,,,,,,,,,,,,,,,,,,,,,,,,,,,,,,,,,,,,,,,,,,mesh_order_difficult-smooth_star-0d203bda78b7,,,,,,,,,,,,,,,,,,,,,,,,,,,,,,,,,,,,,,,,,,,,,,,,mesh_order_difficult,,,,,,,,,,,,,,,,,,,,,,,,,,,,,,,,,,,,,,,,,6,,,,,,,,,,,,,,,,,,,,,,,,,,,,,,,,,,,,,,,,,,,,,,,,,,,,,,,,,,,,,,,,,,,,,,,,,planned,,,,,,,,,,,,,,,,,,,,,,,,,,,,,,,,,,,,,,,,,,,,,,,,,,,,,,,
,,,,,,,,,0.6,0.7,,,,,,,,,,,,,,,,,,,,,,,,,,,,,,"[""draft"",""full""]",,,,,,,,,,incomplete,,,,,,,,,,,,700000,,,,,,,,,,,,,,,,,,,,,,,,,,,,,,smooth_star,,,,,,,,,,,,,,,,,,,,,,,,,,,,,,,,,,,,,,,,,,,,,,mesh_order-smooth_star-b4c7e4d1de1e,,,,,,,,,,,,,,,,,,,,,,,,,,,,,,,,,,,,,,,,,,,,,,,,mesh_order,,,,,,,,,,,,,,,,,,,,,,,,,,,,,,,,,,,,,,,,,6,,,,,,,,,,,,,,,,,,,,,,,,,,,,,,,,,,,,,,,,,,,,,,,,,,,,,,,,,,,,,,,,,,,,,,,,,planned,,,,,,,,,,,,,,,,,,,,,,,,,,,,,,,,,,,,,,,,,,,,,,,,,,,,,,,
,,,,,,,,,0.45,0.5,,,,,,,,,,,,,,,,,,,,,,,,,,,,,,"[""full""]",,,,,,,,,,incomplete,,,,,,,,,,,,700000,,,,,,,,,,,,,,,,,,,,,,,,,,,,,,smooth_star,,,,,,,,,,,,,,,,,,,,,,,,,,,,,,,,,,,,,,,,,,,,,,mesh_order_difficult-smooth_star-5cdcb628e929,,,,,,,,,,,,,,,,,,,,,,,,,,,,,,,,,,,,,,,,,,,,,,,,mesh_order_difficult,,,,,,,,,,,,,,,,,,,,,,,,,,,,,,,,,,,,,,,,,6,,,,,,,,,,,,,,,,,,,,,,,,,,,,,,,,,,,,,,,,,,,,,,,,,,,,,,,,,,,,,,,,,,,,,,,,,planned,,,,,,,,,,,,,,,,,,,,,,,,,,,,,,,,,,,,,,,,,,,,,,,,,,,,,,,
,,,,,,,,,0.6,0.7,,,,,,,,,,,,,,,,,,,,,,,,,,,,,,"[""full""]",,,,,,,,,,incomplete,,,,,,,,,,,,75000,,,,,,,,,,,,,,,,,,,,,,,,,,,,,,pacman,,,,,,,,,,,,,,,,,,,,,,,,,,,,,,,,,,,,,,,,,,,,,,mesh_order-pacman-74a11132f85c,,,,,,,,,,,,,,,,,,,,,,,,,,,,,,,,,,,,,,,,,,,,,,,,mesh_order,,,,,,,,,,,,,,,,,,,,,,,,,,,,,,,,,,,,,,,,,2,,,,,,,,,,,,,,,,,,,,,,,,,,,,,,,,,,,,,,,,,,,,,,,,,,,,,,,,,,,,,,,,,,,,,,,,,planned,,,,,,,,,,,,,,,,,,,,,,,,,,,,,,,,,,,,,,,,,,,,,,,,,,,,,,,
,,,,,,,,,0.6,0.7,,,,,,,,,,,,,,,,,,,,,,,,,,,,,,"[""full""]",,,,,,,,,,incomplete,,,,,,,,,,,,200000,,,,,,,,,,,,,,,,,,,,,,,,,,,,,,pacman,,,,,,,,,,,,,,,,,,,,,,,,,,,,,,,,,,,,,,,,,,,,,,mesh_order-pacman-ce313e940333,,,,,,,,,,,,,,,,,,,,,,,,,,,,,,,,,,,,,,,,,,,,,,,,mesh_order,,,,,,,,,,,,,,,,,,,,,,,,,,,,,,,,,,,,,,,,,2,,,,,,,,,,,,,,,,,,,,,,,,,,,,,,,,,,,,,,,,,,,,,,,,,,,,,,,,,,,,,,,,,,,,,,,,,planned,,,,,,,,,,,,,,,,,,,,,,,,,,,,,,,,,,,,,,,,,,,,,,,,,,,,,,,
,,,,,,,,,0.6,0.7,,,,,,,,,,,,,,,,,,,,,,,,,,,,,,"[""full""]",,,,,,,,,,incomplete,,,,,,,,,,,,500000,,,,,,,,,,,,,,,,,,,,,,,,,,,,,,pacman,,,,,,,,,,,,,,,,,,,,,,,,,,,,,,,,,,,,,,,,,,,,,,mesh_order-pacman-bdf17c20ec3d,,,,,,,,,,,,,,,,,,,,,,,,,,,,,,,,,,,,,,,,,,,,,,,,mesh_order,,,,,,,,,,,,,,,,,,,,,,,,,,,,,,,,,,,,,,,,,2,,,,,,,,,,,,,,,,,,,,,,,,,,,,,,,,,,,,,,,,,,,,,,,,,,,,,,,,,,,,,,,,,,,,,,,,,planned,,,,,,,,,,,,,,,,,,,,,,,,,,,,,,,,,,,,,,,,,,,,,,,,,,,,,,,
,,,,,,,,,0.6,0.7,,,,,,,,,,,,,,,,,,,,,,,,,,,,,,"[""full""]",,,,,,,,,,incomplete,,,,,,,,,,,,75000,,,,,,,,,,,,,,,,,,,,,,,,,,,,,,pacman,,,,,,,,,,,,,,,,,,,,,,,,,,,,,,,,,,,,,,,,,,,,,,mesh_order-pacman-f177f6226a3f,,,,,,,,,,,,,,,,,,,,,,,,,,,,,,,,,,,,,,,,,,,,,,,,mesh_order,,,,,,,,,,,,,,,,,,,,,,,,,,,,,,,,,,,,,,,,,4,,,,,,,,,,,,,,,,,,,,,,,,,,,,,,,,,,,,,,,,,,,,,,,,,,,,,,,,,,,,,,,,,,,,,,,,,planned,,,,,,,,,,,,,,,,,,,,,,,,,,,,,,,,,,,,,,,,,,,,,,,,,,,,,,,
,,,,,,,,,0.6,0.7,,,,,,,,,,,,,,,,,,,,,,,,,,,,,,"[""full""]",,,,,,,,,,incomplete,,,,,,,,,,,,200000,,,,,,,,,,,,,,,,,,,,,,,,,,,,,,pacman,,,,,,,,,,,,,,,,,,,,,,,,,,,,,,,,,,,,,,,,,,,,,,mesh_order-pacman-86beb4e2d804,,,,,,,,,,,,,,,,,,,,,,,,,,,,,,,,,,,,,,,,,,,,,,,,mesh_order,,,,,,,,,,,,,,,,,,,,,,,,,,,,,,,,,,,,,,,,,4,,,,,,,,,,,,,,,,,,,,,,,,,,,,,,,,,,,,,,,,,,,,,,,,,,,,,,,,,,,,,,,,,,,,,,,,,planned,,,,,,,,,,,,,,,,,,,,,,,,,,,,,,,,,,,,,,,,,,,,,,,,,,,,,,,
,,,,,,,,,0.6,0.7,,0.0006992914131842554,,867.0,,,,,,,,,,,,,,,,,,,,,,,,,,"[""full""]",0,,,,,,,,,pde_failure,,,2.9802322387695312e-08,,,,,,,,,500000,,,,,,,,,,/home/asaleh/PycharmProjects/hdgfem/run_outputs/torsion_reduced_optimizer_numerical_tests/cases/mesh_order-pacman-49d2ea1d4c0f/attempt_001/run/out/equilibrium.npz,,,,1,,,,,,,,,,,,,,,,pacman,,,,,,,,,,,,,,,,,,,,,,,,,,,,,,,,,,0.7203125000000001,9,107,4,154.13479313996504,13,,,,,,,mesh_order-pacman-49d2ea1d4c0f,,,,,,,,,,,,,,,,,,,,,,,,,,,,,,,,,,,,,,,,,,,,,,,,mesh_order,3776.0,129.0176390928391,19.747391769022215,,,,,,,,,,,,,,,,,,,,,,,,,,,,114,2.79801459140502e-13,,,,,,,,,4,,,,,,,,,,,,,,,,,,,,,,,,,,,,,,,,,,,,,,,,,,,,,,,,,,,,,,,,,,,,,,,,/home/asaleh/PycharmProjects/hdgfem/run_outputs/torsion_reduced_optimizer_numerical_tests/cases/mesh_order-pacman-49d2ea1d4c0f/attempt_001/run,,,,,,,,,failed,,,,,,,,,,,,,,,,,,,,,,,,,,,,,,,,,,,,,,,,,,,,,,,,,,,,,,309.1001856327057,
,,,,,,,,,0.6,0.7,,,,,,,,,,,,,,,,,,,,,,,,,,,,,,"[""full""]",,,,,,,,,,incomplete,,,,,,,,,,,,75000,,,,,,,,,,,,,,,,,,,,,,,,,,,,,,pacman,,,,,,,,,,,,,,,,,,,,,,,,,,,,,,,,,,,,,,,,,,,,,,mesh_order-pacman-aef02cf78270,,,,,,,,,,,,,,,,,,,,,,,,,,,,,,,,,,,,,,,,,,,,,,,,mesh_order,,,,,,,,,,,,,,,,,,,,,,,,,,,,,,,,,,,,,,,,,6,,,,,,,,,,,,,,,,,,,,,,,,,,,,,,,,,,,,,,,,,,,,,,,,,,,,,,,,,,,,,,,,,,,,,,,,,planned,,,,,,,,,,,,,,,,,,,,,,,,,,,,,,,,,,,,,,,,,,,,,,,,,,,,,,,
,,,,,,,,,0.6,0.7,,,,,,,,,,,,,,,,,,,,,,,,,,,,,,"[""full""]",,,,,,,,,,incomplete,,,,,,,,,,,,200000,,,,,,,,,,,,,,,,,,,,,,,,,,,,,,pacman,,,,,,,,,,,,,,,,,,,,,,,,,,,,,,,,,,,,,,,,,,,,,,mesh_order-pacman-80f219888030,,,,,,,,,,,,,,,,,,,,,,,,,,,,,,,,,,,,,,,,,,,,,,,,mesh_order,,,,,,,,,,,,,,,,,,,,,,,,,,,,,,,,,,,,,,,,,6,,,,,,,,,,,,,,,,,,,,,,,,,,,,,,,,,,,,,,,,,,,,,,,,,,,,,,,,,,,,,,,,,,,,,,,,,planned,,,,,,,,,,,,,,,,,,,,,,,,,,,,,,,,,,,,,,,,,,,,,,,,,,,,,,,
,,,,,,,,,0.6,0.7,,,,,,,,,,,,,,,,,,,,,,,,,,,,,,"[""full""]",,,,,,,,,,incomplete,,,,,,,,,,,,500000,,,,,,,,,,,,,,,,,,,,,,,,,,,,,,pacman,,,,,,,,,,,,,,,,,,,,,,,,,,,,,,,,,,,,,,,,,,,,,,mesh_order-pacman-c0a17517e6dc,,,,,,,,,,,,,,,,,,,,,,,,,,,,,,,,,,,,,,,,,,,,,,,,mesh_order,,,,,,,,,,,,,,,,,,,,,,,,,,,,,,,,,,,,,,,,,6,,,,,,,,,,,,,,,,,,,,,,,,,,,,,,,,,,,,,,,,,,,,,,,,,,,,,,,,,,,,,,,,,,,,,,,,,planned,,,,,,,,,,,,,,,,,,,,,,,,,,,,,,,,,,,,,,,,,,,,,,,,,,,,,,,
,,,,,,,,,0.6,0.7,,0.001471721159759909,,3027.0,,,,,,,,,,,,,,,,,,,,,,,,,,"[""full""]",0,,,,,,,,,pde_failure,,,2.9802322387695312e-08,,,,,,,,,75000,,,,,,,,,,/home/asaleh/PycharmProjects/hdgfem/run_outputs/torsion_reduced_optimizer_numerical_tests/cases/mesh_order-horseshoe-3fd6c71eb009/attempt_001/run/out/equilibrium.npz,,,,1,,,,,,,,,,,,,,,,horseshoe,,,,,,,,,,,,,,,,,,,,,,,,,,,,,,,,,,0.30000000000000004,5,290,9,42.78901117897476,14,,,,,,,mesh_order-horseshoe-3fd6c71eb009,,,,,,,,,,,,,,,,,,,,,,,,,,,,,,,,,,,,,,,,,,,,,,,,mesh_order,3253.0,20.35105535798357,21.1746252450248,,,,,,,,,,,,,,,,,,,,,,,,,,,,297,3.579498158101745e-14,,,,,,,,,2,,0,0.0,0,0.0,1,19.261723053001333,1,42.803197449000436,,,1,0.15107204498781357,,,0,0.0,0,0.0,1,0.2811972249910468,1,0.4969511630042689,1,63.6163066149893,0,0.0,,,,,,,,,,,,,,,,,,,,,,,,,,,,,,,,,,,,,/home/asaleh/PycharmProjects/hdgfem/run_outputs/torsion_reduced_optimizer_numerical_tests/cases/mesh_order-horseshoe-3fd6c71eb009/attempt_001/run,,,,,,,,,failed,,,,,,,,,,,,,,,,,,,,,,,,63.6163066149893,,,,,,,,,,,,,,,,,,,,,,,,,,,,,,65.89382743835449,
,,,,,,,,,0.6,0.7,,,,,,,,,,,,,,,,,,,,,,,,,,,,,,"[""full""]",,,,,,,,,,incomplete,,,,,,,,,,,,200000,,,,,,,,,,,,,,,,,,,,,,,,,,,,,,horseshoe,,,,,,,,,,,,,,,,,,,,,,,,,,,,,,,,,,,,,,,,,,,,,,mesh_order-horseshoe-aa503d42ac3c,,,,,,,,,,,,,,,,,,,,,,,,,,,,,,,,,,,,,,,,,,,,,,,,mesh_order,,,,,,,,,,,,,,,,,,,,,,,,,,,,,,,,,,,,,,,,,2,,,,,,,,,,,,,,,,,,,,,,,,,,,,,,,,,,,,,,,,,,,,,,,,,,,,,,,,,,,,,,,,,,,,,,,,,planned,,,,,,,,,,,,,,,,,,,,,,,,,,,,,,,,,,,,,,,,,,,,,,,,,,,,,,,
,,,,,,,,,0.6,0.7,,,,,,,,,,,,,,,,,,,,,,,,,,,,,,"[""full""]",,,,,,,,,,incomplete,,,,,,,,,,,,500000,,,,,,,,,,,,,,,,,,,,,,,,,,,,,,horseshoe,,,,,,,,,,,,,,,,,,,,,,,,,,,,,,,,,,,,,,,,,,,,,,mesh_order-horseshoe-2c753650b044,,,,,,,,,,,,,,,,,,,,,,,,,,,,,,,,,,,,,,,,,,,,,,,,mesh_order,,,,,,,,,,,,,,,,,,,,,,,,,,,,,,,,,,,,,,,,,2,,,,,,,,,,,,,,,,,,,,,,,,,,,,,,,,,,,,,,,,,,,,,,,,,,,,,,,,,,,,,,,,,,,,,,,,,planned,,,,,,,,,,,,,,,,,,,,,,,,,,,,,,,,,,,,,,,,,,,,,,,,,,,,,,,
,,,,,,,,,0.6,0.7,,,,,,,,,,,,,,,,,,,,,,,,,,,,,,"[""full""]",,,,,,,,,,incomplete,,,,,,,,,,,,75000,,,,,,,,,,,,,,,,,,,,,,,,,,,,,,horseshoe,,,,,,,,,,,,,,,,,,,,,,,,,,,,,,,,,,,,,,,,,,,,,,mesh_order-horseshoe-fa3067b6c395,,,,,,,,,,,,,,,,,,,,,,,,,,,,,,,,,,,,,,,,,,,,,,,,mesh_order,,,,,,,,,,,,,,,,,,,,,,,,,,,,,,,,,,,,,,,,,4,,,,,,,,,,,,,,,,,,,,,,,,,,,,,,,,,,,,,,,,,,,,,,,,,,,,,,,,,,,,,,,,,,,,,,,,,planned,,,,,,,,,,,,,,,,,,,,,,,,,,,,,,,,,,,,,,,,,,,,,,,,,,,,,,,
,,,,,,,,,0.6,0.7,,,,,,,,,,,,,,,,,,,,,,,,,,,,,,"[""full""]",,,,,,,,,,incomplete,,,,,,,,,,,,200000,,,,,,,,,,,,,,,,,,,,,,,,,,,,,,horseshoe,,,,,,,,,,,,,,,,,,,,,,,,,,,,,,,,,,,,,,,,,,,,,,mesh_order-horseshoe-36b3ecb94748,,,,,,,,,,,,,,,,,,,,,,,,,,,,,,,,,,,,,,,,,,,,,,,,mesh_order,,,,,,,,,,,,,,,,,,,,,,,,,,,,,,,,,,,,,,,,,4,,,,,,,,,,,,,,,,,,,,,,,,,,,,,,,,,,,,,,,,,,,,,,,,,,,,,,,,,,,,,,,,,,,,,,,,,planned,,,,,,,,,,,,,,,,,,,,,,,,,,,,,,,,,,,,,,,,,,,,,,,,,,,,,,,
,,,,,,,,,0.6,0.7,,,,,,,,,,,,,,,,,,,,,,,,,,,,,,"[""full""]",,,,,,,,,,incomplete,,,,,,,,,,,,500000,,,,,,,,,,,,,,,,,,,,,,,,,,,,,,horseshoe,,,,,,,,,,,,,,,,,,,,,,,,,,,,,,,,,,,,,,,,,,,,,,mesh_order-horseshoe-aff9aa423cb0,,,,,,,,,,,,,,,,,,,,,,,,,,,,,,,,,,,,,,,,,,,,,,,,mesh_order,,,,,,,,,,,,,,,,,,,,,,,,,,,,,,,,,,,,,,,,,4,,,,,,,,,,,,,,,,,,,,,,,,,,,,,,,,,,,,,,,,,,,,,,,,,,,,,,,,,,,,,,,,,,,,,,,,,planned,,,,,,,,,,,,,,,,,,,,,,,,,,,,,,,,,,,,,,,,,,,,,,,,,,,,,,,
,,,,,,,,,0.6,0.7,,,,,,,,,,,,,,,,,,,,,,,,,,,,,,"[""full""]",,,,,,,,,,incomplete,,,,,,,,,,,,75000,,,,,,,,,,,,,,,,,,,,,,,,,,,,,,horseshoe,,,,,,,,,,,,,,,,,,,,,,,,,,,,,,,,,,,,,,,,,,,,,,mesh_order-horseshoe-9d6667fac0a0,,,,,,,,,,,,,,,,,,,,,,,,,,,,,,,,,,,,,,,,,,,,,,,,mesh_order,,,,,,,,,,,,,,,,,,,,,,,,,,,,,,,,,,,,,,,,,6,,,,,,,,,,,,,,,,,,,,,,,,,,,,,,,,,,,,,,,,,,,,,,,,,,,,,,,,,,,,,,,,,,,,,,,,,planned,,,,,,,,,,,,,,,,,,,,,,,,,,,,,,,,,,,,,,,,,,,,,,,,,,,,,,,
,,,,,,,,,0.6,0.7,,,,,,,,,,,,,,,,,,,,,,,,,,,,,,"[""full""]",,,,,,,,,,incomplete,,,,,,,,,,,,200000,,,,,,,,,,,,,,,,,,,,,,,,,,,,,,horseshoe,,,,,,,,,,,,,,,,,,,,,,,,,,,,,,,,,,,,,,,,,,,,,,mesh_order-horseshoe-c90750bc0c08,,,,,,,,,,,,,,,,,,,,,,,,,,,,,,,,,,,,,,,,,,,,,,,,mesh_order,,,,,,,,,,,,,,,,,,,,,,,,,,,,,,,,,,,,,,,,,6,,,,,,,,,,,,,,,,,,,,,,,,,,,,,,,,,,,,,,,,,,,,,,,,,,,,,,,,,,,,,,,,,,,,,,,,,planned,,,,,,,,,,,,,,,,,,,,,,,,,,,,,,,,,,,,,,,,,,,,,,,,,,,,,,,
,,,,,,,,,0.6,0.7,,,,,,,,,,,,,,,,,,,,,,,,,,,,,,"[""full""]",,,,,,,,,,incomplete,,,,,,,,,,,,500000,,,,,,,,,,,,,,,,,,,,,,,,,,,,,,horseshoe,,,,,,,,,,,,,,,,,,,,,,,,,,,,,,,,,,,,,,,,,,,,,,mesh_order-horseshoe-af155c216969,,,,,,,,,,,,,,,,,,,,,,,,,,,,,,,,,,,,,,,,,,,,,,,,mesh_order,,,,,,,,,,,,,,,,,,,,,,,,,,,,,,,,,,,,,,,,,6,,,,,,,,,,,,,,,,,,,,,,,,,,,,,,,,,,,,,,,,,,,,,,,,,,,,,,,,,,,,,,,,,,,,,,,,,planned,,,,,,,,,,,,,,,,,,,,,,,,,,,,,,,,,,,,,,,,,,,,,,,,,,,,,,,
,,,,,,,,,0.6,0.7,,,,,,,,,,,,,,,,,,,,,,,,,,,,,,"[""full""]",,,,,,,,,,incomplete,,,,,,,,,,,,75000,,,,,,,,,,,,,,,,,,,,,,,,,,,,,,iter,,,,,,,,,,,,,,,,,,,,,,,,,,,,,,,,,,,,,,,,,,,,,,mesh_order-iter-4e465cc7db86,,,,,,,,,,,,,,,,,,,,,,,,,,,,,,,,,,,,,,,,,,,,,,,,mesh_order,,,,,,,,,,,,,,,,,,,,,,,,,,,,,,,,,,,,,,,,,2,,,,,,,,,,,,,,,,,,,,,,,,,,,,,,,,,,,,,,,,,,,,,,,,,,,,,,,,,,,,,,,,,,,,,,,,,planned,,,,,,,,,,,,,,,,,,,,,,,,,,,,,,,,,,,,,,,,,,,,,,,,,,,,,,,
,,,,,,,,,0.6,0.7,,,,,,,,,,,,,,,,,,,,,,,,,,,,,,"[""full""]",,,,,,,,,,incomplete,,,,,,,,,,,,200000,,,,,,,,,,,,,,,,,,,,,,,,,,,,,,iter,,,,,,,,,,,,,,,,,,,,,,,,,,,,,,,,,,,,,,,,,,,,,,mesh_order-iter-19ab103cd6d1,,,,,,,,,,,,,,,,,,,,,,,,,,,,,,,,,,,,,,,,,,,,,,,,mesh_order,,,,,,,,,,,,,,,,,,,,,,,,,,,,,,,,,,,,,,,,,2,,,,,,,,,,,,,,,,,,,,,,,,,,,,,,,,,,,,,,,,,,,,,,,,,,,,,,,,,,,,,,,,,,,,,,,,,planned,,,,,,,,,,,,,,,,,,,,,,,,,,,,,,,,,,,,,,,,,,,,,,,,,,,,,,,
,,,,,,,,,0.6,0.7,,,,,,,,,,,,,,,,,,,,,,,,,,,,,,"[""full""]",,,,,,,,,,incomplete,,,,,,,,,,,,500000,,,,,,,,,,,,,,,,,,,,,,,,,,,,,,iter,,,,,,,,,,,,,,,,,,,,,,,,,,,,,,,,,,,,,,,,,,,,,,mesh_order-iter-873f1effe972,,,,,,,,,,,,,,,,,,,,,,,,,,,,,,,,,,,,,,,,,,,,,,,,mesh_order,,,,,,,,,,,,,,,,,,,,,,,,,,,,,,,,,,,,,,,,,2,,,,,,,,,,,,,,,,,,,,,,,,,,,,,,,,,,,,,,,,,,,,,,,,,,,,,,,,,,,,,,,,,,,,,,,,,planned,,,,,,,,,,,,,,,,,,,,,,,,,,,,,,,,,,,,,,,,,,,,,,,,,,,,,,,
,,,,,,,,,0.6,0.7,,,,,,,,,,,,,,,,,,,,,,,,,,,,,,"[""full""]",,,,,,,,,,incomplete,,,,,,,,,,,,75000,,,,,,,,,,,,,,,,,,,,,,,,,,,,,,iter,,,,,,,,,,,,,,,,,,,,,,,,,,,,,,,,,,,,,,,,,,,,,,mesh_order-iter-b6058d21eb09,,,,,,,,,,,,,,,,,,,,,,,,,,,,,,,,,,,,,,,,,,,,,,,,mesh_order,,,,,,,,,,,,,,,,,,,,,,,,,,,,,,,,,,,,,,,,,4,,,,,,,,,,,,,,,,,,,,,,,,,,,,,,,,,,,,,,,,,,,,,,,,,,,,,,,,,,,,,,,,,,,,,,,,,planned,,,,,,,,,,,,,,,,,,,,,,,,,,,,,,,,,,,,,,,,,,,,,,,,,,,,,,,
,,,,,,,,,0.6,0.7,,,,,,,,,,,,,,,,,,,,,,,,,,,,,,"[""full""]",,,,,,,,,,incomplete,,,,,,,,,,,,200000,,,,,,,,,,,,,,,,,,,,,,,,,,,,,,iter,,,,,,,,,,,,,,,,,,,,,,,,,,,,,,,,,,,,,,,,,,,,,,mesh_order-iter-ed9f465899ed,,,,,,,,,,,,,,,,,,,,,,,,,,,,,,,,,,,,,,,,,,,,,,,,mesh_order,,,,,,,,,,,,,,,,,,,,,,,,,,,,,,,,,,,,,,,,,4,,,,,,,,,,,,,,,,,,,,,,,,,,,,,,,,,,,,,,,,,,,,,,,,,,,,,,,,,,,,,,,,,,,,,,,,,planned,,,,,,,,,,,,,,,,,,,,,,,,,,,,,,,,,,,,,,,,,,,,,,,,,,,,,,,
,,,,,,,,,0.6,0.7,,,,,,,,,,,,,,,,,,,,,,,,,,,,,,"[""full""]",,,,,,,,,,incomplete,,,,,,,,,,,,500000,,,,,,,,,,,,,,,,,,,,,,,,,,,,,,iter,,,,,,,,,,,,,,,,,,,,,,,,,,,,,,,,,,,,,,,,,,,,,,mesh_order-iter-a06857e8531e,,,,,,,,,,,,,,,,,,,,,,,,,,,,,,,,,,,,,,,,,,,,,,,,mesh_order,,,,,,,,,,,,,,,,,,,,,,,,,,,,,,,,,,,,,,,,,4,,,,,,,,,,,,,,,,,,,,,,,,,,,,,,,,,,,,,,,,,,,,,,,,,,,,,,,,,,,,,,,,,,,,,,,,,planned,,,,,,,,,,,,,,,,,,,,,,,,,,,,,,,,,,,,,,,,,,,,,,,,,,,,,,,
,,,,,,,,,0.6,0.7,,,,,,,,,,,,,,,,,,,,,,,,,,,,,,"[""full""]",,,,,,,,,,incomplete,,,,,,,,,,,,75000,,,,,,,,,,,,,,,,,,,,,,,,,,,,,,iter,,,,,,,,,,,,,,,,,,,,,,,,,,,,,,,,,,,,,,,,,,,,,,mesh_order-iter-834c4d87dada,,,,,,,,,,,,,,,,,,,,,,,,,,,,,,,,,,,,,,,,,,,,,,,,mesh_order,,,,,,,,,,,,,,,,,,,,,,,,,,,,,,,,,,,,,,,,,6,,,,,,,,,,,,,,,,,,,,,,,,,,,,,,,,,,,,,,,,,,,,,,,,,,,,,,,,,,,,,,,,,,,,,,,,,planned,,,,,,,,,,,,,,,,,,,,,,,,,,,,,,,,,,,,,,,,,,,,,,,,,,,,,,,
,,,,,,,,,0.6,0.7,,,,,,,,,,,,,,,,,,,,,,,,,,,,,,"[""full""]",,,,,,,,,,incomplete,,,,,,,,,,,,200000,,,,,,,,,,,,,,,,,,,,,,,,,,,,,,iter,,,,,,,,,,,,,,,,,,,,,,,,,,,,,,,,,,,,,,,,,,,,,,mesh_order-iter-3d0c8d1de92e,,,,,,,,,,,,,,,,,,,,,,,,,,,,,,,,,,,,,,,,,,,,,,,,mesh_order,,,,,,,,,,,,,,,,,,,,,,,,,,,,,,,,,,,,,,,,,6,,,,,,,,,,,,,,,,,,,,,,,,,,,,,,,,,,,,,,,,,,,,,,,,,,,,,,,,,,,,,,,,,,,,,,,,,planned,,,,,,,,,,,,,,,,,,,,,,,,,,,,,,,,,,,,,,,,,,,,,,,,,,,,,,,
,,,,,,,,,0.6,0.7,,,,,,,,,,,,,,,,,,,,,,,,,,,,,,"[""full""]",,,,,,,,,,incomplete,,,,,,,,,,,,500000,,,,,,,,,,,,,,,,,,,,,,,,,,,,,,iter,,,,,,,,,,,,,,,,,,,,,,,,,,,,,,,,,,,,,,,,,,,,,,mesh_order-iter-937b719ead59,,,,,,,,,,,,,,,,,,,,,,,,,,,,,,,,,,,,,,,,,,,,,,,,mesh_order,,,,,,,,,,,,,,,,,,,,,,,,,,,,,,,,,,,,,,,,,6,,,,,,,,,,,,,,,,,,,,,,,,,,,,,,,,,,,,,,,,,,,,,,,,,,,,,,,,,,,,,,,,,,,,,,,,,planned,,,,,,,,,,,,,,,,,,,,,,,,,,,,,,,,,,,,,,,,,,,,,,,,,,,,,,,
-25.611898154935467,9,9,,,,,0.6,0.7,0.6,0.7,,0.973878517979756,,0.0,0.529079385573104,0.5794731186133358,0.04109495986406266,0.0472976897056774,0.3109707664497273,0.5109258252438186,10,0.0,0.0,0.29767094059518595,0.40098232233369924,0.0004962183873291792,0.10744299283207284,0.17652913296680284,0.1366115812635605,0.2244532040481416,0.496688155104358,1.0481090037053512e-14,0.3794242793740571,0.00620272984161474,0.523560723684346,0.2806076162115438,,0.3273755522468011,,"[""draft"",""full""]",0,5,1,8,5,0.001,,,0,certified_subband_convergence,,,0.0,,0.0,0,,,,,easy,700000,4.849309261390662,,relative,None,0.08,0.0028060761621154385,0.06,,0.08,/home/asaleh/PycharmProjects/hdgfem/run_outputs/torsion_reduced_optimizer_numerical_tests/cases/strong_scaling-smooth_star-6fca5d975ef7/attempt_001/run/out/equilibrium.npz,/home/asaleh/PycharmProjects/hdgfem/run_outputs/torsion_reduced_optimizer_numerical_tests/cases/strong_scaling-smooth_star-6fca5d975ef7/attempt_001/run/out/equilibrium.npz,,,0,,None,mumps,1,1,200,4.6696566460013855,CONVERGED_RESIDUAL,1e-12,,CONVERGED_CERTIFIED_SUBBAND,,,,,smooth_star,file,0.01882543239715913,,,,,,,,,,,,,,,,1,0.1,gmres,1.0,hypre,0.35,0.00025,19,25.05322169692954,1,0,7,CONVERGED_LAMBDA1,10.253462167980615,1e-11,,1.0,7,19,0,36.91133293695748,7,,,,,,,strong_scaling-smooth_star-6fca5d975ef7,,,,,,,,,,,hminus1_grid_refined,0.0006330076785294835,,0.9459199824337747,-0.001440771527863021,0.4498112081268675,0.36070510964813,0.4147851272143551,homotopy,0.0006330076785294835,0.035581109553511216,,,,,,,,,,,,,/home/asaleh/PycharmProjects/hdgfem/run_outputs/torsion_reduced_optimizer_numerical_tests/cases/strong_scaling-smooth_star-6fca5d975ef7/attempt_001/run/logs/initialization.csv,,,None,1e-08,1e-07,,,8.153751804592101e-08,5.728318890481417e-08,,mumps,,2.0,strong_scaling,550.0,80.72463082784088,2.2395434580685105,,,,,,,/home/asaleh/PycharmProjects/hdgfem/run_outputs/torsion_reduced_optimizer_numerical_tests/meshes/smooth_star-p4-dof700000.msh,86916,697156,,0.013895400061068514,0.5,6.228944531669106e-05,697017,/home/asaleh/PycharmProjects/hdgfem/run_outputs/torsion_reduced_optimizer_numerical_tests/cases/strong_scaling-smooth_star-6fca5d975ef7/attempt_001/run/logs/newton.csv,,,,,,None,1e-08,1,0,None,0,1e-08,63,1.0481090037053512e-14,gmres,hypre,,,0.0038820853409049154,86916,,,4,,1,5.704600023018429,1,4.8367198160267435,1,397.60157764400356,1,37.02772522898158,,,1,0.2998669389926363,,,9,4.001545693987282,9,30.33294717303943,1,1.0779263580043335,1,2.0074846780044027,1,574.3160121620167,17,54.29291572899092,,,/home/asaleh/PycharmProjects/hdgfem/run_outputs/torsion_reduced_optimizer_numerical_tests/cases/strong_scaling-smooth_star-6fca5d975ef7/attempt_001/run/logs/phases.csv,0.0852004659725596,0.04983155625335285,,,,none,0,,,,9.687138395167398,417.62884134987263,0.02319556849535663,16,,4,,57.15322952601127,8,,,1,,,,1,0.7796697780432494,0.6087535152973488,1.0,,/home/asaleh/PycharmProjects/hdgfem/run_outputs/torsion_reduced_optimizer_numerical_tests/cases/strong_scaling-smooth_star-6fca5d975ef7/attempt_001/run,,run,/home/asaleh/PycharmProjects/hdgfem/run_outputs/torsion_reduced_optimizer_numerical_tests/cases/strong_scaling-smooth_star-6fca5d975ef7/attempt_001/run,0.06228944531669106,0.0,gmres,cg,hypre,optimized,,,completed,,,,,,,,,,,,,,,,,cg,hypre,0.6086417070449104,sharp_indicator,,,False,574.3160121620167,1e-11,,,,None,,,,,,,300,1.1494154551579033e-05,7.095157130604341e-06,,,,,,,,,,,,,,,,576.6784403324127,
,,,,,,,,,0.6,0.7,,,,,,,,,,,,,,,,,,,,,,,,,,,,,,"[""full""]",,,,,,,,,,incomplete,,,,,,,,,,,easy,700000,,,,,,,,,,,,,,,,,,,,,,,,,,,,,,smooth_star,,,,,,,,,,,,,,,,,,,,,,,,,,,,,,,,,,,,,,,,,,,,,,strong_scaling-smooth_star-64420798a696,,,,,,,,,,,,,,,,,,,,,,,,,,,,,,,,,,,,,,,,,,,,,,,,strong_scaling,,,,,,,,,,,,,,,,,,,,,,,,,,,,,,,,,,,,,,,,,4,,,,,,,,,,,,,,,,,,,,,,,,,,,,,,,,,,,,,,,,,,,,,,4,,,,,,2,,,,,,,,,,,,,,,,,,,,,planned,,,,,,,,,,,,,,,,,,,,,,,,,,,,,,,,,,,,,,,,,,,,,,,,,,,,,,,
,,,,,,,,,0.6,0.7,,,,,,,,,,,,,,,,,,,,,,,,,,,,,,"[""full""]",,,,,,,,,,incomplete,,,,,,,,,,,easy,700000,,,,,,,,,,,,,,,,,,,,,,,,,,,,,,smooth_star,,,,,,,,,,,,,,,,,,,,,,,,,,,,,,,,,,,,,,,,,,,,,,strong_scaling-smooth_star-030e49cc4369,,,,,,,,,,,,,,,,,,,,,,,,,,,,,,,,,,,,,,,,,,,,,,,,strong_scaling,,,,,,,,,,,,,,,,,,,,,,,,,,,,,,,,,,,,,,,,,4,,,,,,,,,,,,,,,,,,,,,,,,,,,,,,,,,,,,,,,,,,,,,,4,,,,,,3,,,,,,,,,,,,,,,,,,,,,planned,,,,,,,,,,,,,,,,,,,,,,,,,,,,,,,,,,,,,,,,,,,,,,,,,,,,,,,
-25.611897630229826,9,9,,,,,0.6,0.7,0.6,0.7,,0.6295851840404794,,0.0,0.5290793855731006,0.5794731186542554,0.041094959866600014,0.04729768970908079,0.31097076644972965,0.5109258252438208,10,0.0,0.0,0.29767094059518145,0.4009823223326762,0.0004962183873984621,0.1074429928521766,0.17652913299983278,0.13661158124280626,0.2244532040140416,0.4966881551043604,1.0503310909792805e-14,0.3794242793508764,0.006202729842480777,0.5235607235055417,0.2806076162046966,,0.32737555223881265,,"[""draft"",""full""]",0,5,1,8,5,0.001,,,0,certified_subband_convergence,,,0.0,,0.0,0,,,,,easy,700000,4.849309261390662,,relative,None,0.08,0.002806076162046963,0.06,,0.08,/home/asaleh/PycharmProjects/hdgfem/run_outputs/torsion_reduced_optimizer_numerical_tests/cases/strong_scaling-smooth_star-bb4763acfd26/attempt_001/run/out/equilibrium.npz,/home/asaleh/PycharmProjects/hdgfem/run_outputs/torsion_reduced_optimizer_numerical_tests/cases/strong_scaling-smooth_star-bb4763acfd26/attempt_001/run/out/equilibrium.npz,,,0,,None,mumps,1,1,200,4.132948306010803,CONVERGED_RESIDUAL,1e-12,,CONVERGED_CERTIFIED_SUBBAND,,,,,smooth_star,file,0.01882543239715913,,,,,,,,,,,,,,,,1,0.1,gmres,1.0,hypre,0.35,0.00025,19,14.029483054939192,1,0,7,CONVERGED_LAMBDA1,5.748117901006481,1e-11,,1.0,7,19,0,20.63227097399067,7,,,,,,,strong_scaling-smooth_star-bb4763acfd26,,,,,,,,,,,hminus1_grid_refined,0.0006330076804655414,,0.9459199842651886,-0.0014407825611505512,0.44981126359824924,0.3607051109099463,0.4147851266447577,homotopy,0.0006330076804655414,0.03558110960792374,,,,,,,,,,,,,/home/asaleh/PycharmProjects/hdgfem/run_outputs/torsion_reduced_optimizer_numerical_tests/cases/strong_scaling-smooth_star-bb4763acfd26/attempt_001/run/logs/initialization.csv,,,None,1e-08,1e-07,,,8.153751799158238e-08,5.7283188904668025e-08,,mumps,,2.0,strong_scaling,567.0,47.59167595792678,1.2340043999720365,,,,,,,/home/asaleh/PycharmProjects/hdgfem/run_outputs/torsion_reduced_optimizer_numerical_tests/meshes/smooth_star-p4-dof700000.msh,86916,697156,,0.013895400061068514,0.5,6.228944532109171e-05,697017,/home/asaleh/PycharmProjects/hdgfem/run_outputs/torsion_reduced_optimizer_numerical_tests/cases/strong_scaling-smooth_star-bb4763acfd26/attempt_001/run/logs/newton.csv,,,,,,None,1e-08,1,0,None,0,1e-08,63,1.0503310909792805e-14,gmres,hypre,,,0.0038820853409049154,86916,,,4,,1,5.342700682027498,1,4.262525336002,1,208.60747694098973,1,20.698667296994245,,,1,0.31673429801594466,,,9,3.542953452997608,9,17.247402700973907,1,0.7380943919997662,1,1.351856585999485,1,329.41820677398937,17,31.83643213598407,,,/home/asaleh/PycharmProjects/hdgfem/run_outputs/torsion_reduced_optimizer_numerical_tests/cases/strong_scaling-smooth_star-bb4763acfd26/attempt_001/run/logs/phases.csv,0.08520046597233696,0.04983155625687337,,,,none,0,,,,9.687138351881577,417.62884115577805,0.023195568402490232,16,,8,,38.88837893100572,8,,,1,,,,1,0.7796697780432492,0.6087535152973511,1.0,,/home/asaleh/PycharmProjects/hdgfem/run_outputs/torsion_reduced_optimizer_numerical_tests/cases/strong_scaling-smooth_star-bb4763acfd26/attempt_001/run,,run,/home/asaleh/PycharmProjects/hdgfem/run_outputs/torsion_reduced_optimizer_numerical_tests/cases/strong_scaling-smooth_star-bb4763acfd26/attempt_001/run,0.06228944532109171,0.0,gmres,cg,hypre,optimized,,,completed,,,,,,,,,,,,,,,,,cg,hypre,0.6086417070449124,sharp_indicator,,,False,329.41820677398937,1e-11,,,,None,,,,,,,300,1.1494154552391078e-05,7.095157131105603e-06,,,,,,,,,,,,,,,,332.02716302871704,
,,,,,,,,,0.6,0.7,,,,,,,,,,,,,,,,,,,,,,,,,,,,,,"[""full""]",,,,,,,,,,incomplete,,,,,,,,,,,easy,700000,,,,,,,,,,,,,,,,,,,,,,,,,,,,,,smooth_star,,,,,,,,,,,,,,,,,,,,,,,,,,,,,,,,,,,,,,,,,,,,,,strong_scaling-smooth_star-af6749e0b397,,,,,,,,,,,,,,,,,,,,,,,,,,,,,,,,,,,,,,,,,,,,,,,,strong_scaling,,,,,,,,,,,,,,,,,,,,,,,,,,,,,,,,,,,,,,,,,4,,,,,,,,,,,,,,,,,,,,,,,,,,,,,,,,,,,,,,,,,,,,,,8,,,,,,2,,,,,,,,,,,,,,,,,,,,,planned,,,,,,,,,,,,,,,,,,,,,,,,,,,,,,,,,,,,,,,,,,,,,,,,,,,,,,,
,,,,,,,,,0.6,0.7,,,,,,,,,,,,,,,,,,,,,,,,,,,,,,"[""full""]",,,,,,,,,,incomplete,,,,,,,,,,,easy,700000,,,,,,,,,,,,,,,,,,,,,,,,,,,,,,smooth_star,,,,,,,,,,,,,,,,,,,,,,,,,,,,,,,,,,,,,,,,,,,,,,strong_scaling-smooth_star-2c8e4adbc61b,,,,,,,,,,,,,,,,,,,,,,,,,,,,,,,,,,,,,,,,,,,,,,,,strong_scaling,,,,,,,,,,,,,,,,,,,,,,,,,,,,,,,,,,,,,,,,,4,,,,,,,,,,,,,,,,,,,,,,,,,,,,,,,,,,,,,,,,,,,,,,8,,,,,,3,,,,,,,,,,,,,,,,,,,,,planned,,,,,,,,,,,,,,,,,,,,,,,,,,,,,,,,,,,,,,,,,,,,,,,,,,,,,,,
-25.611897621374368,9,9,,,,,0.6,0.7,0.6,0.7,,0.534295804973226,,0.0,0.5290793855730997,0.5794731186549861,0.04109495986665346,0.04729768970915089,0.31097076644972976,0.510925825243826,10,0.0,0.0,0.29767094059518406,0.40098232233276876,0.0004962183873997944,0.10744299285258413,0.17652913300050413,0.13661158124249523,0.22445320401353283,0.49668815510436715,1.0488596052652666e-14,0.37942427935071377,0.00620272984249743,0.5235607235035031,0.28060761620052277,,0.3273755522339432,,"[""draft"",""full""]",0,5,1,8,5,0.001,,,0,certified_subband_convergence,,,0.0,,0.0,0,,,,,easy,700000,4.849309261390662,,relative,None,0.08,0.0028060761620052263,0.06,,0.08,/home/asaleh/PycharmProjects/hdgfem/run_outputs/torsion_reduced_optimizer_numerical_tests/cases/strong_scaling-smooth_star-cbb21f772e53/attempt_001/run/out/equilibrium.npz,/home/asaleh/PycharmProjects/hdgfem/run_outputs/torsion_reduced_optimizer_numerical_tests/cases/strong_scaling-smooth_star-cbb21f772e53/attempt_001/run/out/equilibrium.npz,,,0,,None,mumps,1,1,200,4.136190393997822,CONVERGED_RESIDUAL,1e-12,,CONVERGED_CERTIFIED_SUBBAND,,,,,smooth_star,file,0.01882543239715913,,,,,,,,,,,,,,,,1,0.1,gmres,1.0,hypre,0.35,0.00025,19,10.485297417006223,1,0,7,CONVERGED_LAMBDA1,4.258715113042854,1e-11,,1.0,7,19,0,15.366730627953075,7,,,,,,,strong_scaling-smooth_star-cbb21f772e53,,,,,,,,,,,hminus1_grid_refined,0.0006330076809794979,,0.9459199844001959,-0.0014407835989210388,0.4498112692796919,0.36070511104653996,0.41478512664634404,homotopy,0.0006330076809794979,0.03558110962236838,,,,,,,,,,,,,/home/asaleh/PycharmProjects/hdgfem/run_outputs/torsion_reduced_optimizer_numerical_tests/cases/strong_scaling-smooth_star-cbb21f772e53/attempt_001/run/logs/initialization.csv,,,None,1e-08,1e-07,,,8.15375179904635e-08,5.7283188904681247e-08,,mumps,,2.0,strong_scaling,574.0,37.13598699908471,0.889290485996753,,,,,,,/home/asaleh/PycharmProjects/hdgfem/run_outputs/torsion_reduced_optimizer_numerical_tests/meshes/smooth_star-p4-dof700000.msh,86916,697156,,0.013895400061068514,0.5,6.228944532118276e-05,697017,/home/asaleh/PycharmProjects/hdgfem/run_outputs/torsion_reduced_optimizer_numerical_tests/cases/strong_scaling-smooth_star-cbb21f772e53/attempt_001/run/logs/newton.csv,,,,,,None,1e-08,1,0,None,0,1e-08,63,1.0488596052652666e-14,gmres,hypre,,,0.0038820853409049154,86916,,,4,,1,5.392948362015886,1,4.261048660991946,1,157.7176115399925,1,15.415526775992475,,,1,0.3312066709913779,,,9,3.4997638420027215,9,13.036080418009078,1,0.6566452809784096,1,1.1635889190074522,1,262.8160399920016,17,24.720963800966274,,,/home/asaleh/PycharmProjects/hdgfem/run_outputs/torsion_reduced_optimizer_numerical_tests/cases/strong_scaling-smooth_star-cbb21f772e53/attempt_001/run/logs/phases.csv,0.08520046597167175,0.049831556256946206,,,,none,0,,,,9.687138349651459,417.6288411531363,0.023195568397297004,16,,12,,33.58899592902162,8,,,1,,,,1,0.7796697780432451,0.6087535152973418,1.0,,/home/asaleh/PycharmProjects/hdgfem/run_outputs/torsion_reduced_optimizer_numerical_tests/cases/strong_scaling-smooth_star-cbb21f772e53/attempt_001/run,,run,/home/asaleh/PycharmProjects/hdgfem/run_outputs/torsion_reduced_optimizer_numerical_tests/cases/strong_scaling-smooth_star-cbb21f772e53/attempt_001/run,0.06228944532118276,0.0,gmres,cg,hypre,optimized,,,completed,,,,,,,,,,,,,,,,,cg,hypre,0.6086417070449063,sharp_indicator,,,False,262.8160399920016,1e-11,,,,None,,,,,,,300,1.149415455240788e-05,7.095157131115976e-06,,,,,,,,,,,,,,,,265.58725690841675,
,,,,,,,,,0.6,0.7,,,,,,,,,,,,,,,,,,,,,,,,,,,,,,"[""full""]",,,,,,,,,,incomplete,,,,,,,,,,,easy,700000,,,,,,,,,,,,,,,,,,,,,,,,,,,,,,smooth_star,,,,,,,,,,,,,,,,,,,,,,,,,,,,,,,,,,,,,,,,,,,,,,strong_scaling-smooth_star-3c1428d5b53a,,,,,,,,,,,,,,,,,,,,,,,,,,,,,,,,,,,,,,,,,,,,,,,,strong_scaling,,,,,,,,,,,,,,,,,,,,,,,,,,,,,,,,,,,,,,,,,4,,,,,,,,,,,,,,,,,,,,,,,,,,,,,,,,,,,,,,,,,,,,,,12,,,,,,2,,,,,,,,,,,,,,,,,,,,,planned,,,,,,,,,,,,,,,,,,,,,,,,,,,,,,,,,,,,,,,,,,,,,,,,,,,,,,,
,,,,,,,,,0.6,0.7,,,,,,,,,,,,,,,,,,,,,,,,,,,,,,"[""full""]",,,,,,,,,,incomplete,,,,,,,,,,,easy,700000,,,,,,,,,,,,,,,,,,,,,,,,,,,,,,smooth_star,,,,,,,,,,,,,,,,,,,,,,,,,,,,,,,,,,,,,,,,,,,,,,strong_scaling-smooth_star-c22878d3f7bf,,,,,,,,,,,,,,,,,,,,,,,,,,,,,,,,,,,,,,,,,,,,,,,,strong_scaling,,,,,,,,,,,,,,,,,,,,,,,,,,,,,,,,,,,,,,,,,4,,,,,,,,,,,,,,,,,,,,,,,,,,,,,,,,,,,,,,,,,,,,,,12,,,,,,3,,,,,,,,,,,,,,,,,,,,,planned,,,,,,,,,,,,,,,,,,,,,,,,,,,,,,,,,,,,,,,,,,,,,,,,,,,,,,,
-25.611898217766825,9,9,,,,,0.6,0.7,0.6,0.7,,0.4938866118318401,,0.0,0.5290793855731031,0.5794731186083171,0.04109495986375828,0.04729768970526702,0.31097076644972876,0.5109258252438188,10,0.0,0.0,0.29767094059518434,0.40098232233410797,0.0004962183873206994,0.10744299282966203,0.17652913296284112,0.13661158126621797,0.2244532040525069,0.49668815510435876,1.0489546513080274e-14,0.37942427937727374,0.006202729841508742,0.5235607237058405,0.28060761620484515,,0.32737555223898596,,"[""draft"",""full""]",0,5,1,8,5,0.001,,,0,certified_subband_convergence,,,0.0,,0.0,0,,,,,easy,700000,4.849309261390662,,relative,None,0.08,0.0028060761620484487,0.06,,0.08,/home/asaleh/PycharmProjects/hdgfem/run_outputs/torsion_reduced_optimizer_numerical_tests/cases/strong_scaling-smooth_star-877cd226375e/attempt_001/run/out/equilibrium.npz,/home/asaleh/PycharmProjects/hdgfem/run_outputs/torsion_reduced_optimizer_numerical_tests/cases/strong_scaling-smooth_star-877cd226375e/attempt_001/run/out/equilibrium.npz,,,0,,None,mumps,1,1,200,4.033904159005033,CONVERGED_RESIDUAL,1e-12,,CONVERGED_CERTIFIED_SUBBAND,,,,,smooth_star,file,0.01882543239715913,,,,,,,,,,,,,,,,1,0.1,gmres,1.0,hypre,0.35,0.00025,19,8.639673841011245,1,0,7,CONVERGED_LAMBDA1,3.526337232993683,1e-11,,1.0,7,19,0,12.669296189968009,7,,,,,,,strong_scaling-smooth_star-877cd226375e,,,,,,,,,,,hminus1_grid_refined,0.000633007678929711,,0.9459199823368516,-0.00144077117333994,0.449811206780268,0.36070510961991015,0.41478512728305855,homotopy,0.000633007678929711,0.035581109564759524,,,,,,,,,,,,,/home/asaleh/PycharmProjects/hdgfem/run_outputs/torsion_reduced_optimizer_numerical_tests/cases/strong_scaling-smooth_star-877cd226375e/attempt_001/run/logs/initialization.csv,,,None,1e-08,1e-07,,,8.15375180523965e-08,5.7283188904872563e-08,,mumps,,2.0,strong_scaling,565.0,31.554301082040183,0.7005208049959037,,,,,,,/home/asaleh/PycharmProjects/hdgfem/run_outputs/torsion_reduced_optimizer_numerical_tests/meshes/smooth_star-p4-dof700000.msh,86916,697156,,0.013895400061068514,0.5,6.228944531616514e-05,697017,/home/asaleh/PycharmProjects/hdgfem/run_outputs/torsion_reduced_optimizer_numerical_tests/cases/strong_scaling-smooth_star-877cd226375e/attempt_001/run/logs/newton.csv,,,,,,None,1e-08,1,0,None,0,1e-08,63,1.0489546513080274e-14,gmres,hypre,,,0.0038820853409049154,86916,,,4,,1,5.4212618750170805,1,4.158935207000468,1,129.89004282900714,1,12.707084925001254,,,1,0.3366508189938031,,,9,3.5694008869759273,9,11.221392170962645,1,0.6170236880134325,1,1.0783363399968948,1,227.80415386302047,17,21.001855179056292,,,/home/asaleh/PycharmProjects/hdgfem/run_outputs/torsion_reduced_optimizer_numerical_tests/cases/strong_scaling-smooth_star-877cd226375e/attempt_001/run/logs/phases.csv,0.08520046597201918,0.049831556252932105,,,,none,0,,,,9.68713840418933,417.6288413751417,0.02319556851555591,16,,16,,31.34806211499381,8,,,1,,,,1,0.779669778043249,0.6087535152973494,1.0,,/home/asaleh/PycharmProjects/hdgfem/run_outputs/torsion_reduced_optimizer_numerical_tests/cases/strong_scaling-smooth_star-877cd226375e/attempt_001/run,,run,/home/asaleh/PycharmProjects/hdgfem/run_outputs/torsion_reduced_optimizer_numerical_tests/cases/strong_scaling-smooth_star-877cd226375e/attempt_001/run,0.062289445316165135,0.0,gmres,cg,hypre,optimized,,,completed,,,,,,,,,,,,,,,,,cg,hypre,0.6086417070449129,sharp_indicator,,,False,227.80415386302047,1e-11,,,,None,,,,,,,300,1.1494154551481985e-05,7.095157130544435e-06,,,,,,,,,,,,,,,,230.73198556900024,
,,,,,,,,,0.6,0.7,,,,,,,,,,,,,,,,,,,,,,,,,,,,,,"[""full""]",,,,,,,,,,incomplete,,,,,,,,,,,easy,700000,,,,,,,,,,,,,,,,,,,,,,,,,,,,,,smooth_star,,,,,,,,,,,,,,,,,,,,,,,,,,,,,,,,,,,,,,,,,,,,,,strong_scaling-smooth_star-d6ffaaf9f01b,,,,,,,,,,,,,,,,,,,,,,,,,,,,,,,,,,,,,,,,,,,,,,,,strong_scaling,,,,,,,,,,,,,,,,,,,,,,,,,,,,,,,,,,,,,,,,,4,,,,,,,,,,,,,,,,,,,,,,,,,,,,,,,,,,,,,,,,,,,,,,16,,,,,,2,,,,,,,,,,,,,,,,,,,,,planned,,,,,,,,,,,,,,,,,,,,,,,,,,,,,,,,,,,,,,,,,,,,,,,,,,,,,,,
,,,,,,,,,0.6,0.7,,,,,,,,,,,,,,,,,,,,,,,,,,,,,,"[""full""]",,,,,,,,,,incomplete,,,,,,,,,,,easy,700000,,,,,,,,,,,,,,,,,,,,,,,,,,,,,,smooth_star,,,,,,,,,,,,,,,,,,,,,,,,,,,,,,,,,,,,,,,,,,,,,,strong_scaling-smooth_star-c468fe592b19,,,,,,,,,,,,,,,,,,,,,,,,,,,,,,,,,,,,,,,,,,,,,,,,strong_scaling,,,,,,,,,,,,,,,,,,,,,,,,,,,,,,,,,,,,,,,,,4,,,,,,,,,,,,,,,,,,,,,,,,,,,,,,,,,,,,,,,,,,,,,,16,,,,,,3,,,,,,,,,,,,,,,,,,,,,planned,,,,,,,,,,,,,,,,,,,,,,,,,,,,,,,,,,,,,,,,,,,,,,,,,,,,,,,
-25.611898254691535,9,9,,,,,0.6,0.7,0.6,0.7,,0.44346418997156434,,0.0,0.5290793855731021,0.5794731186056458,0.041094959863572846,0.04729768970502152,0.31097076644972954,0.5109258252438231,10,0.0,0.0,0.29767094059518395,0.40098232233378694,0.0004962183873158938,0.10744299282823389,0.17652913296049574,0.1366115812674785,0.2244532040545793,0.49668815510436193,1.0449425818668325e-14,0.3794242793783223,0.006202729841448672,0.5235607237180644,0.28060761621421815,,0.32737555224992115,,"[""draft"",""full""]",0,5,1,8,5,0.001,,,0,certified_subband_convergence,,,0.0,,0.0,0,,,,,easy,700000,4.849309261390662,,relative,None,0.08,0.00280607616214218,0.06,,0.08,/home/asaleh/PycharmProjects/hdgfem/run_outputs/torsion_reduced_optimizer_numerical_tests/cases/strong_scaling-smooth_star-c2f9249d8213/attempt_001/run/out/equilibrium.npz,/home/asaleh/PycharmProjects/hdgfem/run_outputs/torsion_reduced_optimizer_numerical_tests/cases/strong_scaling-smooth_star-c2f9249d8213/attempt_001/run/out/equilibrium.npz,,,0,,None,mumps,1,1,200,4.056439177016728,CONVERGED_RESIDUAL,1e-12,,CONVERGED_CERTIFIED_SUBBAND,,,,,smooth_star,file,0.01882543239715913,,,,,,,,,,,,,,,,1,0.1,gmres,1.0,hypre,0.35,0.00025,19,7.561673648073338,1,0,7,CONVERGED_LAMBDA1,3.090324303979287,1e-11,,1.0,7,19,0,11.073478747013723,7,,,,,,,strong_scaling-smooth_star-c2f9249d8213,,,,,,,,,,,hminus1_grid_refined,0.000633007678949836,,0.9459199821983281,-0.0014407704220017435,0.4498112031812221,0.36070510952865154,0.41478512733032347,homotopy,0.000633007678949836,0.03558110956532514,,,,,,,,,,,,,/home/asaleh/PycharmProjects/hdgfem/run_outputs/torsion_reduced_optimizer_numerical_tests/cases/strong_scaling-smooth_star-c2f9249d8213/attempt_001/run/logs/initialization.csv,,,None,1e-08,1e-07,,,8.153751805636995e-08,5.7283188904826705e-08,,mumps,,2.0,strong_scaling,573.0,28.986100119975163,0.5943038420227822,,,,,,,/home/asaleh/PycharmProjects/hdgfem/run_outputs/torsion_reduced_optimizer_numerical_tests/meshes/smooth_star-p4-dof700000.msh,86916,697156,,0.013895400061068514,0.5,6.228944531584408e-05,697017,/home/asaleh/PycharmProjects/hdgfem/run_outputs/torsion_reduced_optimizer_numerical_tests/cases/strong_scaling-smooth_star-c2f9249d8213/attempt_001/run/logs/newton.csv,,,,,,None,1e-08,1,0,None,0,1e-08,63,1.0449425818668325e-14,gmres,hypre,,,0.0038820853409049154,86916,,,4,,1,5.454104485979769,1,4.176100882992614,1,121.46087694799644,1,11.104444496013457,,,1,0.3430001300002914,,,9,3.5902295150153805,9,10.286138791969279,1,0.6233678389980923,1,1.129725653998321,1,216.86831826600246,17,19.451965514017502,,,/home/asaleh/PycharmProjects/hdgfem/run_outputs/torsion_reduced_optimizer_numerical_tests/cases/strong_scaling-smooth_star-c2f9249d8213/attempt_001/run/logs/phases.csv,0.0852004659719482,0.04983155625267526,,,,none,0,,,,9.687138402159666,417.6288413894459,0.02319556850990147,16,,20,,31.084319742018124,8,,,1,,,,1,0.7796697780432471,0.6087535152973472,1.0,,/home/asaleh/PycharmProjects/hdgfem/run_outputs/torsion_reduced_optimizer_numerical_tests/cases/strong_scaling-smooth_star-c2f9249d8213/attempt_001/run,,run,/home/asaleh/PycharmProjects/hdgfem/run_outputs/torsion_reduced_optimizer_numerical_tests/cases/strong_scaling-smooth_star-c2f9249d8213/attempt_001/run,0.06228944531584408,0.0,gmres,cg,hypre,optimized,,,completed,,,,,,,,,,,,,,,,,cg,hypre,0.6086417070449093,sharp_indicator,,,False,216.86831826600246,1e-11,,,,None,,,,,,,300,1.1494154551422741e-05,7.095157130507865e-06,,,,,,,,,,,,,,,,219.86185503005981,
,,,,,,,,,0.6,0.7,,,,,,,,,,,,,,,,,,,,,,,,,,,,,,"[""full""]",,,,,,,,,,incomplete,,,,,,,,,,,easy,700000,,,,,,,,,,,,,,,,,,,,,,,,,,,,,,smooth_star,,,,,,,,,,,,,,,,,,,,,,,,,,,,,,,,,,,,,,,,,,,,,,strong_scaling-smooth_star-19cb970352e3,,,,,,,,,,,,,,,,,,,,,,,,,,,,,,,,,,,,,,,,,,,,,,,,strong_scaling,,,,,,,,,,,,,,,,,,,,,,,,,,,,,,,,,,,,,,,,,4,,,,,,,,,,,,,,,,,,,,,,,,,,,,,,,,,,,,,,,,,,,,,,20,,,,,,2,,,,,,,,,,,,,,,,,,,,,planned,,,,,,,,,,,,,,,,,,,,,,,,,,,,,,,,,,,,,,,,,,,,,,,,,,,,,,,
,,,,,,,,,0.6,0.7,,,,,,,,,,,,,,,,,,,,,,,,,,,,,,"[""full""]",,,,,,,,,,incomplete,,,,,,,,,,,easy,700000,,,,,,,,,,,,,,,,,,,,,,,,,,,,,,smooth_star,,,,,,,,,,,,,,,,,,,,,,,,,,,,,,,,,,,,,,,,,,,,,,strong_scaling-smooth_star-ba1a55a6153d,,,,,,,,,,,,,,,,,,,,,,,,,,,,,,,,,,,,,,,,,,,,,,,,strong_scaling,,,,,,,,,,,,,,,,,,,,,,,,,,,,,,,,,,,,,,,,,4,,,,,,,,,,,,,,,,,,,,,,,,,,,,,,,,,,,,,,,,,,,,,,20,,,,,,3,,,,,,,,,,,,,,,,,,,,,planned,,,,,,,,,,,,,,,,,,,,,,,,,,,,,,,,,,,,,,,,,,,,,,,,,,,,,,,
,,,,,,,,,0.45,0.5,,,,,,,,,,,,,,,,,,,,,,,,,,,,,,"[""draft"",""full""]",,,,,,,,,,incomplete,,,,,,,,,,,difficult,700000,,,,,,,,,,,,,,,,,,,,,,,,,,,,,,smooth_star,,,,,,,,,,,,,,,,,,,,,,,,,,,,,,,,,,,,,,,,,,,,,,strong_scaling-smooth_star-f07a0a6acc44,,,,,,,,,,,,,,,,,,,,,,,,,,,,,,,,,,,,,,,,,,,,,,,,strong_scaling,,,,,,,,,,,,,,,,,,,,,,,,,,,,,,,,,,,,,,,,,4,,,,,,,,,,,,,,,,,,,,,,,,,,,,,,,,,,,,,,,,,,,,,,4,,,,,,1,,,,,,,,,,,,,,,,,,,,,planned,,,,,,,,,,,,,,,,,,,,,,,,,,,,,,,,,,,,,,,,,,,,,,,,,,,,,,,
,,,,,,,,,0.45,0.5,,,,,,,,,,,,,,,,,,,,,,,,,,,,,,"[""full""]",,,,,,,,,,incomplete,,,,,,,,,,,difficult,700000,,,,,,,,,,,,,,,,,,,,,,,,,,,,,,smooth_star,,,,,,,,,,,,,,,,,,,,,,,,,,,,,,,,,,,,,,,,,,,,,,strong_scaling-smooth_star-f92cbad34f19,,,,,,,,,,,,,,,,,,,,,,,,,,,,,,,,,,,,,,,,,,,,,,,,strong_scaling,,,,,,,,,,,,,,,,,,,,,,,,,,,,,,,,,,,,,,,,,4,,,,,,,,,,,,,,,,,,,,,,,,,,,,,,,,,,,,,,,,,,,,,,4,,,,,,2,,,,,,,,,,,,,,,,,,,,,planned,,,,,,,,,,,,,,,,,,,,,,,,,,,,,,,,,,,,,,,,,,,,,,,,,,,,,,,
,,,,,,,,,0.45,0.5,,,,,,,,,,,,,,,,,,,,,,,,,,,,,,"[""full""]",,,,,,,,,,incomplete,,,,,,,,,,,difficult,700000,,,,,,,,,,,,,,,,,,,,,,,,,,,,,,smooth_star,,,,,,,,,,,,,,,,,,,,,,,,,,,,,,,,,,,,,,,,,,,,,,strong_scaling-smooth_star-29be11da4f9c,,,,,,,,,,,,,,,,,,,,,,,,,,,,,,,,,,,,,,,,,,,,,,,,strong_scaling,,,,,,,,,,,,,,,,,,,,,,,,,,,,,,,,,,,,,,,,,4,,,,,,,,,,,,,,,,,,,,,,,,,,,,,,,,,,,,,,,,,,,,,,4,,,,,,3,,,,,,,,,,,,,,,,,,,,,planned,,,,,,,,,,,,,,,,,,,,,,,,,,,,,,,,,,,,,,,,,,,,,,,,,,,,,,,
,,,,,,,,,0.45,0.5,,,,,,,,,,,,,,,,,,,,,,,,,,,,,,"[""draft"",""full""]",,,,,,,,,,incomplete,,,,,,,,,,,difficult,700000,,,,,,,,,,,,,,,,,,,,,,,,,,,,,,smooth_star,,,,,,,,,,,,,,,,,,,,,,,,,,,,,,,,,,,,,,,,,,,,,,strong_scaling-smooth_star-889d9ebda0ee,,,,,,,,,,,,,,,,,,,,,,,,,,,,,,,,,,,,,,,,,,,,,,,,strong_scaling,,,,,,,,,,,,,,,,,,,,,,,,,,,,,,,,,,,,,,,,,4,,,,,,,,,,,,,,,,,,,,,,,,,,,,,,,,,,,,,,,,,,,,,,8,,,,,,1,,,,,,,,,,,,,,,,,,,,,planned,,,,,,,,,,,,,,,,,,,,,,,,,,,,,,,,,,,,,,,,,,,,,,,,,,,,,,,
,,,,,,,,,0.45,0.5,,,,,,,,,,,,,,,,,,,,,,,,,,,,,,"[""full""]",,,,,,,,,,incomplete,,,,,,,,,,,difficult,700000,,,,,,,,,,,,,,,,,,,,,,,,,,,,,,smooth_star,,,,,,,,,,,,,,,,,,,,,,,,,,,,,,,,,,,,,,,,,,,,,,strong_scaling-smooth_star-313f44be79e2,,,,,,,,,,,,,,,,,,,,,,,,,,,,,,,,,,,,,,,,,,,,,,,,strong_scaling,,,,,,,,,,,,,,,,,,,,,,,,,,,,,,,,,,,,,,,,,4,,,,,,,,,,,,,,,,,,,,,,,,,,,,,,,,,,,,,,,,,,,,,,8,,,,,,2,,,,,,,,,,,,,,,,,,,,,planned,,,,,,,,,,,,,,,,,,,,,,,,,,,,,,,,,,,,,,,,,,,,,,,,,,,,,,,
,,,,,,,,,0.45,0.5,,,,,,,,,,,,,,,,,,,,,,,,,,,,,,"[""full""]",,,,,,,,,,incomplete,,,,,,,,,,,difficult,700000,,,,,,,,,,,,,,,,,,,,,,,,,,,,,,smooth_star,,,,,,,,,,,,,,,,,,,,,,,,,,,,,,,,,,,,,,,,,,,,,,strong_scaling-smooth_star-fb837b6cac39,,,,,,,,,,,,,,,,,,,,,,,,,,,,,,,,,,,,,,,,,,,,,,,,strong_scaling,,,,,,,,,,,,,,,,,,,,,,,,,,,,,,,,,,,,,,,,,4,,,,,,,,,,,,,,,,,,,,,,,,,,,,,,,,,,,,,,,,,,,,,,8,,,,,,3,,,,,,,,,,,,,,,,,,,,,planned,,,,,,,,,,,,,,,,,,,,,,,,,,,,,,,,,,,,,,,,,,,,,,,,,,,,,,,
,,,,,,,,,0.45,0.5,,,,,,,,,,,,,,,,,,,,,,,,,,,,,,"[""draft"",""full""]",,,,,,,,,,incomplete,,,,,,,,,,,difficult,700000,,,,,,,,,,,,,,,,,,,,,,,,,,,,,,smooth_star,,,,,,,,,,,,,,,,,,,,,,,,,,,,,,,,,,,,,,,,,,,,,,strong_scaling-smooth_star-e7a214d11e6e,,,,,,,,,,,,,,,,,,,,,,,,,,,,,,,,,,,,,,,,,,,,,,,,strong_scaling,,,,,,,,,,,,,,,,,,,,,,,,,,,,,,,,,,,,,,,,,4,,,,,,,,,,,,,,,,,,,,,,,,,,,,,,,,,,,,,,,,,,,,,,12,,,,,,1,,,,,,,,,,,,,,,,,,,,,planned,,,,,,,,,,,,,,,,,,,,,,,,,,,,,,,,,,,,,,,,,,,,,,,,,,,,,,,
,,,,,,,,,0.45,0.5,,,,,,,,,,,,,,,,,,,,,,,,,,,,,,"[""full""]",,,,,,,,,,incomplete,,,,,,,,,,,difficult,700000,,,,,,,,,,,,,,,,,,,,,,,,,,,,,,smooth_star,,,,,,,,,,,,,,,,,,,,,,,,,,,,,,,,,,,,,,,,,,,,,,strong_scaling-smooth_star-adc3eade7c8e,,,,,,,,,,,,,,,,,,,,,,,,,,,,,,,,,,,,,,,,,,,,,,,,strong_scaling,,,,,,,,,,,,,,,,,,,,,,,,,,,,,,,,,,,,,,,,,4,,,,,,,,,,,,,,,,,,,,,,,,,,,,,,,,,,,,,,,,,,,,,,12,,,,,,2,,,,,,,,,,,,,,,,,,,,,planned,,,,,,,,,,,,,,,,,,,,,,,,,,,,,,,,,,,,,,,,,,,,,,,,,,,,,,,
,,,,,,,,,0.45,0.5,,,,,,,,,,,,,,,,,,,,,,,,,,,,,,"[""full""]",,,,,,,,,,incomplete,,,,,,,,,,,difficult,700000,,,,,,,,,,,,,,,,,,,,,,,,,,,,,,smooth_star,,,,,,,,,,,,,,,,,,,,,,,,,,,,,,,,,,,,,,,,,,,,,,strong_scaling-smooth_star-e412fa316711,,,,,,,,,,,,,,,,,,,,,,,,,,,,,,,,,,,,,,,,,,,,,,,,strong_scaling,,,,,,,,,,,,,,,,,,,,,,,,,,,,,,,,,,,,,,,,,4,,,,,,,,,,,,,,,,,,,,,,,,,,,,,,,,,,,,,,,,,,,,,,12,,,,,,3,,,,,,,,,,,,,,,,,,,,,planned,,,,,,,,,,,,,,,,,,,,,,,,,,,,,,,,,,,,,,,,,,,,,,,,,,,,,,,
,,,,,,,,,0.45,0.5,,,,,,,,,,,,,,,,,,,,,,,,,,,,,,"[""draft"",""full""]",,,,,,,,,,incomplete,,,,,,,,,,,difficult,700000,,,,,,,,,,,,,,,,,,,,,,,,,,,,,,smooth_star,,,,,,,,,,,,,,,,,,,,,,,,,,,,,,,,,,,,,,,,,,,,,,strong_scaling-smooth_star-ae41c1db73b6,,,,,,,,,,,,,,,,,,,,,,,,,,,,,,,,,,,,,,,,,,,,,,,,strong_scaling,,,,,,,,,,,,,,,,,,,,,,,,,,,,,,,,,,,,,,,,,4,,,,,,,,,,,,,,,,,,,,,,,,,,,,,,,,,,,,,,,,,,,,,,16,,,,,,1,,,,,,,,,,,,,,,,,,,,,planned,,,,,,,,,,,,,,,,,,,,,,,,,,,,,,,,,,,,,,,,,,,,,,,,,,,,,,,
,,,,,,,,,0.45,0.5,,,,,,,,,,,,,,,,,,,,,,,,,,,,,,"[""full""]",,,,,,,,,,incomplete,,,,,,,,,,,difficult,700000,,,,,,,,,,,,,,,,,,,,,,,,,,,,,,smooth_star,,,,,,,,,,,,,,,,,,,,,,,,,,,,,,,,,,,,,,,,,,,,,,strong_scaling-smooth_star-3c38acdf165f,,,,,,,,,,,,,,,,,,,,,,,,,,,,,,,,,,,,,,,,,,,,,,,,strong_scaling,,,,,,,,,,,,,,,,,,,,,,,,,,,,,,,,,,,,,,,,,4,,,,,,,,,,,,,,,,,,,,,,,,,,,,,,,,,,,,,,,,,,,,,,16,,,,,,2,,,,,,,,,,,,,,,,,,,,,planned,,,,,,,,,,,,,,,,,,,,,,,,,,,,,,,,,,,,,,,,,,,,,,,,,,,,,,,
,,,,,,,,,0.45,0.5,,,,,,,,,,,,,,,,,,,,,,,,,,,,,,"[""full""]",,,,,,,,,,incomplete,,,,,,,,,,,difficult,700000,,,,,,,,,,,,,,,,,,,,,,,,,,,,,,smooth_star,,,,,,,,,,,,,,,,,,,,,,,,,,,,,,,,,,,,,,,,,,,,,,strong_scaling-smooth_star-e2726b44faa9,,,,,,,,,,,,,,,,,,,,,,,,,,,,,,,,,,,,,,,,,,,,,,,,strong_scaling,,,,,,,,,,,,,,,,,,,,,,,,,,,,,,,,,,,,,,,,,4,,,,,,,,,,,,,,,,,,,,,,,,,,,,,,,,,,,,,,,,,,,,,,16,,,,,,3,,,,,,,,,,,,,,,,,,,,,planned,,,,,,,,,,,,,,,,,,,,,,,,,,,,,,,,,,,,,,,,,,,,,,,,,,,,,,,
,,,,,,,,,0.45,0.5,,,,,,,,,,,,,,,,,,,,,,,,,,,,,,"[""draft"",""full""]",,,,,,,,,,incomplete,,,,,,,,,,,difficult,700000,,,,,,,,,,,,,,,,,,,,,,,,,,,,,,smooth_star,,,,,,,,,,,,,,,,,,,,,,,,,,,,,,,,,,,,,,,,,,,,,,strong_scaling-smooth_star-8f66a948a589,,,,,,,,,,,,,,,,,,,,,,,,,,,,,,,,,,,,,,,,,,,,,,,,strong_scaling,,,,,,,,,,,,,,,,,,,,,,,,,,,,,,,,,,,,,,,,,4,,,,,,,,,,,,,,,,,,,,,,,,,,,,,,,,,,,,,,,,,,,,,,20,,,,,,1,,,,,,,,,,,,,,,,,,,,,planned,,,,,,,,,,,,,,,,,,,,,,,,,,,,,,,,,,,,,,,,,,,,,,,,,,,,,,,
,,,,,,,,,0.45,0.5,,,,,,,,,,,,,,,,,,,,,,,,,,,,,,"[""full""]",,,,,,,,,,incomplete,,,,,,,,,,,difficult,700000,,,,,,,,,,,,,,,,,,,,,,,,,,,,,,smooth_star,,,,,,,,,,,,,,,,,,,,,,,,,,,,,,,,,,,,,,,,,,,,,,strong_scaling-smooth_star-2fa3a49b3111,,,,,,,,,,,,,,,,,,,,,,,,,,,,,,,,,,,,,,,,,,,,,,,,strong_scaling,,,,,,,,,,,,,,,,,,,,,,,,,,,,,,,,,,,,,,,,,4,,,,,,,,,,,,,,,,,,,,,,,,,,,,,,,,,,,,,,,,,,,,,,20,,,,,,2,,,,,,,,,,,,,,,,,,,,,planned,,,,,,,,,,,,,,,,,,,,,,,,,,,,,,,,,,,,,,,,,,,,,,,,,,,,,,,
,,,,,,,,,0.45,0.5,,,,,,,,,,,,,,,,,,,,,,,,,,,,,,"[""full""]",,,,,,,,,,incomplete,,,,,,,,,,,difficult,700000,,,,,,,,,,,,,,,,,,,,,,,,,,,,,,smooth_star,,,,,,,,,,,,,,,,,,,,,,,,,,,,,,,,,,,,,,,,,,,,,,strong_scaling-smooth_star-652a168eca89,,,,,,,,,,,,,,,,,,,,,,,,,,,,,,,,,,,,,,,,,,,,,,,,strong_scaling,,,,,,,,,,,,,,,,,,,,,,,,,,,,,,,,,,,,,,,,,4,,,,,,,,,,,,,,,,,,,,,,,,,,,,,,,,,,,,,,,,,,,,,,20,,,,,,3,,,,,,,,,,,,,,,,,,,,,planned,,,,,,,,,,,,,,,,,,,,,,,,,,,,,,,,,,,,,,,,,,,,,,,,,,,,,,,
,,,,,,,,,0.6,0.7,,,,,,,,,,,,,,,,,,,,,,,,,,,,,,"[""full""]",,,,,,,,,,incomplete,,,,,,,,,,,easy,700000,,,,,,,,,,,,,,,,,,,,,,,,,,,,,,smooth_star,,,,,,,,,,,,,,,,,,,,,,,,,,,,,,,,,,,,,,,,,,,,,,all_mumps_baseline-smooth_star-ddcae0150ab0,,,,,,,,,,,,,,,,,,,,,,,,,,,,,,,,,,,,,,,,,,,,,,,,all_mumps_baseline,,,,,,,,,,,,,,,,,,,,,,,,,,,,,,,,,,,,,,,,,4,,,,,,,,,,,,,,,,,,,,,,,,,,,,,,,,,,,,,,,,,,,,,best_measured,,,,,,,,,,,,,,,,,,,,,,,,,,,,planned,,,,,,,,,,,,,,,,,,,,,,,,,,,,,,,,,,,,,,,,,,,,,,,,,,,,,,,
,,,,,,,,,0.45,0.5,,,,,,,,,,,,,,,,,,,,,,,,,,,,,,"[""full""]",,,,,,,,,,incomplete,,,,,,,,,,,difficult,700000,,,,,,,,,,,,,,,,,,,,,,,,,,,,,,smooth_star,,,,,,,,,,,,,,,,,,,,,,,,,,,,,,,,,,,,,,,,,,,,,,all_mumps_baseline-smooth_star-c98dcdcb69e4,,,,,,,,,,,,,,,,,,,,,,,,,,,,,,,,,,,,,,,,,,,,,,,,all_mumps_baseline,,,,,,,,,,,,,,,,,,,,,,,,,,,,,,,,,,,,,,,,,4,,,,,,,,,,,,,,,,,,,,,,,,,,,,,,,,,,,,,,,,,,,,,best_measured,,,,,,,,,,,,,,,,,,,,,,,,,,,,planned,,,,,,,,,,,,,,,,,,,,,,,,,,,,,,,,,,,,,,,,,,,,,,,,,,,,,,,
-23.618693556822542,9,9,,,,,0.6,0.7,0.6,0.7,,0.1513286919798702,,0.0,0.5391164935409545,0.5797736804050471,0.04110975334782345,0.047317203024599734,0.3112209697039413,0.511274986335027,9,0.0,0.0,0.29749445354581894,0.4008749199077759,0.0004965959741421028,0.1075385207697055,0.1766646887236529,0.1364802636144084,0.2242102933514954,0.5072313550759243,7.216421042232496e-15,0.37702011337894625,0.006207449676776285,0.522940206323378,0.28064453654073923,,0.3274186259641958,,"[""draft"",""full""]",0,5,1,8,5,0.001,,,0,certified_subband_convergence,,,0.0,,0.0,0,,,,,,200000,4.849127340765605,,relative,None,0.08,0.002806445365407394,0.06,,0.08,/home/asaleh/PycharmProjects/hdgfem/run_outputs/torsion_reduced_optimizer_numerical_tests/cases/trajectory-smooth_star-d9d44c40e110/attempt_002/run/out/equilibrium.npz,/home/asaleh/PycharmProjects/hdgfem/run_outputs/torsion_reduced_optimizer_numerical_tests/cases/trajectory-smooth_star-d9d44c40e110/attempt_002/run/out/equilibrium.npz,,,0,,None,mumps,1,1,200,1.0931175619916758,CONVERGED_RESIDUAL,1e-12,,CONVERGED_CERTIFIED_SUBBAND,,,,,smooth_star,file,0.036280838842093675,,,,,,,,,,,,,,,,1,0.1,gmres,1.0,hypre,0.35,0.00025,27,5.121335959993303,1,1,9,CONVERGED_LAMBDA1,2.178521844005445,1e-11,,1.0,9,27,1,7.701736517003155,10,,,,,,,trajectory-smooth_star-d9d44c40e110,,,,,,,,,,,hminus1_grid_refined,0.000640334884312106,,0.9530644804007137,-0.04433935754465361,0.6666607082477913,0.365502512513396,0.4124380321126824,homotopy,0.000640334884312106,0.03578644671693757,,,,,,,,,,,,,/home/asaleh/PycharmProjects/hdgfem/run_outputs/torsion_reduced_optimizer_numerical_tests/cases/trajectory-smooth_star-d9d44c40e110/attempt_002/run/logs/initialization.csv,,,None,1e-08,1e-07,,,8.131771160253688e-08,5.726784570111084e-08,,mumps,,2.0,trajectory,580.0,14.277616239967756,0.4567583709867904,,,,,,,/home/asaleh/PycharmProjects/hdgfem/run_outputs/torsion_reduced_optimizer_numerical_tests/meshes/smooth_star-p4-dof200000.msh,24713,198742,,0.026136988875920652,0.5,6.231776710328436e-05,198603,/home/asaleh/PycharmProjects/hdgfem/run_outputs/torsion_reduced_optimizer_numerical_tests/cases/trajectory-smooth_star-d9d44c40e110/attempt_002/run/logs/newton.csv,,,,,,None,1e-08,1,0,None,0,1e-08,71,7.216421042232496e-15,gmres,hypre,,,0.007481931550258169,24713,,,4,,2,5.102314300005673,1,1.1588753280084347,1,48.045278763005626,1,8.101046108000446,,,1,0.08619650799664669,,,9,1.4382719150016783,9,4.455719071018393,1,0.19714186900819186,1,0.3274008979933569,1,96.8521986620035,16,9.174509820019011,,,/home/asaleh/PycharmProjects/hdgfem/run_outputs/torsion_reduced_optimizer_numerical_tests/cases/trajectory-smooth_star-d9d44c40e110/attempt_002/run/logs/phases.csv,0.08521883513858547,0.04985421368262748,,,,none,0,,,,11.118956529451166,416.8791093805519,0.026671896670411293,16,,,,13.430607153015444,7,,,,,,,1,0.7788564626732131,0.6086345545614078,1.0,,/home/asaleh/PycharmProjects/hdgfem/run_outputs/torsion_reduced_optimizer_numerical_tests/cases/trajectory-smooth_star-d9d44c40e110/attempt_002/run,,run,/home/asaleh/PycharmProjects/hdgfem/run_outputs/torsion_reduced_optimizer_numerical_tests/cases/trajectory-smooth_star-d9d44c40e110/attempt_002/run,0.06231776710328435,0.0,gmres,cg,hypre,optimized,,,completed,,,,,,,,,,,,,,,,,cg,hypre,0.6087154232497601,sharp_indicator,,,False,96.8521986620035,1e-11,,,,/home/asaleh/PycharmProjects/hdgfem/run_outputs/torsion_reduced_optimizer_numerical_tests/cases/trajectory-smooth_star-d9d44c40e110/attempt_002/run/out/trajectory.npz,1,,,,,,300,1.2777089686395271e-05,7.887092399009426e-06,,,,,,,,,,,,,,,,99.39931082725525,
-17.72445004202097,7,7,,,,,0.45,0.5,0.45,0.5,,0.24900193902431056,,69.0,0.5584145833737876,0.2959644764686278,0.013299881272797014,0.014283256539977541,0.15428845151370768,0.4648131175942526,-1,0.004939751257203993,0.014881614012420913,0.18258782578704502,inf,7.86700213744422e-05,0.07356258776562974,0.22161642963021982,0.1095346373405507,0.32998669548701676,0.4413423683929007,6.478840554342372e-14,0.5393232456137746,0.0009833752671805276,0.030460769154072864,0.21048340240555247,,0.23387044711728053,,"[""draft"",""full""]",0,0,1,8,5,0.001,,,0,geometrically_unsuccessful_pde_converged,,,0.0,,0.0,0,,,,,,200000,4.849127340765605,,relative,None,0.08,0.0014032226827036837,0.06,,0.08,/home/asaleh/PycharmProjects/hdgfem/run_outputs/torsion_reduced_optimizer_numerical_tests/cases/trajectory-smooth_star-4ee334333e4c/attempt_002/run/out/equilibrium.npz,/home/asaleh/PycharmProjects/hdgfem/run_outputs/torsion_reduced_optimizer_numerical_tests/cases/trajectory-smooth_star-4ee334333e4c/attempt_002/run/out/equilibrium.npz,,,0,,None,mumps,1,1,200,1.0771198959992034,CONVERGED_RESIDUAL,1e-12,,STEP_TOO_SMALL,,,,,smooth_star,file,0.036280838842093675,,,,,,,,,,,,,,,,1,0.1,gmres,1.0,hypre,0.35,0.00025,40,8.635417633966426,1,0,10,CONVERGED_LAMBDA1,2.401555817996268,1e-11,,0.9999999999999999,10,40,0,11.599135996992118,10,,,,,,,trajectory-smooth_star-4ee334333e4c,,,,,,,,,,,hminus1_grid_refined,0.0004546827599626406,,0.7745974451603821,0.507364660645413,-0.9257954502048475,0.5630020623025045,0.7884046171421222,homotopy,0.0004546827599626406,0.030155688019431446,,,,,,,,,,,,,/home/asaleh/PycharmProjects/hdgfem/run_outputs/torsion_reduced_optimizer_numerical_tests/cases/trajectory-smooth_star-4ee334333e4c/attempt_002/run/logs/initialization.csv,,,None,1e-08,1e-07,,,1e-07,7.868029738425666e-08,,mumps,,2.0,trajectory,2119.0,43.919473385001766,1.6120851650484838,,,,,,,/home/asaleh/PycharmProjects/hdgfem/run_outputs/torsion_reduced_optimizer_numerical_tests/meshes/smooth_star-p4-dof200000.msh,24713,198742,,0.026136988875920652,0.5,2.204290685224208e-05,198603,/home/asaleh/PycharmProjects/hdgfem/run_outputs/torsion_reduced_optimizer_numerical_tests/cases/trajectory-smooth_star-4ee334333e4c/attempt_002/run/logs/newton.csv,,,,,,None,1e-08,1,0,None,0,1e-08,158,6.478840554342372e-14,gmres,hypre,,,0.007481931550258169,24713,,,4,,2,4.940665931004332,1,1.1427861400006805,1,48.23448373300198,1,12.017057462988305,,,1,0.08640805399045348,,,8,2.2464955729956273,8,4.644706976003363,1,0.3687512409960618,1,0.7148151550063631,1,139.47452185901057,19,36.788989634020254,,,/home/asaleh/PycharmProjects/hdgfem/run_outputs/torsion_reduced_optimizer_numerical_tests/cases/trajectory-smooth_star-4ee334333e4c/attempt_002/run/logs/phases.csv,0.03168696835983762,0.017634325481793663,,,,none,0,,,,14.918040712362238,630.1541070977313,0.023673638788247367,16,,,,43.05720872001257,13,,,,,,,1,0.5739137505741558,0.3320431534546358,1.0,,/home/asaleh/PycharmProjects/hdgfem/run_outputs/torsion_reduced_optimizer_numerical_tests/cases/trajectory-smooth_star-4ee334333e4c/attempt_002/run,,run,/home/asaleh/PycharmProjects/hdgfem/run_outputs/torsion_reduced_optimizer_numerical_tests/cases/trajectory-smooth_star-4ee334333e4c/attempt_002/run,0.02204290685224208,0.0,gmres,cg,hypre,optimized,,,completed,,,,,,,,,,,,,,,,,cg,hypre,0.3319365260435487,sharp_indicator,,,False,139.47452185901057,1e-11,,,,/home/asaleh/PycharmProjects/hdgfem/run_outputs/torsion_reduced_optimizer_numerical_tests/cases/trajectory-smooth_star-4ee334333e4c/attempt_002/run/out/trajectory.npz,1,,,,,,300,2.204290685224208e-07,2.204290685224208e-07,,,,,,,,,,,,,,,,142.07203125953674,
,,,,,,,,,0.6,0.7,,0.0007041988574201241,,1149.0,,,,,,,,,,,,,,,,,,,,,,,,,,"[""draft"",""full""]",0,,,,,,,,,pde_failure,,,2.9802322387695312e-08,,,,,,,,,200000,,,,,,,,,,/home/asaleh/PycharmProjects/hdgfem/run_outputs/torsion_reduced_optimizer_numerical_tests/cases/trajectory-iter-ef35b47caeda/attempt_002/run/out/equilibrium.npz,,,,1,,,,,,,,,,,,,,,,iter,,,,,,,,,,,,,,,,,,,,,,,,,,,,,,,,,,0.1,4,106,9,41.610984271013876,13,,,,,,,trajectory-iter-ef35b47caeda,,,,,,,,,,,,,,,,,,,,,,,,,,,,,,,,,,,,,,,,,,,,,,,,trajectory,1680.0,27.73155114198744,10.574035570025444,,,,,,,,,,,,,,,,,,,,,,,,,,,,115,2.470949954850632e-13,,,,,,,,,4,,0,0.0,0,0.0,1,43.4076553729974,1,41.80301148998842,,,1,0.08501037899986841,,,0,0.0,0,0.0,1,0.19982680800603703,1,0.32648842300113756,1,87.45066225100891,0,0.0,,,,,,,,,,,,,,,,,,,,,,,,,,,,,,,,,,,,,/home/asaleh/PycharmProjects/hdgfem/run_outputs/torsion_reduced_optimizer_numerical_tests/cases/trajectory-iter-ef35b47caeda/attempt_002/run,,,,,,,,,failed,,,,,,,,,,,,,,,,,,,,,,,,87.45066225100891,,,,,,1,,,,,,,,,,,,,,,,,,,,,,,,89.99452829360962,
-17.724450042056286,7,7,,,,,0.45,0.5,0.45,0.5,,0.437327791005373,,69.0,0.5584145833737876,0.2959644764686272,0.013299881272796969,0.014283256539977491,0.15428845151370768,0.4648131175942526,-1,0.004939751257203993,0.014881614012420913,0.18258782578704502,inf,7.867002137444178e-05,0.0735625877656291,0.2216164296302179,0.10953463734055054,0.32998669548701626,0.4413423683929007,6.478806772049036e-14,0.5393232456137728,0.0009833752671805224,0.030460769154072302,0.21048340240555447,,0.23387044711728272,,"[""draft"",""full""]",0,0,1,8,5,0.001,,,0,geometrically_unsuccessful_pde_converged,0,,0.0,,0.0,1,,,,,,200000,4.849127340765605,,relative,None,0.08,0.0014032226827036952,0.06,,0.08,/home/asaleh/PycharmProjects/hdgfem/run_outputs/torsion_reduced_optimizer_numerical_tests/cases/coercivity-smooth_star-bf9b70d4a494/attempt_001/run/out/equilibrium.npz,/home/asaleh/PycharmProjects/hdgfem/run_outputs/torsion_reduced_optimizer_numerical_tests/cases/coercivity-smooth_star-bf9b70d4a494/attempt_001/run/out/equilibrium.npz,,,0,,None,mumps,1,1,200,1.0692254780151416,CONVERGED_RESIDUAL,1e-12,,STEP_TOO_SMALL,,,,,smooth_star,file,0.036280838842093675,,,,,,,,,,,,,,,,1,0.1,gmres,1.0,hypre,0.35,0.00025,40,8.328987320011947,1,0,10,CONVERGED_LAMBDA1,2.2306051519990433,1e-11,,0.9999999999999999,10,40,0,11.096501556021394,10,,,,,,,coercivity-smooth_star-bf9b70d4a494,,,,,,,,,,,hminus1_grid_refined,0.0004546827599626554,,0.7745974451603604,0.5073646606454584,-0.9257954502049739,0.5630020623024911,0.7884046171421304,homotopy,0.0004546827599626554,0.030155688019431935,,,,,,,,,,,,,/home/asaleh/PycharmProjects/hdgfem/run_outputs/torsion_reduced_optimizer_numerical_tests/cases/coercivity-smooth_star-bf9b70d4a494/attempt_001/run/logs/initialization.csv,,,None,1e-08,1e-07,,,1e-07,7.868029738425665e-08,,mumps,,2.0,coercivity,2119.0,43.877192292158725,1.5440666428767145,,,,,,,/home/asaleh/PycharmProjects/hdgfem/run_outputs/torsion_reduced_optimizer_numerical_tests/meshes/smooth_star-p4-dof200000.msh,24713,198742,,0.026136988875920652,0.5,2.2042906852242002e-05,198603,/home/asaleh/PycharmProjects/hdgfem/run_outputs/torsion_reduced_optimizer_numerical_tests/cases/coercivity-smooth_star-bf9b70d4a494/attempt_001/run/logs/newton.csv,,,,,,/home/asaleh/PycharmProjects/hdgfem/run_outputs/torsion_reduced_optimizer_numerical_tests/cases/coercivity-smooth_star-bf9b70d4a494/attempt_001/run/logs/newton_spd.csv,1e-08,1,0,None,0,1e-08,158,6.478806772049036e-14,gmres,hypre,,,0.007481931550258169,24713,,,4,,1,1.4222483210032806,1,1.14718264300609,1,46.72188687301241,1,11.1212229669909,,,1,0.07962545900954865,,,8,2.5920098469941877,8,4.699322280968772,1,0.3944933990132995,1,0.7340540209843311,1,138.77043123097974,19,37.22954120099894,,,/home/asaleh/PycharmProjects/hdgfem/run_outputs/torsion_reduced_optimizer_numerical_tests/cases/coercivity-smooth_star-bf9b70d4a494/attempt_001/run/logs/phases.csv,0.03168696835983758,0.0176343254817936,,,,none,0,,,,14.918040712199096,630.1541070977255,0.023673638787988692,16,,,,46.29672125898651,13,,,,,,,1,0.5739137505741558,0.3320431534546358,1.0,,/home/asaleh/PycharmProjects/hdgfem/run_outputs/torsion_reduced_optimizer_numerical_tests/cases/coercivity-smooth_star-bf9b70d4a494/attempt_001/run,,run,/home/asaleh/PycharmProjects/hdgfem/run_outputs/torsion_reduced_optimizer_numerical_tests/cases/coercivity-smooth_star-bf9b70d4a494/attempt_001/run,0.022042906852242,0.0,gmres,cg,hypre,optimized,,,completed,,,,,,,,,,,,,,,,,cg,hypre,0.3319365260435487,sharp_indicator,,,False,138.77043123097974,1e-11,,,,None,,,,,,,300,2.2042906852242001e-07,2.2042906852242001e-07,,,,,,,,,,,,,,,,141.30522418022156,
,,,,,,,,,0.45,0.5,,0.0022395770356524736,,3638.0,,,,,,,,,,,,,,,,,,,,,,,,,,"[""draft"",""full""]",0,,,,,,,,,pde_failure,,,2.9802322387695312e-08,,,,,,,,,200000,,,,,,,,,,/home/asaleh/PycharmProjects/hdgfem/run_outputs/torsion_reduced_optimizer_numerical_tests/cases/coercivity-iter-00e414212819/attempt_001/run/out/equilibrium.npz,,,,1,,,,,,,,,,,,,,,,iter,,,,,,,,,,,,,,,,,,,,,,,,,,,,,,,,,,0.7999999999999999,9,376,9,197.4586333759944,18,,,,,,,coercivity-iter-00e414212819,,,,,,,,,,,,,,,,,,,,,,,,,,,,,,,,,,,,,,,,,,,,,,,,coercivity,13231.0,158.911722609977,32.66475052799797,,,,,,,,,,,,,,,,,,,,,,,,,,,,379,2.941405166939775e-13,,,True,,,,,,4,,0,0.0,0,0.0,1,46.640720814000815,1,197.48141743597807,,,1,0.08328698499826714,,,0,0.0,0,0.0,1,0.39686932900804095,1,0.7471954009961337,1,246.09394846399664,0,0.0,,,,,,,,,,,,,,,,,,,,,,,,,,,,,,,,,,,,,/home/asaleh/PycharmProjects/hdgfem/run_outputs/torsion_reduced_optimizer_numerical_tests/cases/coercivity-iter-00e414212819/attempt_001/run,,,,,,,,,failed,,,,,,,,,,,,,,,,,,,,,,,,246.09394846399664,,,,,,,,,,,,,,,,,,,,,,,,,,,,,,248.563716173172,
,,,,,,,,,0.6,0.7,,,0.7429934720130404,,,,,,,,,,,,,,,,,,,,,,,,,,,"[""draft"",""full""]",,,,,,,,,,stationarity_completed,,,,,,,,,/home/asaleh/PycharmProjects/hdgfem/run_outputs/torsion_reduced_optimizer_numerical_tests/cases/stationarity-smooth_star-6ce7055318b0/attempt_001/run/diagnostics.csv,1,,,,0.025,,,,,,,,/home/asaleh/PycharmProjects/hdgfem/run_outputs/torsion_reduced_optimizer_numerical_tests/cases/trajectory-smooth_star-d9d44c40e110/attempt_002/run/out/equilibrium.npz,,finest_reference,9.487521136994474,0,,,,,,,,,,,,,,0.1,,smooth_star,,,0.0,0.0,,,,,,,,,,,,,,,,,,,,,,,,,,,,,,,,,,,,,,,,,,stationarity-smooth_star-6ce7055318b0,,,,,,,,,,,,,,,,,,,,,,,,,,,,,,,,,,,,,,,,,,,,,,,,stationarity,,,,,,,,0.7429934720130404,,,,,,,,,,,,,,,,,,,,,,,,,,,,,,,,,4,,,,,,,,,,,,,,,,,,,,,,,,,,,,,,,,,,,,,,5.747293782932804e-11,1.2328136970674741e-11,"[""iterative"",""mumps""]",,,,,,8,,,,,,,,,,,,,,,,,,/home/asaleh/PycharmProjects/hdgfem/run_outputs/torsion_reduced_optimizer_numerical_tests/cases/stationarity-smooth_star-6ce7055318b0/attempt_001/run,,,,,,,optimized,,completed,0.02737628770161648,0.04204306224540901,0.01313855536781482,2.63553802379264e-11,0.5797736804052342,3.014091704782304e-13,0.04981786262318148,0.0,0.0008984319540464763,0.00863276621159284,0.9989515514053207,-0.0026339507187955183,4,0.1,,4,,,,,,,,,,,,,,,,,,0,"[""iterative"",""mumps""]",,,,,,,,,,,,,,,,,,,21.023521423339844,
,,,,,,,,,0.6,0.7,,,0.6902104308392154,,,,,,,,,,,,,,,,,,,,,,,,,,,"[""draft"",""full""]",,,,,,,,,,stationarity_completed,,,,,,,,,/home/asaleh/PycharmProjects/hdgfem/run_outputs/torsion_reduced_optimizer_numerical_tests/cases/stationarity-smooth_star-38dd724eb893/attempt_001/run/diagnostics.csv,1,,,,0.0125,,,,,,,,/home/asaleh/PycharmProjects/hdgfem/run_outputs/torsion_reduced_optimizer_numerical_tests/cases/trajectory-smooth_star-d9d44c40e110/attempt_002/run/out/equilibrium.npz,,finest_reference,10.99758699501399,0,,,,,,,,,,,,,,0.1,,smooth_star,,,0.0,0.0,,,,,,,,,,,,,,,,,,,,,,,,,,,,,,,,,,,,,,,,,,stationarity-smooth_star-38dd724eb893,,,,,,,,,,,,,,,,,,,,,,,,,,,,,,,,,,,,,,,,,,,,,,,,stationarity,,,,,,,,0.6857382905000122,,,,,,,,,,,,,,,,,,,,,,,,,,,,,,,,,4,,,,,,,,,,,,,,,,,,,,,,,,,,,,,,,,,,,,,,5.747293782932804e-11,1.2328136970674741e-11,"[""iterative"",""mumps""]",,,,,,8,,,,,,,,,,,,,,,,,,/home/asaleh/PycharmProjects/hdgfem/run_outputs/torsion_reduced_optimizer_numerical_tests/cases/stationarity-smooth_star-38dd724eb893/attempt_001/run,,,,,,,optimized,,completed,0.030024048529564015,0.046109354012710276,0.013138555367671438,1.5442320911906078e-11,0.5797736804049071,-2.6291918110966347e-13,0.04981786262244714,0.0,0.0009675062782566019,0.00918399886562754,0.9991923182918997,-0.0028276704117048282,8,0.09999999999999999,,8,,,,,,,,,,,,,,,,,,0,"[""iterative"",""mumps""]",,,,,,,,,,,,,,,,,,,21.72399878501892,
,,,,,,,,,0.6,0.7,,,,,,,,,,,,,,,,,,,,,,,,,,,,,,"[""full""]",,,,,,,,,,incomplete,,,,,,,,,,,,,,0.025,,,,,,,,,,finest_reference,,,,,,,,,,,,,,,,0.1,,pacman,,,,,,,,,,,,,,,,,,,,,,,,,,,,,,,,,,,,,,,,,,,,,,stationarity-pacman-34b73dd29b2e,,,,,,,,,,,,,,,,,,,,,,,,,,,,,,,,,,,,,,,,,,,,,,,,stationarity,,,,,,,,,,,,,,,,,,,,,,,,,,,,,,,,,,,,,,,,,4,,,,,,,,,,,,,,,,,,,,,,,,,,,,,,,,,,,,,,,,,,,,,,,,,,,,,,,,,,,,,,,,,,,,,,,,,planned,,,,,,,,,,,,,,,,,,,,,,,,,,,,,,,,,,,,,,,,,,,,,,,,,,,,,,,
,,,,,,,,,0.6,0.7,,,,,,,,,,,,,,,,,,,,,,,,,,,,,,"[""full""]",,,,,,,,,,incomplete,,,,,,,,,,,,,,0.0125,,,,,,,,,,finest_reference,,,,,,,,,,,,,,,,0.1,,pacman,,,,,,,,,,,,,,,,,,,,,,,,,,,,,,,,,,,,,,,,,,,,,,stationarity-pacman-53ba635dfc24,,,,,,,,,,,,,,,,,,,,,,,,,,,,,,,,,,,,,,,,,,,,,,,,stationarity,,,,,,,,,,,,,,,,,,,,,,,,,,,,,,,,,,,,,,,,,4,,,,,,,,,,,,,,,,,,,,,,,,,,,,,,,,,,,,,,,,,,,,,,,,,,,,,,,,,,,,,,,,,,,,,,,,,planned,,,,,,,,,,,,,,,,,,,,,,,,,,,,,,,,,,,,,,,,,,,,,,,,,,,,,,,
,,,,,,,,,0.6,0.7,,,,,,,,,,,,,,,,,,,,,,,,,,,,,,"[""full""]",,,,,,,,,,incomplete,,,,,,,,,,,,,,0.025,,,,,,,,,,finest_reference,,,,,,,,,,,,,,,,0.1,,horseshoe,,,,,,,,,,,,,,,,,,,,,,,,,,,,,,,,,,,,,,,,,,,,,,stationarity-horseshoe-dff20fbe724a,,,,,,,,,,,,,,,,,,,,,,,,,,,,,,,,,,,,,,,,,,,,,,,,stationarity,,,,,,,,,,,,,,,,,,,,,,,,,,,,,,,,,,,,,,,,,4,,,,,,,,,,,,,,,,,,,,,,,,,,,,,,,,,,,,,,,,,,,,,,,,,,,,,,,,,,,,,,,,,,,,,,,,,planned,,,,,,,,,,,,,,,,,,,,,,,,,,,,,,,,,,,,,,,,,,,,,,,,,,,,,,,
,,,,,,,,,0.6,0.7,,,,,,,,,,,,,,,,,,,,,,,,,,,,,,"[""full""]",,,,,,,,,,incomplete,,,,,,,,,,,,,,0.0125,,,,,,,,,,finest_reference,,,,,,,,,,,,,,,,0.1,,horseshoe,,,,,,,,,,,,,,,,,,,,,,,,,,,,,,,,,,,,,,,,,,,,,,stationarity-horseshoe-9836b2a65779,,,,,,,,,,,,,,,,,,,,,,,,,,,,,,,,,,,,,,,,,,,,,,,,stationarity,,,,,,,,,,,,,,,,,,,,,,,,,,,,,,,,,,,,,,,,,4,,,,,,,,,,,,,,,,,,,,,,,,,,,,,,,,,,,,,,,,,,,,,,,,,,,,,,,,,,,,,,,,,,,,,,,,,planned,,,,,,,,,,,,,,,,,,,,,,,,,,,,,,,,,,,,,,,,,,,,,,,,,,,,,,,
,,,,,,,,,0.6,0.7,,,,,,,,,,,,,,,,,,,,,,,,,,,,,,"[""full""]",,,,,,,,,,incomplete,,,,,,,,,,,,,,0.025,,,,,,,,,,finest_reference,,,,,,,,,,,,,,,,0.1,,iter,,,,,,,,,,,,,,,,,,,,,,,,,,,,,,,,,,,,,,,,,,,,,,stationarity-iter-c8762717e670,,,,,,,,,,,,,,,,,,,,,,,,,,,,,,,,,,,,,,,,,,,,,,,,stationarity,,,,,,,,,,,,,,,,,,,,,,,,,,,,,,,,,,,,,,,,,4,,,,,,,,,,,,,,,,,,,,,,,,,,,,,,,,,,,,,,,,,,,,,,,,,,,,,,,,,,,,,,,,,,,,,,,,,planned,,,,,,,,,,,,,,,,,,,,,,,,,,,,,,,,,,,,,,,,,,,,,,,,,,,,,,,
,,,,,,,,,0.6,0.7,,,,,,,,,,,,,,,,,,,,,,,,,,,,,,"[""full""]",,,,,,,,,,incomplete,,,,,,,,,,,,,,0.0125,,,,,,,,,,finest_reference,,,,,,,,,,,,,,,,0.1,,iter,,,,,,,,,,,,,,,,,,,,,,,,,,,,,,,,,,,,,,,,,,,,,,stationarity-iter-a81f41bac8ea,,,,,,,,,,,,,,,,,,,,,,,,,,,,,,,,,,,,,,,,,,,,,,,,stationarity,,,,,,,,,,,,,,,,,,,,,,,,,,,,,,,,,,,,,,,,,4,,,,,,,,,,,,,,,,,,,,,,,,,,,,,,,,,,,,,,,,,,,,,,,,,,,,,,,,,,,,,,,,,,,,,,,,,planned,,,,,,,,,,,,,,,,,,,,,,,,,,,,,,,,,,,,,,,,,,,,,,,,,,,,,,,
,,,,,,,,,0.45,0.5,,,0.7509275504999096,,,,,,,,,,,,,,,,,,,,,,,,,,,"[""draft"",""full""]",,,,,,,,,,stationarity_completed,,,,,,,,,/home/asaleh/PycharmProjects/hdgfem/run_outputs/torsion_reduced_optimizer_numerical_tests/cases/stationarity-smooth_star-1b85efeba822/attempt_001/run/diagnostics.csv,1,,,,0.025,,,,,,,,/home/asaleh/PycharmProjects/hdgfem/run_outputs/torsion_reduced_optimizer_numerical_tests/cases/trajectory-smooth_star-4ee334333e4c/attempt_002/run/out/equilibrium.npz,,finest_reference_difficult,8.721738635009388,0,,,,,,,,,,,,,,0.1,,smooth_star,,,0.0,0.0,,,,,,,,,,,,,,,,,,,,,,,,,,,,,,,,,,,,,,,,,,stationarity-smooth_star-1b85efeba822,,,,,,,,,,,,,,,,,,,,,,,,,,,,,,,,,,,,,,,,,,,,,,,,stationarity,,,,,,,,0.7509275504999096,,,,,,,,,,,,,,,,,,,,,,,,,,,,,,,,,4,,,,,,,,,,,,,,,,,,,,,,,,,,,,,,,,,,,,,,6.96680888716278e-11,1.4785522322749452e-11,"[""iterative"",""mumps""]",,,,,,8,,,,,,,,,,,,,,,,,,/home/asaleh/PycharmProjects/hdgfem/run_outputs/torsion_reduced_optimizer_numerical_tests/cases/stationarity-smooth_star-1b85efeba822/attempt_001/run,,,,,,,optimized,,completed,0.10547107121290915,0.22933766618245155,0.0020701987040516994,1.2320784432944201e-09,0.2959644764687154,2.993460513308561e-13,0.014858356290387719,0.0,0.00718682964139071,0.04788530492611484,1.0586829002528861,-0.06239256433843794,4,0.1,,4,,,,,,,,,,,,,,,,,,0,"[""iterative"",""mumps""]",,,,,,,,,,,,,,,,,,,19.479477882385254,
,,,,,,,,,0.45,0.5,,,0.6148754365082519,,,,,,,,,,,,,,,,,,,,,,,,,,,"[""draft"",""full""]",,,,,,,,,,stationarity_completed,,,,,,,,,/home/asaleh/PycharmProjects/hdgfem/run_outputs/torsion_reduced_optimizer_numerical_tests/cases/stationarity-smooth_star-ec7534f2197c/attempt_001/run/diagnostics.csv,1,,,,0.0125,,,,,,,,/home/asaleh/PycharmProjects/hdgfem/run_outputs/torsion_reduced_optimizer_numerical_tests/cases/trajectory-smooth_star-4ee334333e4c/attempt_002/run/out/equilibrium.npz,,finest_reference_difficult,9.53586524000275,0,,,,,,,,,,,,,,0.1,,smooth_star,,,0.0,0.0,,,,,,,,,,,,,,,,,,,,,,,,,,,,,,,,,,,,,,,,,,stationarity-smooth_star-ec7534f2197c,,,,,,,,,,,,,,,,,,,,,,,,,,,,,,,,,,,,,,,,,,,,,,,,stationarity,,,,,,,,0.6164504060143372,,,,,,,,,,,,,,,,,,,,,,,,,,,,,,,,,4,,,,,,,,,,,,,,,,,,,,,,,,,,,,,,,,,,,,,,6.966801361457406e-11,1.4786040196809535e-11,"[""iterative"",""mumps""]",,,,,,8,,,,,,,,,,,,,,,,,,/home/asaleh/PycharmProjects/hdgfem/run_outputs/torsion_reduced_optimizer_numerical_tests/cases/stationarity-smooth_star-ec7534f2197c/attempt_001/run,,,,,,,optimized,,completed,0.10900674579564142,0.23702568288560594,0.0020701987028880382,6.699772399370425e-10,0.2959644764686464,6.620874443596002e-14,0.014858356268311158,0.0,0.007459560584820914,0.04941802966480695,1.0595494814957789,-0.0636585942059623,8,0.09999999999999999,,8,,,,,,,,,,,,,,,,,,0,"[""iterative"",""mumps""]",,,,,,,,,,,,,,,,,,,20.28203272819519,
,,,,,,,,,0.6,0.7,,,0.6045914452196384,,,,,,,,,,,,,,,,,,,,,,,,,,,"[""draft"",""full""]",,,,,,,,,,stationarity_completed,,,,,,,,,/home/asaleh/PycharmProjects/hdgfem/run_outputs/torsion_reduced_optimizer_numerical_tests/cases/stationarity_flagship-smooth_star-65e498420564/attempt_001/run/diagnostics.csv,1,,,,0.025,,,,,,,,/home/asaleh/PycharmProjects/hdgfem/run_outputs/torsion_reduced_optimizer_numerical_tests/cases/trajectory-smooth_star-d9d44c40e110/attempt_002/run/out/equilibrium.npz,,finest_reference,17.018550707987742,0,,,,,,,,,,,,,,0.5,,smooth_star,,,0.0,0.0,,,,,,,,,,,,,,,,,,,,,,,,,,,,,,,,,,,,,,,,,,stationarity_flagship-smooth_star-65e498420564,,,,,,,,,,,,,,,,,,,,,,,,,,,,,,,,,,,,,,,,,,,,,,,,stationarity_flagship,,,,,,,,0.5985960569960298,,,,,,,,,,,,,,,,,,,,,,,,,,,,,,,,,4,,,,,,,,,,,,,,,,,,,,,,,,,,,,,,,,,,,,,,5.747293782932804e-11,1.2328136970674741e-11,"[""iterative"",""mumps""]",,,,,,8,,,,,,,,,,,,,,,,,,/home/asaleh/PycharmProjects/hdgfem/run_outputs/torsion_reduced_optimizer_numerical_tests/cases/stationarity_flagship-smooth_star-65e498420564/attempt_001/run,,,,,,,optimized,,completed,0.043365666429051576,0.06659870881188189,0.013138555367764284,2.2508993562319363e-11,0.5797736804055857,9.076743761542643e-13,0.04981786266248862,0.0,0.0022538082510518464,0.016827120339464097,1.0063846957144527,-0.011336224404792575,20,0.5000000000000001,,20,,,,,,,,,,,,,,,,,,0,"[""iterative"",""mumps""]",,,,,,,,,,,,,,,,,,,27.70471477508545,
,,,,,"[""fixed_anchor""]",,,,0.05,0.25,,,,,,,,,,,,,,,,,,,,,,,,,,,,,,"[""full""]",,,,,,,,,,incomplete,,,,,,,,,,,,700000,,,,,,,,,,,,,,,,,,,,,,,,,,,,,,smooth_star,,,,,,,,,,,,,,,,,,,,,,,,,,,,,,,,,,,,,,,,,,,,,,fine_confirmation-smooth_star-093f97c85af7,,,,,,,,,,,,,,,,,,,,,,,,,,,,,,,,,,,,,,,,,,,,,,,,fine_confirmation,,,,,,,,,,,,,,,,,,,,,,,,,,,,,,,,,,,,,,,,,4,,,,,,,,,,,,,,,,,,,,,,,,,,,,,,,,,,,,,,,,,,,,,,,,,,,,,,,,,,,,,,,,,,,,,,,,,planned,,,,,,,,,,,,,,,,,,,,,,,,,,,,,,,,,,,,,,,,,,,,,,,,,,,,,,,
,,,,,"[""fixed_anchor""]",,,,0.45,0.5,,,,,,,,,,,,,,,,,,,,,,,,,,,,,,"[""full""]",,,,,,,,,,incomplete,,,,,,,,,,,,700000,,,,,,,,,,,,,,,,,,,,,,,,,,,,,,smooth_star,,,,,,,,,,,,,,,,,,,,,,,,,,,,,,,,,,,,,,,,,,,,,,fine_confirmation-smooth_star-a50a8629a9ff,,,,,,,,,,,,,,,,,,,,,,,,,,,,,,,,,,,,,,,,,,,,,,,,fine_confirmation,,,,,,,,,,,,,,,,,,,,,,,,,,,,,,,,,,,,,,,,,4,,,,,,,,,,,,,,,,,,,,,,,,,,,,,,,,,,,,,,,,,,,,,,,,,,,,,,,,,,,,,,,,,,,,,,,,,planned,,,,,,,,,,,,,,,,,,,,,,,,,,,,,,,,,,,,,,,,,,,,,,,,,,,,,,,
,,,,,"[""fixed_anchor"",""worst_success""]",,,,0.6,0.7,,,,,,,,,,,,,,,,,,,,,,,,,,,,,,"[""full""]",,,,,,,,,,incomplete,,,,,,,,,,,,700000,,,,,,,,,,,,,,,,,,,,,,,,,,,,,,smooth_star,,,,,,,,,,,,,,,,,,,,,,,,,,,,,,,,,,,,,,,,,,,,,,fine_confirmation-smooth_star-799e9695ea77,,,,,,,,,,,,,,,,,,,,,,,,,,,,,,,,,,,,,,,,,,,,,,,,fine_confirmation,,,,,,,,,,,,,,,,,,,,,,,,,,,,,,,,,,,,,,,,,4,,,,,,,,,,,,,,,,,,,,,,,,,,,,,,,,,,,,,,,,,,,,,,,,,,,,,,,,,,,,,,,,,,,,,,,,,planned,,,,,,,,,,,,,,,,,,,,,,,,,,,,,,,,,,,,,,,,,,,,,,,,,,,,,,,
,,,,,"[""fixed_anchor""]",,,,0.75,0.95,,,,,,,,,,,,,,,,,,,,,,,,,,,,,,"[""full""]",,,,,,,,,,incomplete,,,,,,,,,,,,700000,,,,,,,,,,,,,,,,,,,,,,,,,,,,,,smooth_star,,,,,,,,,,,,,,,,,,,,,,,,,,,,,,,,,,,,,,,,,,,,,,fine_confirmation-smooth_star-7761010cc6cc,,,,,,,,,,,,,,,,,,,,,,,,,,,,,,,,,,,,,,,,,,,,,,,,fine_confirmation,,,,,,,,,,,,,,,,,,,,,,,,,,,,,,,,,,,,,,,,,4,,,,,,,,,,,,,,,,,,,,,,,,,,,,,,,,,,,,,,,,,,,,,,,,,,,,,,,,,,,,,,,,,,,,,,,,,planned,,,,,,,,,,,,,,,,,,,,,,,,,,,,,,,,,,,,,,,,,,,,,,,,,,,,,,,
,,,,,"[""fixed_anchor""]",,,,0.05,0.25,,,,,,,,,,,,,,,,,,,,,,,,,,,,,,"[""full""]",,,,,,,,,,incomplete,,,,,,,,,,,,500000,,,,,,,,,,,,,,,,,,,,,,,,,,,,,,pacman,,,,,,,,,,,,,,,,,,,,,,,,,,,,,,,,,,,,,,,,,,,,,,fine_confirmation-pacman-647cf85f137d,,,,,,,,,,,,,,,,,,,,,,,,,,,,,,,,,,,,,,,,,,,,,,,,fine_confirmation,,,,,,,,,,,,,,,,,,,,,,,,,,,,,,,,,,,,,,,,,4,,,,,,,,,,,,,,,,,,,,,,,,,,,,,,,,,,,,,,,,,,,,,,,,,,,,,,,,,,,,,,,,,,,,,,,,,planned,,,,,,,,,,,,,,,,,,,,,,,,,,,,,,,,,,,,,,,,,,,,,,,,,,,,,,,
,,,,,"[""fixed_anchor""]",,,,0.45,0.5,,,,,,,,,,,,,,,,,,,,,,,,,,,,,,"[""full""]",,,,,,,,,,incomplete,,,,,,,,,,,,500000,,,,,,,,,,,,,,,,,,,,,,,,,,,,,,pacman,,,,,,,,,,,,,,,,,,,,,,,,,,,,,,,,,,,,,,,,,,,,,,fine_confirmation-pacman-48b85b7ffdca,,,,,,,,,,,,,,,,,,,,,,,,,,,,,,,,,,,,,,,,,,,,,,,,fine_confirmation,,,,,,,,,,,,,,,,,,,,,,,,,,,,,,,,,,,,,,,,,4,,,,,,,,,,,,,,,,,,,,,,,,,,,,,,,,,,,,,,,,,,,,,,,,,,,,,,,,,,,,,,,,,,,,,,,,,planned,,,,,,,,,,,,,,,,,,,,,,,,,,,,,,,,,,,,,,,,,,,,,,,,,,,,,,,
,,,,,"[""fixed_anchor""]",,,,0.6,0.7,,,,,,,,,,,,,,,,,,,,,,,,,,,,,,"[""full""]",,,,,,,,,,incomplete,,,,,,,,,,,,500000,,,,,,,,,,,,,,,,,,,,,,,,,,,,,,pacman,,,,,,,,,,,,,,,,,,,,,,,,,,,,,,,,,,,,,,,,,,,,,,fine_confirmation-pacman-8128f420bef6,,,,,,,,,,,,,,,,,,,,,,,,,,,,,,,,,,,,,,,,,,,,,,,,fine_confirmation,,,,,,,,,,,,,,,,,,,,,,,,,,,,,,,,,,,,,,,,,4,,,,,,,,,,,,,,,,,,,,,,,,,,,,,,,,,,,,,,,,,,,,,,,,,,,,,,,,,,,,,,,,,,,,,,,,,planned,,,,,,,,,,,,,,,,,,,,,,,,,,,,,,,,,,,,,,,,,,,,,,,,,,,,,,,
,,,,,"[""fixed_anchor""]",,,,0.75,0.95,,,,,,,,,,,,,,,,,,,,,,,,,,,,,,"[""full""]",,,,,,,,,,incomplete,,,,,,,,,,,,500000,,,,,,,,,,,,,,,,,,,,,,,,,,,,,,pacman,,,,,,,,,,,,,,,,,,,,,,,,,,,,,,,,,,,,,,,,,,,,,,fine_confirmation-pacman-cdd4467802da,,,,,,,,,,,,,,,,,,,,,,,,,,,,,,,,,,,,,,,,,,,,,,,,fine_confirmation,,,,,,,,,,,,,,,,,,,,,,,,,,,,,,,,,,,,,,,,,4,,,,,,,,,,,,,,,,,,,,,,,,,,,,,,,,,,,,,,,,,,,,,,,,,,,,,,,,,,,,,,,,,,,,,,,,,planned,,,,,,,,,,,,,,,,,,,,,,,,,,,,,,,,,,,,,,,,,,,,,,,,,,,,,,,
,,,,,"[""fixed_anchor""]",,,,0.05,0.25,,,,,,,,,,,,,,,,,,,,,,,,,,,,,,"[""full""]",,,,,,,,,,incomplete,,,,,,,,,,,,500000,,,,,,,,,,,,,,,,,,,,,,,,,,,,,,horseshoe,,,,,,,,,,,,,,,,,,,,,,,,,,,,,,,,,,,,,,,,,,,,,,fine_confirmation-horseshoe-b966709961fa,,,,,,,,,,,,,,,,,,,,,,,,,,,,,,,,,,,,,,,,,,,,,,,,fine_confirmation,,,,,,,,,,,,,,,,,,,,,,,,,,,,,,,,,,,,,,,,,4,,,,,,,,,,,,,,,,,,,,,,,,,,,,,,,,,,,,,,,,,,,,,,,,,,,,,,,,,,,,,,,,,,,,,,,,,planned,,,,,,,,,,,,,,,,,,,,,,,,,,,,,,,,,,,,,,,,,,,,,,,,,,,,,,,
,,,,,"[""fixed_anchor""]",,,,0.45,0.5,,,,,,,,,,,,,,,,,,,,,,,,,,,,,,"[""full""]",,,,,,,,,,incomplete,,,,,,,,,,,,500000,,,,,,,,,,,,,,,,,,,,,,,,,,,,,,horseshoe,,,,,,,,,,,,,,,,,,,,,,,,,,,,,,,,,,,,,,,,,,,,,,fine_confirmation-horseshoe-f3f8505c355e,,,,,,,,,,,,,,,,,,,,,,,,,,,,,,,,,,,,,,,,,,,,,,,,fine_confirmation,,,,,,,,,,,,,,,,,,,,,,,,,,,,,,,,,,,,,,,,,4,,,,,,,,,,,,,,,,,,,,,,,,,,,,,,,,,,,,,,,,,,,,,,,,,,,,,,,,,,,,,,,,,,,,,,,,,planned,,,,,,,,,,,,,,,,,,,,,,,,,,,,,,,,,,,,,,,,,,,,,,,,,,,,,,,
,,,,,"[""fixed_anchor""]",,,,0.6,0.7,,,,,,,,,,,,,,,,,,,,,,,,,,,,,,"[""full""]",,,,,,,,,,incomplete,,,,,,,,,,,,500000,,,,,,,,,,,,,,,,,,,,,,,,,,,,,,horseshoe,,,,,,,,,,,,,,,,,,,,,,,,,,,,,,,,,,,,,,,,,,,,,,fine_confirmation-horseshoe-e2b9941a19e1,,,,,,,,,,,,,,,,,,,,,,,,,,,,,,,,,,,,,,,,,,,,,,,,fine_confirmation,,,,,,,,,,,,,,,,,,,,,,,,,,,,,,,,,,,,,,,,,4,,,,,,,,,,,,,,,,,,,,,,,,,,,,,,,,,,,,,,,,,,,,,,,,,,,,,,,,,,,,,,,,,,,,,,,,,planned,,,,,,,,,,,,,,,,,,,,,,,,,,,,,,,,,,,,,,,,,,,,,,,,,,,,,,,
,,,,,"[""fixed_anchor""]",,,,0.75,0.95,,,,,,,,,,,,,,,,,,,,,,,,,,,,,,"[""full""]",,,,,,,,,,incomplete,,,,,,,,,,,,500000,,,,,,,,,,,,,,,,,,,,,,,,,,,,,,horseshoe,,,,,,,,,,,,,,,,,,,,,,,,,,,,,,,,,,,,,,,,,,,,,,fine_confirmation-horseshoe-cf22fccc21bc,,,,,,,,,,,,,,,,,,,,,,,,,,,,,,,,,,,,,,,,,,,,,,,,fine_confirmation,,,,,,,,,,,,,,,,,,,,,,,,,,,,,,,,,,,,,,,,,4,,,,,,,,,,,,,,,,,,,,,,,,,,,,,,,,,,,,,,,,,,,,,,,,,,,,,,,,,,,,,,,,,,,,,,,,,planned,,,,,,,,,,,,,,,,,,,,,,,,,,,,,,,,,,,,,,,,,,,,,,,,,,,,,,,
,,,,,"[""fixed_anchor""]",,,,0.05,0.25,,,,,,,,,,,,,,,,,,,,,,,,,,,,,,"[""full""]",,,,,,,,,,incomplete,,,,,,,,,,,,500000,,,,,,,,,,,,,,,,,,,,,,,,,,,,,,iter,,,,,,,,,,,,,,,,,,,,,,,,,,,,,,,,,,,,,,,,,,,,,,fine_confirmation-iter-dc53292f25d1,,,,,,,,,,,,,,,,,,,,,,,,,,,,,,,,,,,,,,,,,,,,,,,,fine_confirmation,,,,,,,,,,,,,,,,,,,,,,,,,,,,,,,,,,,,,,,,,4,,,,,,,,,,,,,,,,,,,,,,,,,,,,,,,,,,,,,,,,,,,,,,,,,,,,,,,,,,,,,,,,,,,,,,,,,planned,,,,,,,,,,,,,,,,,,,,,,,,,,,,,,,,,,,,,,,,,,,,,,,,,,,,,,,
,,,,,"[""fixed_anchor""]",,,,0.45,0.5,,,,,,,,,,,,,,,,,,,,,,,,,,,,,,"[""full""]",,,,,,,,,,incomplete,,,,,,,,,,,,500000,,,,,,,,,,,,,,,,,,,,,,,,,,,,,,iter,,,,,,,,,,,,,,,,,,,,,,,,,,,,,,,,,,,,,,,,,,,,,,fine_confirmation-iter-243fbe5fc65a,,,,,,,,,,,,,,,,,,,,,,,,,,,,,,,,,,,,,,,,,,,,,,,,fine_confirmation,,,,,,,,,,,,,,,,,,,,,,,,,,,,,,,,,,,,,,,,,4,,,,,,,,,,,,,,,,,,,,,,,,,,,,,,,,,,,,,,,,,,,,,,,,,,,,,,,,,,,,,,,,,,,,,,,,,planned,,,,,,,,,,,,,,,,,,,,,,,,,,,,,,,,,,,,,,,,,,,,,,,,,,,,,,,
,,,,,"[""fixed_anchor""]",,,,0.6,0.7,,,,,,,,,,,,,,,,,,,,,,,,,,,,,,"[""full""]",,,,,,,,,,incomplete,,,,,,,,,,,,500000,,,,,,,,,,,,,,,,,,,,,,,,,,,,,,iter,,,,,,,,,,,,,,,,,,,,,,,,,,,,,,,,,,,,,,,,,,,,,,fine_confirmation-iter-0a0f19ba44dc,,,,,,,,,,,,,,,,,,,,,,,,,,,,,,,,,,,,,,,,,,,,,,,,fine_confirmation,,,,,,,,,,,,,,,,,,,,,,,,,,,,,,,,,,,,,,,,,4,,,,,,,,,,,,,,,,,,,,,,,,,,,,,,,,,,,,,,,,,,,,,,,,,,,,,,,,,,,,,,,,,,,,,,,,,planned,,,,,,,,,,,,,,,,,,,,,,,,,,,,,,,,,,,,,,,,,,,,,,,,,,,,,,,
,,,,,"[""fixed_anchor""]",,,,0.75,0.95,,,,,,,,,,,,,,,,,,,,,,,,,,,,,,"[""full""]",,,,,,,,,,incomplete,,,,,,,,,,,,500000,,,,,,,,,,,,,,,,,,,,,,,,,,,,,,iter,,,,,,,,,,,,,,,,,,,,,,,,,,,,,,,,,,,,,,,,,,,,,,fine_confirmation-iter-6d81877f83b0,,,,,,,,,,,,,,,,,,,,,,,,,,,,,,,,,,,,,,,,,,,,,,,,fine_confirmation,,,,,,,,,,,,,,,,,,,,,,,,,,,,,,,,,,,,,,,,,4,,,,,,,,,,,,,,,,,,,,,,,,,,,,,,,,,,,,,,,,,,,,,,,,,,,,,,,,,,,,,,,,,,,,,,,,,planned,,,,,,,,,,,,,,,,,,,,,,,,,,,,,,,,,,,,,,,,,,,,,,,,,,,,,,,
,,,,,,,,,0.6,0.7,,,,,,,,,,,,,,,,,,,,,,,,,,,0.28064453654282495,,0.32741862596662913,"[""draft"",""full""]",,,,,,,,,,overview_completed,,,,,,,,,,,,200000,,,,,,,,0.003741927153904334,,,,,,0,,,,,,,,,,,,,,,hdgfem_torsion_optimizer_geometry_overview_v1,smooth_star,,,,,,,,,,,,,,,,,,,,,,,,,,,,,,,,,,,,,,,,,,,,,,geometry_overview-smooth_star-36b553a559f3,,,,,,,,,,,,,,,,,,,,,,,,,,,,,,,,,,,,,,,,,,,,,,,,geometry_overview,,,,,,,,,/home/asaleh/PycharmProjects/hdgfem/run_outputs/torsion_reduced_optimizer_numerical_tests/meshes/smooth_star-p4-dof200000.msh,,,,,,,,,,,,,,,,,,,,,,,,,,,,,,24713,198603,4,,,,,,,,,,,,,,,,,,,,,,,,,,,,,,,,,,,,,,,,,,,,,,,,,,,,,,,,,,,,,,,,/home/asaleh/PycharmProjects/hdgfem/run_outputs/torsion_reduced_optimizer_numerical_tests/cases/geometry_overview-smooth_star-36b553a559f3/attempt_002/run,,,,,,,,,completed,,,,,,,,,,,,,,,OVERVIEW_COMPLETE,,,,,,0.6087154232497625,0.049854213682573666,,,,0.4677408942380416,3.5598058180039516,/home/asaleh/PycharmProjects/hdgfem/run_outputs/torsion_reduced_optimizer_numerical_tests/cases/geometry_overview-smooth_star-36b553a559f3/attempt_002/run/out/overview.npz,/home/asaleh/PycharmProjects/hdgfem/run_outputs/torsion_reduced_optimizer_numerical_tests/cases/geometry_overview-smooth_star-36b553a559f3/attempt_002/run/out/overview.npz,,,,,,,,,,,,,,,,,,,,,,,,,5.302815675735474,
,,,,,,,,,0.6,0.7,,,,,,,,,,,,,,,,,,,,,,,,,,,0.0426624126846101,,0.04977281479871178,"[""draft"",""full""]",,,,,,,,,,overview_completed,,,,,,,,,,,,200000,,,,,,,,0.0005688321691281345,,,,,,0,,,,,,,,,,,,,,,hdgfem_torsion_optimizer_geometry_overview_v1,pacman,,,,,,,,,,,,,,,,,,,,,,,,,,,,,,,,,,,,,,,,,,,,,,geometry_overview-pacman-577795cdf06a,,,,,,,,,,,,,,,,,,,,,,,,,,,,,,,,,,,,,,,,,,,,,,,,geometry_overview,,,,,,,,,/home/asaleh/PycharmProjects/hdgfem/run_outputs/torsion_reduced_optimizer_numerical_tests/meshes/pacman-p4-dof200000.msh,,,,,,,,,,,,,,,,,,,,,,,,,,,,,,24616,198109,4,,,,,,,,,,,,,,,,,,,,,,,,,,,,,,,,,,,,,,,,,,,,,,,,,,,,,,,,,,,,,,,,/home/asaleh/PycharmProjects/hdgfem/run_outputs/torsion_reduced_optimizer_numerical_tests/cases/geometry_overview-pacman-577795cdf06a/attempt_002/run,,,,,,,,,completed,,,,,,,,,,,,,,,OVERVIEW_COMPLETE,,,,,,0.238694723802877,0.009381101417049035,,,,0.07110402114101684,2.4280272269970737,/home/asaleh/PycharmProjects/hdgfem/run_outputs/torsion_reduced_optimizer_numerical_tests/cases/geometry_overview-pacman-577795cdf06a/attempt_002/run/out/overview.npz,/home/asaleh/PycharmProjects/hdgfem/run_outputs/torsion_reduced_optimizer_numerical_tests/cases/geometry_overview-pacman-577795cdf06a/attempt_002/run/out/overview.npz,,,,,,,,,,,,,,,,,,,,,,,,,4.042152404785156,
,,,,,,,,,0.6,0.7,,,,,,,,,,,,,,,,,,,,,,,,,,,0.03672833660307505,,0.04284972603692089,"[""draft"",""full""]",,,,,,,,,,overview_completed,,,,,,,,,,,,200000,,,,,,,,0.0004897111547076671,,,,,,0,,,,,,,,,,,,,,,hdgfem_torsion_optimizer_geometry_overview_v1,horseshoe,,,,,,,,,,,,,,,,,,,,,,,,,,,,,,,,,,,,,,,,,,,,,,geometry_overview-horseshoe-883c90f2ddab,,,,,,,,,,,,,,,,,,,,,,,,,,,,,,,,,,,,,,,,,,,,,,,,geometry_overview,,,,,,,,,/home/asaleh/PycharmProjects/hdgfem/run_outputs/torsion_reduced_optimizer_numerical_tests/meshes/horseshoe-p4-dof200000.msh,,,,,,,,,,,,,,,,,,,,,,,,,,,,,,24666,198529,4,,,,,,,,,,,,,,,,,,,,,,,,,,,,,,,,,,,,,,,,,,,,,,,,,,,,,,,,,,,,,,,,/home/asaleh/PycharmProjects/hdgfem/run_outputs/torsion_reduced_optimizer_numerical_tests/cases/geometry_overview-horseshoe-883c90f2ddab/attempt_002/run,,,,,,,,,completed,,,,,,,,,,,,,,,OVERVIEW_COMPLETE,,,,,,0.2966925314889658,0.01049561411976171,,,,0.06121389433845841,2.543340274991351,/home/asaleh/PycharmProjects/hdgfem/run_outputs/torsion_reduced_optimizer_numerical_tests/cases/geometry_overview-horseshoe-883c90f2ddab/attempt_002/run/out/overview.npz,/home/asaleh/PycharmProjects/hdgfem/run_outputs/torsion_reduced_optimizer_numerical_tests/cases/geometry_overview-horseshoe-883c90f2ddab/attempt_002/run/out/overview.npz,,,,,,,,,,,,,,,,,,,,,,,,,4.276062726974487,
,,,,,,,,,0.6,0.7,,,,,,,,,,,,,,,,,,,,,,,,,,,1.1605468091637847,,1.3539712773577488,"[""draft"",""full""]",,,,,,,,,,overview_completed,,,,,,,,,,,,200000,,,,,,,,0.015473957455517127,,,,,,0,,,,,,,,,,,,,,,hdgfem_torsion_optimizer_geometry_overview_v1,iter,,,,,,,,,,,,,,,,,,,,,,,,,,,,,,,,,,,,,,,,,,,,,,geometry_overview-iter-436fa1b2171a,,,,,,,,,,,,,,,,,,,,,,,,,,,,,,,,,,,,,,,,,,,,,,,,geometry_overview,,,,,,,,,/home/asaleh/PycharmProjects/hdgfem/run_outputs/torsion_reduced_optimizer_numerical_tests/meshes/iter-p4-dof200000.msh,,,,,,,,,,,,,,,,,,,,,,,,,,,,,,24430,196369,4,,,,,,,,,,,,,,,,,,,,,,,,,,,,,,,,,,,,,,,,,,,,,,,,,,,,,,,,,,,,,,,,/home/asaleh/PycharmProjects/hdgfem/run_outputs/torsion_reduced_optimizer_numerical_tests/cases/geometry_overview-iter-436fa1b2171a/attempt_002/run,,,,,,,,,completed,,,,,,,,,,,,,,,OVERVIEW_COMPLETE,,,,,,2.9622115899709494,0.241321618296555,,,,1.9342446819396413,3.2366282169969054,/home/asaleh/PycharmProjects/hdgfem/run_outputs/torsion_reduced_optimizer_numerical_tests/cases/geometry_overview-iter-436fa1b2171a/attempt_002/run/out/overview.npz,/home/asaleh/PycharmProjects/hdgfem/run_outputs/torsion_reduced_optimizer_numerical_tests/cases/geometry_overview-iter-436fa1b2171a/attempt_002/run/out/overview.npz,,,,,,,,,,,,,,,,,,,,,,,,,4.963147878646851,
,,,,,,,,,0.6,0.7,,0.001838991927797906,,2939.0,,,,,,,,,,,,,,,,,,,,,,,,,,"[""draft"",""full""]",0,,,,,,,,,pde_failure,,,2.9802322387695312e-08,,,,,,,,,200000,,,,,,,,,,/home/asaleh/PycharmProjects/hdgfem/run_outputs/torsion_reduced_optimizer_numerical_tests/cases/trajectory-horseshoe-2d70b6ab8bf2/attempt_002/run/out/equilibrium.npz,,,,1,,,,,,,,,,,,,,,,horseshoe,,,,,,,,,,,,,,,,,,,,,,,,,,,,,,,,,,0.30000000000000004,4,306,9,105.73568984898156,13,,,,,,,trajectory-horseshoe-2d70b6ab8bf2,,,,,,,,,,,,,,,,,,,,,,,,,,,,,,,,,,,,,,,,,,,,,,,,trajectory,4497.0,73.80504157899122,28.244361470045988,,,,,,,,,,,,,,,,,,,,,,,,,,,,313,2.21519871245743e-13,,,,,,,,,4,,0,0.0,0,0.0,1,44.68366783199599,1,105.9224613510014,,,1,0.08998861999134533,,,0,0.0,0,0.0,1,0.20062352999229915,1,0.31942411500494927,1,152.71192592299485,0,0.0,,,,,,,,,,,,,,,,,,,,,,,,,,,,,,,,,,,,,/home/asaleh/PycharmProjects/hdgfem/run_outputs/torsion_reduced_optimizer_numerical_tests/cases/trajectory-horseshoe-2d70b6ab8bf2/attempt_002/run,,,,,,,,,failed,,,,,,,,,,,,,,,,,,,,,,,,152.71192592299485,,,,,,1,,,,,,,,,,,,,,,,,,,,,,,,155.2396433353424,
,,,,,,,,,0.6,0.7,,0.0030910247151041403,,6099.0,,,,,,,,,,,,,,,,,,,,,,,,,,"[""draft"",""full""]",0,,,,,,,,,pde_failure,,,7.450580596923828e-09,,,,,,,,,200000,,,,,,,,,,/home/asaleh/PycharmProjects/hdgfem/run_outputs/torsion_reduced_optimizer_numerical_tests/cases/trajectory_rescue-horseshoe-aeafd218049f/attempt_001/run/out/equilibrium.npz,,,,1,,,,,,,,,,,,,,,,horseshoe,,,,,,,,,,,,,,,,,,,,,,,,,,,,,,,,,,0.25,7,449,10,168.99493416694168,17,,,,,,,trajectory_rescue-horseshoe-aeafd218049f,,,,,,,,,,,,,,,,,,,,,,,,,,,,,,,,,,,,,,,,,,,,,,,,trajectory_rescue,458.0,107.20959527525702,56.05534133402398,,,,,,,,,,,,,,,,,,,,,,,,,,,,458,9.530487285143728e-16,,,,,,,,,4,,0,0.0,0,0.0,1,45.14039920800133,1,169.2773254509957,,,1,0.08674135799810756,,,0,0.0,0,0.0,1,0.19457378699735273,1,0.3121683019999182,1,217.01220496700262,0,0.0,,,,,,,,,,,,,,,,,,,,,,,,,,,,small_steps_predictor,,,,,,,,,/home/asaleh/PycharmProjects/hdgfem/run_outputs/torsion_reduced_optimizer_numerical_tests/cases/trajectory_rescue-horseshoe-aeafd218049f/attempt_001/run,,,,,,,,,failed,,,,,,,,,,,,,,,,,,,,,,,,217.01220496700262,,,,,,1,,,,,,,,,,,,,,,,,,,,,,,,219.57184624671936,
,,,,,,,,,0.6,0.7,,0.0031836918933549896,,6826.0,,,,,,,,,,,,,,,,,,,,,,,,,,"[""draft"",""full""]",0,,,,,,,,,pde_failure,,,7.450580596923828e-09,,,,,,,,,200000,,,,,,,,,,/home/asaleh/PycharmProjects/hdgfem/run_outputs/torsion_reduced_optimizer_numerical_tests/cases/trajectory_rescue-horseshoe-36a04ba8a51c/attempt_001/run/out/equilibrium.npz,,,,1,,,,,,,,,,,,,,,,horseshoe,,,,,,,,,,,,,,,,,,,,,,,,,,,,,,,,,,0.24999999999999997,10,482,9,181.00934376999794,19,,,,,,,trajectory_rescue-horseshoe-36a04ba8a51c,,,,,,,,,,,,,,,,,,,,,,,,,,,,,,,,,,,,,,,,,,,,,,,,trajectory_rescue,490.0,117.29282837903884,62.828028906093095,,,,,,,,,,,,,,,,,,,,,,,,,,,,490,9.427504924400676e-16,,,,,,,,,4,,0,0.0,0,0.0,1,45.58234174900281,1,181.416978579,,,1,0.0868405619985424,,,0,0.0,0,0.0,1,0.196711195007083,1,0.31570777599699795,1,230.11295097100083,0,0.0,,,,,,,,,,,,,,,,,,,,,,,,,,trajectory_rescue-horseshoe-aeafd218049f,,small_steps_no_predictor,,,,,,,,,/home/asaleh/PycharmProjects/hdgfem/run_outputs/torsion_reduced_optimizer_numerical_tests/cases/trajectory_rescue-horseshoe-36a04ba8a51c/attempt_001/run,,,,,,,,,failed,,,,,,,,,,,,,,,,,,,,,,,,230.11295097100083,,,,,,1,,,,,,,,,,,,,,,,,,,,,,,,232.61735367774963,
,,,,,,,,,0.6,0.7,,0.0006064548942958936,,1034.0,,,,,,,,,,,,,,,,,,,,,,,,,,"[""draft"",""full""]",0,,,,,,,,,pde_failure,,,7.450580596923828e-09,,,,,,,,,200000,,,,,,,,,,/home/asaleh/PycharmProjects/hdgfem/run_outputs/torsion_reduced_optimizer_numerical_tests/cases/trajectory_rescue-iter-cee449f0dc48/attempt_001/run/out/equilibrium.npz,,,,1,,,,,,,,,,,,,,,,iter,,,,,,,,,,,,,,,,,,,,,,,,,,,,,,,,,,0.07187500000000001,6,82,10,43.577393835017574,16,,,,,,,trajectory_rescue-iter-cee449f0dc48,,,,,,,,,,,,,,,,,,,,,,,,,,,,,,,,,,,,,,,,,,,,,,,,trajectory_rescue,92.0,27.95280535708298,9.53341605202877,,,,,,,,,,,,,,,,,,,,,,,,,,,,92,2.505635525444061e-14,,,,,,,,,4,,0,0.0,0,0.0,1,44.1629828090081,1,43.830380639003124,,,1,0.08550312201259658,,,0,0.0,0,0.0,1,0.2047518180042971,1,0.32679895499313716,1,90.6115698999929,0,0.0,,,,,,,,,,,,,,,,,,,,,,,,,,,,small_steps_predictor,,,,,,,,,/home/asaleh/PycharmProjects/hdgfem/run_outputs/torsion_reduced_optimizer_numerical_tests/cases/trajectory_rescue-iter-cee449f0dc48/attempt_001/run,,,,,,,,,failed,,,,,,,,,,,,,,,,,,,,,,,,90.6115698999929,,,,,,1,,,,,,,,,,,,,,,,,,,,,,,,93.18160700798035,
,,,,,,,,,0.6,0.7,,0.0008407491113757715,,1424.0,,,,,,,,,,,,,,,,,,,,,,,,,,"[""draft"",""full""]",0,,,,,,,,,pde_failure,,,7.450580596923828e-09,,,,,,,,,200000,,,,,,,,,,/home/asaleh/PycharmProjects/hdgfem/run_outputs/torsion_reduced_optimizer_numerical_tests/cases/trajectory_rescue-iter-298b59ece73a/attempt_001/run/out/equilibrium.npz,,,,1,,,,,,,,,,,,,,,,iter,,,,,,,,,,,,,,,,,,,,,,,,,,,,,,,,,,0.07500000000000001,5,121,9,53.851440170023125,14,,,,,,,trajectory_rescue-iter-298b59ece73a,,,,,,,,,,,,,,,,,,,,,,,,,,,,,,,,,,,,,,,,,,,,,,,,trajectory_rescue,130.0,40.83022981492104,12.714796483138343,,,,,,,,,,,,,,,,,,,,,,,,,,,,130,2.4994636598449902e-14,,,,,,,,,4,,0,0.0,0,0.0,1,44.200321138006984,1,54.05467388199759,,,1,0.08644485099648591,,,0,0.0,0,0.0,1,0.20261897999444045,1,0.3267960859957384,1,100.63915403699502,0,0.0,,,,,,,,,,,,,,,,,,,,,,,,,,trajectory_rescue-iter-cee449f0dc48,,small_steps_no_predictor,,,,,,,,,/home/asaleh/PycharmProjects/hdgfem/run_outputs/torsion_reduced_optimizer_numerical_tests/cases/trajectory_rescue-iter-298b59ece73a/attempt_001/run,,,,,,,,,failed,,,,,,,,,,,,,,,,,,,,,,,,100.63915403699502,,,,,,1,,,,,,,,,,,,,,,,,,,,,,,,103.19752407073975,
-23.618693556808267,9,9,,,,,0.6,0.7,0.6,0.7,,0.18960554905061144,,0.0,0.5391164935409545,0.5797736804050491,0.04110975334782345,0.047317203024599755,0.3112209697039413,0.511274986335027,9,0.0,0.0,0.29749445354581894,0.40087491990777363,0.0004965959741421044,0.10753852076970549,0.17666468872365287,0.13648026361440668,0.22421029335149256,0.5072313550759243,7.202949734390621e-15,0.37702011337894215,0.0062074496767763054,0.5229402063233756,0.2806445365407366,,0.32741862596419274,,"[""draft"",""full""]",0,5,1,8,5,0.001,,,0,certified_subband_convergence,,,0.0,,0.0,0,,,,,easy,200000,4.849127340765605,,relative,None,0.08,0.0028064453654073674,0.06,,0.07999999999999999,/home/asaleh/PycharmProjects/hdgfem/run_outputs/torsion_reduced_optimizer_numerical_tests/cases/homotopy_robustness-smooth_star-0074cfe647d2/attempt_001/run/out/equilibrium.npz,/home/asaleh/PycharmProjects/hdgfem/run_outputs/torsion_reduced_optimizer_numerical_tests/cases/homotopy_robustness-smooth_star-0074cfe647d2/attempt_001/run/out/equilibrium.npz,,,0,,None,mumps,1,1,200,1.1009313450049376,CONVERGED_RESIDUAL,1e-12,,CONVERGED_CERTIFIED_SUBBAND,,,,,smooth_star,file,0.036280838842093675,,,,,,,,,,,,,,,,1,0.1,gmres,1.0,hypre,0.35,0.00025,27,5.101885171970935,1,1,9,CONVERGED_LAMBDA1,2.1301506100135157,1e-11,0.1,1.0,9,27,1,7.621305495034903,10,0.35,0.00025,True,production,,,homotopy_robustness-smooth_star-0074cfe647d2,,,,,,,,,,,hminus1_grid_refined,0.0006403348843121125,,0.9530644804007183,-0.044339357544684155,0.6666607082479441,0.36550251251339744,0.4124380321126791,homotopy,0.0006403348843121125,0.03578644671693775,,,,,,,,,,,,,/home/asaleh/PycharmProjects/hdgfem/run_outputs/torsion_reduced_optimizer_numerical_tests/cases/homotopy_robustness-smooth_star-0074cfe647d2/attempt_001/run/logs/initialization.csv,,,None,1e-08,1e-07,,,8.131771160253557e-08,5.726784570111051e-08,,mumps,,2.0,homotopy_robustness,580.0,14.30853393196594,0.4508565119904233,,,,,,,/home/asaleh/PycharmProjects/hdgfem/run_outputs/torsion_reduced_optimizer_numerical_tests/meshes/smooth_star-p4-dof200000.msh,24713,198742,,0.026136988875920652,0.5,6.231776710328441e-05,198603,/home/asaleh/PycharmProjects/hdgfem/run_outputs/torsion_reduced_optimizer_numerical_tests/cases/homotopy_robustness-smooth_star-0074cfe647d2/attempt_001/run/logs/newton.csv,,,,,,None,1e-08,1,0,None,0,1e-08,71,7.202949734390621e-15,gmres,hypre,,,0.007481931550258169,24713,,,4,,1,1.431847245010431,1,1.1654426009918097,1,47.3645624799974,1,7.645200569997542,,,1,0.08528256700083148,,,9,2.4357826100167586,9,4.4298671369761,1,0.3605400329979602,1,0.7010964460059768,1,99.24956943100551,16,9.231172538973624,,,/home/asaleh/PycharmProjects/hdgfem/run_outputs/torsion_reduced_optimizer_numerical_tests/cases/homotopy_robustness-smooth_star-0074cfe647d2/attempt_001/run/logs/phases.csv,0.08521883513858551,0.049854213682627525,,,,none,0,,,,11.11895652938317,416.8791093805502,0.02667189667024829,16,,,,16.044961760009755,7,,,,,,,1,0.7788564626732131,0.6086345545614078,1.0,,/home/asaleh/PycharmProjects/hdgfem/run_outputs/torsion_reduced_optimizer_numerical_tests/cases/homotopy_robustness-smooth_star-0074cfe647d2/attempt_001/run,,run,/home/asaleh/PycharmProjects/hdgfem/run_outputs/torsion_reduced_optimizer_numerical_tests/cases/homotopy_robustness-smooth_star-0074cfe647d2/attempt_001/run,0.062317767103284405,0.0,gmres,cg,hypre,optimized,,,completed,,,,,,,,,,,,,,,,,cg,hypre,0.6087154232497601,sharp_indicator,,,False,99.24956943100551,1e-11,,,,None,,,,,,,300,1.2777089686395282e-05,7.887092399009433e-06,,,,,,,,,,,,,,,,101.71199250221252,
-23.61869355682916,9,9,,,,,0.6,0.7,0.6,0.7,,0.19712321496626828,,0.0,0.5391164935409545,0.5797736804050436,0.04110975334782347,0.04731720302459972,0.3112209697039413,0.511274986335027,9,0.0,0.0,0.29749445354581894,0.4008749199077806,0.0004965959741421,0.10753852076970502,0.1766646887236521,0.1364802636144113,0.22421029335150014,0.5072313550759243,7.235961899110159e-15,0.37702011337895425,0.00620744967677625,0.5229402063233815,0.28064453654073923,,0.3274186259641958,,"[""draft"",""full""]",0,5,1,8,5,0.001,,,0,certified_subband_convergence,,,0.0,,0.0,0,,,,,easy,200000,4.849127340765605,,relative,None,0.08,0.002806445365407394,0.06,,0.07999999999999999,/home/asaleh/PycharmProjects/hdgfem/run_outputs/torsion_reduced_optimizer_numerical_tests/cases/homotopy_robustness-smooth_star-24c677ddf51e/attempt_001/run/out/equilibrium.npz,/home/asaleh/PycharmProjects/hdgfem/run_outputs/torsion_reduced_optimizer_numerical_tests/cases/homotopy_robustness-smooth_star-24c677ddf51e/attempt_001/run/out/equilibrium.npz,,,0,,None,mumps,1,1,200,1.1230132009950466,CONVERGED_RESIDUAL,1e-12,,CONVERGED_CERTIFIED_SUBBAND,,,,,smooth_star,file,0.036280838842093675,,,,,,,,,,,,,,,,1,0.025,gmres,1.0,hypre,0.1,6.25e-05,29,5.579579746015952,1,0,13,CONVERGED_LAMBDA1,2.8551721410040045,1e-11,0.025,1.0,13,29,0,8.894281814034912,13,0.1,6.25e-05,True,conservative,,,homotopy_robustness-smooth_star-24c677ddf51e,,,,,,,,,,,hminus1_grid_refined,0.000640334884312106,,0.9530644804007137,-0.04433935754465361,0.6666607082477913,0.365502512513396,0.4124380321126824,homotopy,0.000640334884312106,0.03578644671693757,,,,,,,,,,,,,/home/asaleh/PycharmProjects/hdgfem/run_outputs/torsion_reduced_optimizer_numerical_tests/cases/homotopy_robustness-smooth_star-24c677ddf51e/attempt_001/run/logs/initialization.csv,,,None,1e-08,1e-07,,,8.131771160213382e-08,5.726784570111152e-08,,mumps,,2.0,homotopy_robustness,604.0,15.03001043201948,0.4851319109875476,,,,,,,/home/asaleh/PycharmProjects/hdgfem/run_outputs/torsion_reduced_optimizer_numerical_tests/meshes/smooth_star-p4-dof200000.msh,24713,198742,,0.026136988875920652,0.5,6.231776710328436e-05,198603,/home/asaleh/PycharmProjects/hdgfem/run_outputs/torsion_reduced_optimizer_numerical_tests/cases/homotopy_robustness-smooth_star-24c677ddf51e/attempt_001/run/logs/newton.csv,,,,,,None,1e-08,1,0,None,0,1e-08,72,7.235961899110159e-15,gmres,hypre,,,0.007481931550258169,24713,,,4,,1,1.4632419669942465,1,1.1889095700025791,1,48.10632396300207,1,8.925096995997592,,,1,0.08665292800287716,,,9,1.436611562006874,9,4.493263274023775,1,0.20260458599659614,1,0.33297660600510426,1,99.72848607100605,16,9.481817210005829,,,/home/asaleh/PycharmProjects/hdgfem/run_outputs/torsion_reduced_optimizer_numerical_tests/cases/homotopy_robustness-smooth_star-24c677ddf51e/attempt_001/run/logs/phases.csv,0.08521883513858547,0.04985421368262748,,,,none,0,,,,11.118956529563102,416.87910937903456,0.02667189667077688,16,,,,16.46093086199835,7,,,,,,,1,0.7788564626732131,0.6086345545614078,1.0,,/home/asaleh/PycharmProjects/hdgfem/run_outputs/torsion_reduced_optimizer_numerical_tests/cases/homotopy_robustness-smooth_star-24c677ddf51e/attempt_001/run,,run,/home/asaleh/PycharmProjects/hdgfem/run_outputs/torsion_reduced_optimizer_numerical_tests/cases/homotopy_robustness-smooth_star-24c677ddf51e/attempt_001/run,0.06231776710328435,0.0,gmres,cg,hypre,optimized,,,completed,,,,,,,,,,,,,,,,,cg,hypre,0.6087154232497601,sharp_indicator,,,False,99.72848607100605,1e-11,,,,None,,,,,,,300,1.2777089686395271e-05,7.887092399009426e-06,,,,,,,,,,,,,,,,102.25934195518494,
-23.618693556816257,9,9,,,,,0.6,0.7,0.6,0.7,,0.19577386905439198,,0.0,0.5391164935409545,0.5797736804050472,0.041109753347823436,0.04731720302459972,0.3112209697039413,0.511274986335027,9,0.0,0.0,0.29749445354581894,0.4008749199077753,0.0004965959741421028,0.10753852076970541,0.17666468872365274,0.13648026361440807,0.22421029335149487,0.5072313550759243,7.20661665366403e-15,0.37702011337894537,0.006207449676776285,0.5229402063233769,0.2806445365407366,,0.32741862596419274,,"[""draft"",""full""]",0,5,1,8,5,0.001,,,0,certified_subband_convergence,,,0.0,,0.0,0,,,,,easy,200000,4.849127340765605,,relative,None,0.08,0.0028064453654073674,0.06,,0.08,/home/asaleh/PycharmProjects/hdgfem/run_outputs/torsion_reduced_optimizer_numerical_tests/cases/homotopy_robustness-smooth_star-05ce0cf4bbba/attempt_001/run/out/equilibrium.npz,/home/asaleh/PycharmProjects/hdgfem/run_outputs/torsion_reduced_optimizer_numerical_tests/cases/homotopy_robustness-smooth_star-05ce0cf4bbba/attempt_001/run/out/equilibrium.npz,,,0,,None,mumps,1,1,200,1.1353511100023752,CONVERGED_RESIDUAL,1e-12,,CONVERGED_CERTIFIED_SUBBAND,,,,,smooth_star,file,0.036280838842093675,,,,,,,,,,,,,,,,1,0.025,gmres,1.0,hypre,0.1,6.25e-05,98,18.048706465036958,0,0,33,CONVERGED_LAMBDA1,0.0,1e-11,0.025,0.9999999999999999,33,98,0,19.411932689981768,33,0.1,6.25e-05,False,conservative_no_predictor,,,homotopy_robustness-smooth_star-05ce0cf4bbba,,,,,,,,,,,hminus1_grid_refined,0.0006403348843121125,,0.9530644804007183,-0.044339357544684155,0.6666607082479441,0.36550251251339744,0.4124380321126791,homotopy,0.0006403348843121125,0.03578644671693775,,,,,,,,,,,,,/home/asaleh/PycharmProjects/hdgfem/run_outputs/torsion_reduced_optimizer_numerical_tests/cases/homotopy_robustness-smooth_star-05ce0cf4bbba/attempt_001/run/logs/initialization.csv,,,None,1e-08,1e-07,,,8.131771160277024e-08,5.726784570111075e-08,,mumps,,2.0,homotopy_robustness,1108.0,27.53154851202271,1.1427477359975455,,,,,,,/home/asaleh/PycharmProjects/hdgfem/run_outputs/torsion_reduced_optimizer_numerical_tests/meshes/smooth_star-p4-dof200000.msh,24713,198742,,0.026136988875920652,0.5,6.231776710328441e-05,198603,/home/asaleh/PycharmProjects/hdgfem/run_outputs/torsion_reduced_optimizer_numerical_tests/cases/homotopy_robustness-smooth_star-05ce0cf4bbba/attempt_001/run/logs/newton.csv,,,,,,None,1e-08,1,0,None,0,1e-08,141,7.20661665366403e-15,gmres,hypre,,,0.007481931550258169,24713,,,4,,1,1.4541955259919632,1,1.201936350989854,1,48.41977695398964,1,19.47373852301098,,,1,0.08666004599945154,,,9,1.4645828830252867,9,4.552552233013557,1,0.20566596600110643,1,0.32682686200132594,1,111.01272745800088,16,9.514101945023867,,,/home/asaleh/PycharmProjects/hdgfem/run_outputs/torsion_reduced_optimizer_numerical_tests/cases/homotopy_robustness-smooth_star-05ce0cf4bbba/attempt_001/run/logs/phases.csv,0.08521883513858551,0.049854213682627525,,,,none,0,,,,11.118956529437495,416.87910937259676,0.026671896670887468,16,,,,16.578820551003446,7,,,,,,,1,0.7788564626732131,0.6086345545614078,1.0,,/home/asaleh/PycharmProjects/hdgfem/run_outputs/torsion_reduced_optimizer_numerical_tests/cases/homotopy_robustness-smooth_star-05ce0cf4bbba/attempt_001/run,,run,/home/asaleh/PycharmProjects/hdgfem/run_outputs/torsion_reduced_optimizer_numerical_tests/cases/homotopy_robustness-smooth_star-05ce0cf4bbba/attempt_001/run,0.062317767103284405,0.0,gmres,cg,hypre,optimized,,,completed,,,,,,,,,,,,,,,,,cg,hypre,0.6087154232497601,sharp_indicator,,,False,111.01272745800088,1e-11,,,,None,,,,,,,300,1.2777089686395282e-05,7.887092399009433e-06,,,,,,,,,,,,,,,,113.51498937606812,
,,,,,,,,,0.45,0.5,,,,,,,,,,,,,,,,,,,,,,,,,,,,,,"[""full""]",,,,,,,,,,incomplete,,,,,,,,,,,difficult,200000,,,,,,,,,,,,,,,,,,,,,,,,,,,,,,smooth_star,,,,,,,,,,,,,,,,,,,,,,,,,,,,,,,,,0.1,,,,,,,0.35,0.00025,True,production,,,homotopy_robustness-smooth_star-e31f040c84c7,,,,,,,,,,,,,,,,,,,,,,,,,,,,,,,,,,,,,,,,,,,,,,,,homotopy_robustness,,,,,,,,,,,,,,,,,,,,,,,,,,,,,,,,,,,,,,,,,4,,,,,,,,,,,,,,,,,,,,,,,,,,,,,,,,,,,,,,,,,,,,,,,,,,,,,,,,,,,,,,,,,,,,,,,,,planned,,,,,,,,,,,,,,,,,,,,,,,,,,,,,,,,,,,,,,,,,,,,,,,,,,,,,,,
,,,,,,,,,0.45,0.5,,,,,,,,,,,,,,,,,,,,,,,,,,,,,,"[""full""]",,,,,,,,,,incomplete,,,,,,,,,,,difficult,200000,,,,,,,,,,,,,,,,,,,,,,,,,,,,,,smooth_star,,,,,,,,,,,,,,,,,,,,,,,,,,,,,,,,,0.025,,,,,,,0.1,6.25e-05,True,conservative,,,homotopy_robustness-smooth_star-f611921880c3,,,,,,,,,,,,,,,,,,,,,,,,,,,,,,,,,,,,,,,,,,,,,,,,homotopy_robustness,,,,,,,,,,,,,,,,,,,,,,,,,,,,,,,,,,,,,,,,,4,,,,,,,,,,,,,,,,,,,,,,,,,,,,,,,,,,,,,,,,,,,,,,,,,,,,,,,,,,,,,,,,,,,,,,,,,planned,,,,,,,,,,,,,,,,,,,,,,,,,,,,,,,,,,,,,,,,,,,,,,,,,,,,,,,
,,,,,,,,,0.45,0.5,,,,,,,,,,,,,,,,,,,,,,,,,,,,,,"[""full""]",,,,,,,,,,incomplete,,,,,,,,,,,difficult,200000,,,,,,,,,,,,,,,,,,,,,,,,,,,,,,smooth_star,,,,,,,,,,,,,,,,,,,,,,,,,,,,,,,,,0.025,,,,,,,0.1,6.25e-05,False,conservative_no_predictor,,,homotopy_robustness-smooth_star-4c5885a7c863,,,,,,,,,,,,,,,,,,,,,,,,,,,,,,,,,,,,,,,,,,,,,,,,homotopy_robustness,,,,,,,,,,,,,,,,,,,,,,,,,,,,,,,,,,,,,,,,,4,,,,,,,,,,,,,,,,,,,,,,,,,,,,,,,,,,,,,,,,,,,,,,,,,,,,,,,,,,,,,,,,,,,,,,,,,planned,,,,,,,,,,,,,,,,,,,,,,,,,,,,,,,,,,,,,,,,,,,,,,,,,,,,,,,
,,,,,,,,,0.6,0.7,,,,,,,,,,,,,,,,,,,,,,,,,,,,,,"[""full""]",,,,,,,,,,incomplete,,,,,,,,,,,easy,200000,,,,,,,,,,,,,,,,,,,,,,,,,,,,,,pacman,,,,,,,,,,,,,,,,,,,,,,,,,,,,,,,,,0.1,,,,,,,0.35,0.00025,True,production,,,homotopy_robustness-pacman-c7e9f3f9402d,,,,,,,,,,,,,,,,,,,,,,,,,,,,,,,,,,,,,,,,,,,,,,,,homotopy_robustness,,,,,,,,,,,,,,,,,,,,,,,,,,,,,,,,,,,,,,,,,4,,,,,,,,,,,,,,,,,,,,,,,,,,,,,,,,,,,,,,,,,,,,,,,,,,,,,,,,,,,,,,,,,,,,,,,,,planned,,,,,,,,,,,,,,,,,,,,,,,,,,,,,,,,,,,,,,,,,,,,,,,,,,,,,,,
,,,,,,,,,0.6,0.7,,,,,,,,,,,,,,,,,,,,,,,,,,,,,,"[""full""]",,,,,,,,,,incomplete,,,,,,,,,,,easy,200000,,,,,,,,,,,,,,,,,,,,,,,,,,,,,,pacman,,,,,,,,,,,,,,,,,,,,,,,,,,,,,,,,,0.025,,,,,,,0.1,6.25e-05,True,conservative,,,homotopy_robustness-pacman-08052565d10b,,,,,,,,,,,,,,,,,,,,,,,,,,,,,,,,,,,,,,,,,,,,,,,,homotopy_robustness,,,,,,,,,,,,,,,,,,,,,,,,,,,,,,,,,,,,,,,,,4,,,,,,,,,,,,,,,,,,,,,,,,,,,,,,,,,,,,,,,,,,,,,,,,,,,,,,,,,,,,,,,,,,,,,,,,,planned,,,,,,,,,,,,,,,,,,,,,,,,,,,,,,,,,,,,,,,,,,,,,,,,,,,,,,,
,,,,,,,,,0.6,0.7,,,,,,,,,,,,,,,,,,,,,,,,,,,,,,"[""full""]",,,,,,,,,,incomplete,,,,,,,,,,,easy,200000,,,,,,,,,,,,,,,,,,,,,,,,,,,,,,pacman,,,,,,,,,,,,,,,,,,,,,,,,,,,,,,,,,0.025,,,,,,,0.1,6.25e-05,False,conservative_no_predictor,,,homotopy_robustness-pacman-011e239f8e22,,,,,,,,,,,,,,,,,,,,,,,,,,,,,,,,,,,,,,,,,,,,,,,,homotopy_robustness,,,,,,,,,,,,,,,,,,,,,,,,,,,,,,,,,,,,,,,,,4,,,,,,,,,,,,,,,,,,,,,,,,,,,,,,,,,,,,,,,,,,,,,,,,,,,,,,,,,,,,,,,,,,,,,,,,,planned,,,,,,,,,,,,,,,,,,,,,,,,,,,,,,,,,,,,,,,,,,,,,,,,,,,,,,,
,,,,,,,,,0.45,0.5,,,,,,,,,,,,,,,,,,,,,,,,,,,,,,"[""full""]",,,,,,,,,,incomplete,,,,,,,,,,,difficult,200000,,,,,,,,,,,,,,,,,,,,,,,,,,,,,,pacman,,,,,,,,,,,,,,,,,,,,,,,,,,,,,,,,,0.1,,,,,,,0.35,0.00025,True,production,,,homotopy_robustness-pacman-2425825bcbf0,,,,,,,,,,,,,,,,,,,,,,,,,,,,,,,,,,,,,,,,,,,,,,,,homotopy_robustness,,,,,,,,,,,,,,,,,,,,,,,,,,,,,,,,,,,,,,,,,4,,,,,,,,,,,,,,,,,,,,,,,,,,,,,,,,,,,,,,,,,,,,,,,,,,,,,,,,,,,,,,,,,,,,,,,,,planned,,,,,,,,,,,,,,,,,,,,,,,,,,,,,,,,,,,,,,,,,,,,,,,,,,,,,,,
,,,,,,,,,0.45,0.5,,,,,,,,,,,,,,,,,,,,,,,,,,,,,,"[""full""]",,,,,,,,,,incomplete,,,,,,,,,,,difficult,200000,,,,,,,,,,,,,,,,,,,,,,,,,,,,,,pacman,,,,,,,,,,,,,,,,,,,,,,,,,,,,,,,,,0.025,,,,,,,0.1,6.25e-05,True,conservative,,,homotopy_robustness-pacman-f886a621f227,,,,,,,,,,,,,,,,,,,,,,,,,,,,,,,,,,,,,,,,,,,,,,,,homotopy_robustness,,,,,,,,,,,,,,,,,,,,,,,,,,,,,,,,,,,,,,,,,4,,,,,,,,,,,,,,,,,,,,,,,,,,,,,,,,,,,,,,,,,,,,,,,,,,,,,,,,,,,,,,,,,,,,,,,,,planned,,,,,,,,,,,,,,,,,,,,,,,,,,,,,,,,,,,,,,,,,,,,,,,,,,,,,,,
,,,,,,,,,0.45,0.5,,,,,,,,,,,,,,,,,,,,,,,,,,,,,,"[""full""]",,,,,,,,,,incomplete,,,,,,,,,,,difficult,200000,,,,,,,,,,,,,,,,,,,,,,,,,,,,,,pacman,,,,,,,,,,,,,,,,,,,,,,,,,,,,,,,,,0.025,,,,,,,0.1,6.25e-05,False,conservative_no_predictor,,,homotopy_robustness-pacman-be7659f1ff98,,,,,,,,,,,,,,,,,,,,,,,,,,,,,,,,,,,,,,,,,,,,,,,,homotopy_robustness,,,,,,,,,,,,,,,,,,,,,,,,,,,,,,,,,,,,,,,,,4,,,,,,,,,,,,,,,,,,,,,,,,,,,,,,,,,,,,,,,,,,,,,,,,,,,,,,,,,,,,,,,,,,,,,,,,,planned,,,,,,,,,,,,,,,,,,,,,,,,,,,,,,,,,,,,,,,,,,,,,,,,,,,,,,,
,,,,,,,,,0.6,0.7,,0.0019378411961952224,,2989.0,,,,,,,,,,,,,,,,,,,,,,,,,,"[""draft"",""full""]",0,,,,,,,,,pde_failure,,,2.9802322387695312e-08,,,,,,,,easy,200000,,,,,,,,,,/home/asaleh/PycharmProjects/hdgfem/run_outputs/torsion_reduced_optimizer_numerical_tests/cases/homotopy_robustness-horseshoe-3479aa798da8/attempt_001/run/out/equilibrium.npz,,,,1,,,,,,,,,,,,,,,,horseshoe,,,,,,,,,,,,,,,,,,,,,,,,,,,,,,,,,0.1,0.30000000000000004,4,311,9,107.99399055699178,13,0.35,0.00025,True,production,,,homotopy_robustness-horseshoe-3479aa798da8,,,,,,,,,,,,,,,,,,,,,,,,,,,,,,,,,,,,,,,,,,,,,,,,homotopy_robustness,4573.0,75.27821196198056,29.059597827130347,,,,,,,,,,,,,,,,,,,,,,,,,,,,318,2.21519871245743e-13,,,,,,,,,4,,0,0.0,0,0.0,1,45.70376739600033,1,108.0109328499966,,,1,0.0955247420060914,,,0,0.0,0,0.0,1,0.20719311299035326,1,0.3271373629977461,1,154.49936215300113,0,0.0,,,,,,,,,,,,,,,,,,,,,,,,,,,,,,,,,,,,,/home/asaleh/PycharmProjects/hdgfem/run_outputs/torsion_reduced_optimizer_numerical_tests/cases/homotopy_robustness-horseshoe-3479aa798da8/attempt_001/run,,,,,,,,,failed,,,,,,,,,,,,,,,,,,,,,,,,154.49936215300113,,,,,,,,,,,,,,,,,,,,,,,,,,,,,,157.0629894733429,
,,,,,,,,,0.6,0.7,,0.002132533030817285,,3282.0,,,,,,,,,,,,,,,,,,,,,,,,,,"[""draft"",""full""]",0,,,,,,,,,pde_failure,,,2.9802322387695312e-08,,,,,,,,easy,200000,,,,,,,,,,/home/asaleh/PycharmProjects/hdgfem/run_outputs/torsion_reduced_optimizer_numerical_tests/cases/homotopy_robustness-horseshoe-998378159a67/attempt_001/run/out/equilibrium.npz,,,,1,,,,,,,,,,,,,,,,horseshoe,,,,,,,,,,,,,,,,,,,,,,,,,,,,,,,,,0.025,0.25,7,342,10,119.20249119898654,17,0.1,6.25e-05,True,conservative,,,homotopy_robustness-horseshoe-998378159a67,,,,,,,,,,,,,,,,,,,,,,,,,,,,,,,,,,,,,,,,,,,,,,,,homotopy_robustness,5323.0,83.63478325305914,30.954831125869532,,,,,,,,,,,,,,,,,,,,,,,,,,,,347,3.3094421321299516e-13,,,,,,,,,4,,0,0.0,0,0.0,1,45.19196188599744,1,119.2242624060018,,,1,0.0962342339917086,,,0,0.0,0,0.0,1,0.2068767479941016,1,0.3433052409964148,1,165.22003565701016,0,0.0,,,,,,,,,,,,,,,,,,,,,,,,,,,,,,,,,,,,,/home/asaleh/PycharmProjects/hdgfem/run_outputs/torsion_reduced_optimizer_numerical_tests/cases/homotopy_robustness-horseshoe-998378159a67/attempt_001/run,,,,,,,,,failed,,,,,,,,,,,,,,,,,,,,,,,,165.22003565701016,,,,,,,,,,,,,,,,,,,,,,,,,,,,,,167.7697856426239,
,,,,,,,,,0.6,0.7,,0.0020131599594606087,,3544.0,,,,,,,,,,,,,,,,,,,,,,,,,,"[""draft"",""full""]",0,,,,,,,,,pde_failure,,,2.9802322387695312e-08,,,,,,,,easy,200000,,,,,,,,,,/home/asaleh/PycharmProjects/hdgfem/run_outputs/torsion_reduced_optimizer_numerical_tests/cases/homotopy_robustness-horseshoe-ee38e14727ec/attempt_001/run/out/equilibrium.npz,,,,1,,,,,,,,,,,,,,,,horseshoe,,,,,,,,,,,,,,,,,,,,,,,,,,,,,,,,,0.025,0.24999999999999997,10,337,9,113.72874224297993,19,0.1,6.25e-05,False,conservative_no_predictor,,,homotopy_robustness-horseshoe-ee38e14727ec,,,,,,,,,,,,,,,,,,,,,,,,,,,,,,,,,,,,,,,,,,,,,,,,homotopy_robustness,5115.0,80.33162482707121,32.78106357283832,,,,,,,,,,,,,,,,,,,,,,,,,,,,341,2.492726510856248e-13,,,,,,,,,4,,0,0.0,0,0.0,1,44.53737139998702,1,113.75390257799882,,,1,0.08699860599881504,,,0,0.0,0,0.0,1,0.20498467799916398,1,0.3147679009998683,1,159.05047872800787,0,0.0,,,,,,,,,,,,,,,,,,,,,,,,,,,,,,,,,,,,,/home/asaleh/PycharmProjects/hdgfem/run_outputs/torsion_reduced_optimizer_numerical_tests/cases/homotopy_robustness-horseshoe-ee38e14727ec/attempt_001/run,,,,,,,,,failed,,,,,,,,,,,,,,,,,,,,,,,,159.05047872800787,,,,,,,,,,,,,,,,,,,,,,,,,,,,,,161.54569149017334,
,,,,,,,,,0.45,0.5,,,,,,,,,,,,,,,,,,,,,,,,,,,,,,"[""full""]",,,,,,,,,,incomplete,,,,,,,,,,,difficult,200000,,,,,,,,,,,,,,,,,,,,,,,,,,,,,,horseshoe,,,,,,,,,,,,,,,,,,,,,,,,,,,,,,,,,0.1,,,,,,,0.35,0.00025,True,production,,,homotopy_robustness-horseshoe-a85263521c4e,,,,,,,,,,,,,,,,,,,,,,,,,,,,,,,,,,,,,,,,,,,,,,,,homotopy_robustness,,,,,,,,,,,,,,,,,,,,,,,,,,,,,,,,,,,,,,,,,4,,,,,,,,,,,,,,,,,,,,,,,,,,,,,,,,,,,,,,,,,,,,,,,,,,,,,,,,,,,,,,,,,,,,,,,,,planned,,,,,,,,,,,,,,,,,,,,,,,,,,,,,,,,,,,,,,,,,,,,,,,,,,,,,,,
,,,,,,,,,0.45,0.5,,,,,,,,,,,,,,,,,,,,,,,,,,,,,,"[""full""]",,,,,,,,,,incomplete,,,,,,,,,,,difficult,200000,,,,,,,,,,,,,,,,,,,,,,,,,,,,,,horseshoe,,,,,,,,,,,,,,,,,,,,,,,,,,,,,,,,,0.025,,,,,,,0.1,6.25e-05,True,conservative,,,homotopy_robustness-horseshoe-79b360b625ed,,,,,,,,,,,,,,,,,,,,,,,,,,,,,,,,,,,,,,,,,,,,,,,,homotopy_robustness,,,,,,,,,,,,,,,,,,,,,,,,,,,,,,,,,,,,,,,,,4,,,,,,,,,,,,,,,,,,,,,,,,,,,,,,,,,,,,,,,,,,,,,,,,,,,,,,,,,,,,,,,,,,,,,,,,,planned,,,,,,,,,,,,,,,,,,,,,,,,,,,,,,,,,,,,,,,,,,,,,,,,,,,,,,,
,,,,,,,,,0.45,0.5,,,,,,,,,,,,,,,,,,,,,,,,,,,,,,"[""full""]",,,,,,,,,,incomplete,,,,,,,,,,,difficult,200000,,,,,,,,,,,,,,,,,,,,,,,,,,,,,,horseshoe,,,,,,,,,,,,,,,,,,,,,,,,,,,,,,,,,0.025,,,,,,,0.1,6.25e-05,False,conservative_no_predictor,,,homotopy_robustness-horseshoe-d659ac046983,,,,,,,,,,,,,,,,,,,,,,,,,,,,,,,,,,,,,,,,,,,,,,,,homotopy_robustness,,,,,,,,,,,,,,,,,,,,,,,,,,,,,,,,,,,,,,,,,4,,,,,,,,,,,,,,,,,,,,,,,,,,,,,,,,,,,,,,,,,,,,,,,,,,,,,,,,,,,,,,,,,,,,,,,,,planned,,,,,,,,,,,,,,,,,,,,,,,,,,,,,,,,,,,,,,,,,,,,,,,,,,,,,,,
,,,,,,,,,0.6,0.7,,,,,,,,,,,,,,,,,,,,,,,,,,,,,,"[""full""]",,,,,,,,,,incomplete,,,,,,,,,,,easy,200000,,,,,,,,,,,,,,,,,,,,,,,,,,,,,,iter,,,,,,,,,,,,,,,,,,,,,,,,,,,,,,,,,0.1,,,,,,,0.35,0.00025,True,production,,,homotopy_robustness-iter-22edaceb6f50,,,,,,,,,,,,,,,,,,,,,,,,,,,,,,,,,,,,,,,,,,,,,,,,homotopy_robustness,,,,,,,,,,,,,,,,,,,,,,,,,,,,,,,,,,,,,,,,,4,,,,,,,,,,,,,,,,,,,,,,,,,,,,,,,,,,,,,,,,,,,,,,,,,,,,,,,,,,,,,,,,,,,,,,,,,planned,,,,,,,,,,,,,,,,,,,,,,,,,,,,,,,,,,,,,,,,,,,,,,,,,,,,,,,
,,,,,,,,,0.6,0.7,,,,,,,,,,,,,,,,,,,,,,,,,,,,,,"[""full""]",,,,,,,,,,incomplete,,,,,,,,,,,easy,200000,,,,,,,,,,,,,,,,,,,,,,,,,,,,,,iter,,,,,,,,,,,,,,,,,,,,,,,,,,,,,,,,,0.025,,,,,,,0.1,6.25e-05,True,conservative,,,homotopy_robustness-iter-d37a71ba2dc6,,,,,,,,,,,,,,,,,,,,,,,,,,,,,,,,,,,,,,,,,,,,,,,,homotopy_robustness,,,,,,,,,,,,,,,,,,,,,,,,,,,,,,,,,,,,,,,,,4,,,,,,,,,,,,,,,,,,,,,,,,,,,,,,,,,,,,,,,,,,,,,,,,,,,,,,,,,,,,,,,,,,,,,,,,,planned,,,,,,,,,,,,,,,,,,,,,,,,,,,,,,,,,,,,,,,,,,,,,,,,,,,,,,,
,,,,,,,,,0.6,0.7,,,,,,,,,,,,,,,,,,,,,,,,,,,,,,"[""full""]",,,,,,,,,,incomplete,,,,,,,,,,,easy,200000,,,,,,,,,,,,,,,,,,,,,,,,,,,,,,iter,,,,,,,,,,,,,,,,,,,,,,,,,,,,,,,,,0.025,,,,,,,0.1,6.25e-05,False,conservative_no_predictor,,,homotopy_robustness-iter-9a5ba02b9817,,,,,,,,,,,,,,,,,,,,,,,,,,,,,,,,,,,,,,,,,,,,,,,,homotopy_robustness,,,,,,,,,,,,,,,,,,,,,,,,,,,,,,,,,,,,,,,,,4,,,,,,,,,,,,,,,,,,,,,,,,,,,,,,,,,,,,,,,,,,,,,,,,,,,,,,,,,,,,,,,,,,,,,,,,,planned,,,,,,,,,,,,,,,,,,,,,,,,,,,,,,,,,,,,,,,,,,,,,,,,,,,,,,,
,,,,,,,,,0.45,0.5,,,,,,,,,,,,,,,,,,,,,,,,,,,,,,"[""full""]",,,,,,,,,,incomplete,,,,,,,,,,,difficult,200000,,,,,,,,,,,,,,,,,,,,,,,,,,,,,,iter,,,,,,,,,,,,,,,,,,,,,,,,,,,,,,,,,0.1,,,,,,,0.35,0.00025,True,production,,,homotopy_robustness-iter-1646b2c695e4,,,,,,,,,,,,,,,,,,,,,,,,,,,,,,,,,,,,,,,,,,,,,,,,homotopy_robustness,,,,,,,,,,,,,,,,,,,,,,,,,,,,,,,,,,,,,,,,,4,,,,,,,,,,,,,,,,,,,,,,,,,,,,,,,,,,,,,,,,,,,,,,,,,,,,,,,,,,,,,,,,,,,,,,,,,planned,,,,,,,,,,,,,,,,,,,,,,,,,,,,,,,,,,,,,,,,,,,,,,,,,,,,,,,
,,,,,,,,,0.45,0.5,,,,,,,,,,,,,,,,,,,,,,,,,,,,,,"[""full""]",,,,,,,,,,incomplete,,,,,,,,,,,difficult,200000,,,,,,,,,,,,,,,,,,,,,,,,,,,,,,iter,,,,,,,,,,,,,,,,,,,,,,,,,,,,,,,,,0.025,,,,,,,0.1,6.25e-05,True,conservative,,,homotopy_robustness-iter-11cf010a960f,,,,,,,,,,,,,,,,,,,,,,,,,,,,,,,,,,,,,,,,,,,,,,,,homotopy_robustness,,,,,,,,,,,,,,,,,,,,,,,,,,,,,,,,,,,,,,,,,4,,,,,,,,,,,,,,,,,,,,,,,,,,,,,,,,,,,,,,,,,,,,,,,,,,,,,,,,,,,,,,,,,,,,,,,,,planned,,,,,,,,,,,,,,,,,,,,,,,,,,,,,,,,,,,,,,,,,,,,,,,,,,,,,,,
,,,,,,,,,0.45,0.5,,,,,,,,,,,,,,,,,,,,,,,,,,,,,,"[""full""]",,,,,,,,,,incomplete,,,,,,,,,,,difficult,200000,,,,,,,,,,,,,,,,,,,,,,,,,,,,,,iter,,,,,,,,,,,,,,,,,,,,,,,,,,,,,,,,,0.025,,,,,,,0.1,6.25e-05,False,conservative_no_predictor,,,homotopy_robustness-iter-0e349cc03699,,,,,,,,,,,,,,,,,,,,,,,,,,,,,,,,,,,,,,,,,,,,,,,,homotopy_robustness,,,,,,,,,,,,,,,,,,,,,,,,,,,,,,,,,,,,,,,,,4,,,,,,,,,,,,,,,,,,,,,,,,,,,,,,,,,,,,,,,,,,,,,,,,,,,,,,,,,,,,,,,,,,,,,,,,,planned,,,,,,,,,,,,,,,,,,,,,,,,,,,,,,,,,,,,,,,,,,,,,,,,,,,,,,,
-23.618693556810392,9,9,,,,,0.6,0.7,0.6,0.7,,0.19628783407097217,,0.0,0.5391164935409545,0.57977368040505,0.04110975334782345,0.04731720302459976,0.3112209697039413,0.511274986335027,9,0.0,0.0,0.29749445354581894,0.4008749199077729,0.000496595974142105,0.10753852076970552,0.17666468872365293,0.13648026361440602,0.22421029335149148,0.5072313550759243,7.219209372941415e-15,0.3770201133789408,0.006207449676776312,0.522940206323376,0.2806445365407366,,0.32741862596419274,,"[""draft"",""full""]",0,5,1,8,5,0.001,,,0,certified_subband_convergence,,,0.0,,0.0,0,,,,,easy,200000,4.849127340765605,,relative,None,0.08,0.0028064453654073674,0.06,,0.08000000000000002,/home/asaleh/PycharmProjects/hdgfem/run_outputs/torsion_reduced_optimizer_numerical_tests/cases/inner_newton_accuracy-smooth_star-925bf1497f3e/attempt_001/run/out/equilibrium.npz,/home/asaleh/PycharmProjects/hdgfem/run_outputs/torsion_reduced_optimizer_numerical_tests/cases/inner_newton_accuracy-smooth_star-925bf1497f3e/attempt_001/run/out/equilibrium.npz,,,0,,None,mumps,1,1,200,1.1388026749918936,CONVERGED_RESIDUAL,1e-12,,CONVERGED_CERTIFIED_SUBBAND,,,,,smooth_star,file,0.036280838842093675,,,,,,,,,,,,,,,,1,0.1,gmres,1.0,hypre,0.35,0.00025,27,5.28133550399798,1,1,9,CONVERGED_LAMBDA1,2.17303628497757,1e-11,,1.0,9,27,1,7.860911282026791,10,,,,,,,inner_newton_accuracy-smooth_star-925bf1497f3e,,,,,,,,,,,hminus1_grid_refined,0.0006403348843121125,,0.9530644804007183,-0.044339357544684155,0.6666607082479441,0.36550251251339744,0.4124380321126791,homotopy,0.0006403348843121125,0.03578644671693775,,,,,,,,,,,,,/home/asaleh/PycharmProjects/hdgfem/run_outputs/torsion_reduced_optimizer_numerical_tests/cases/inner_newton_accuracy-smooth_star-925bf1497f3e/attempt_001/run/logs/initialization.csv,,,None,1e-08,1e-07,adaptive,,8.131771160253557e-08,5.726784570111041e-08,,mumps,,2.0,inner_newton_accuracy,580.0,14.695601274972432,0.46384332196612377,,,,,,,/home/asaleh/PycharmProjects/hdgfem/run_outputs/torsion_reduced_optimizer_numerical_tests/meshes/smooth_star-p4-dof200000.msh,24713,198742,,0.026136988875920652,0.5,6.231776710328441e-05,198603,/home/asaleh/PycharmProjects/hdgfem/run_outputs/torsion_reduced_optimizer_numerical_tests/cases/inner_newton_accuracy-smooth_star-925bf1497f3e/attempt_001/run/logs/newton.csv,,,,,,None,1e-08,1,0,None,0,1e-08,71,7.219209372941415e-15,gmres,hypre,,,0.007481931550258169,24713,,,4,,1,1.4773284349939786,1,1.2077353659988148,1,47.816101497999625,1,7.88519178100978,,,1,0.08934686999418773,,,9,1.4743008270306746,9,4.5271660960279405,1,0.20555284500005655,1,0.3300708150054561,1,97.29119774699211,16,9.428172972984612,,,/home/asaleh/PycharmProjects/hdgfem/run_outputs/torsion_reduced_optimizer_numerical_tests/cases/inner_newton_accuracy-smooth_star-925bf1497f3e/attempt_001/run/logs/phases.csv,0.08521883513858551,0.049854213682627525,,,,none,0,,,,11.118956529357812,416.8791093805478,0.026671896670187618,16,,,,16.06772371099214,7,,,,,,,1,0.7788564626732131,0.6086345545614078,1.0,,/home/asaleh/PycharmProjects/hdgfem/run_outputs/torsion_reduced_optimizer_numerical_tests/cases/inner_newton_accuracy-smooth_star-925bf1497f3e/attempt_001/run,,run,/home/asaleh/PycharmProjects/hdgfem/run_outputs/torsion_reduced_optimizer_numerical_tests/cases/inner_newton_accuracy-smooth_star-925bf1497f3e/attempt_001/run,0.062317767103284405,0.0,gmres,cg,hypre,optimized,,,completed,,,,,,,,,,,,,,,,,cg,hypre,0.6087154232497601,sharp_indicator,,,False,97.29119774699211,1e-11,,,,None,,,,,,,300,1.2777089686395282e-05,7.887092399009433e-06,,,,,,,,,,,,,,,,99.66338872909546,
-7.903230298260811,8,8,,,,,0.6,0.7,0.6,0.7,,0.23077791802643333,,0.0,0.5376316578283044,0.5783382074377152,0.04108818467014342,0.047276284379385004,0.31040419819874154,0.5099331910165525,4,0.0,0.0,0.2983112250510187,0.39948512800726166,0.0004950479767393268,0.10727243692620482,0.17622756517899202,0.1376496527382441,0.22613137022776814,0.5062153141737415,2.7650063001294053e-13,0.3798282123143666,0.006188099709241585,0.6044512051338351,0.28064453654073923,,0.3274186259641958,,"[""draft"",""full""]",0,6,1,8,5,0.001,,,0,certified_subband_convergence,,,0.0,,0.0,0,,,,,easy,200000,4.849127340765605,,relative,None,0.08,0.002806445365407394,0.06,,0.08,/home/asaleh/PycharmProjects/hdgfem/run_outputs/torsion_reduced_optimizer_numerical_tests/cases/inner_newton_accuracy-smooth_star-76c3bac4d7e1/attempt_001/run/out/equilibrium.npz,/home/asaleh/PycharmProjects/hdgfem/run_outputs/torsion_reduced_optimizer_numerical_tests/cases/inner_newton_accuracy-smooth_star-76c3bac4d7e1/attempt_001/run/out/equilibrium.npz,,,0,,None,mumps,1,3,200,3.293557785989833,CONVERGED_RESIDUAL,1e-12,,CONVERGED_CERTIFIED_SUBBAND,,,,,smooth_star,file,0.036280838842093675,,,,,,,,,,,,,,,,1,0.1,gmres,1.0,hypre,0.35,0.00025,27,5.241835399996489,1,1,9,CONVERGED_LAMBDA1,2.1508700300037162,1e-11,,1.0,9,27,1,7.79390593500284,10,,,,,,,inner_newton_accuracy-smooth_star-76c3bac4d7e1,,,,,,,,,,,hminus1_grid_refined,0.000640334884312106,,0.9530644804007137,-0.04433935754465361,0.6666607082477913,0.365502512513396,0.4124380321126824,homotopy,0.000640334884312106,0.03578644671693757,,,,,,,,,,,,,/home/asaleh/PycharmProjects/hdgfem/run_outputs/torsion_reduced_optimizer_numerical_tests/cases/inner_newton_accuracy-smooth_star-76c3bac4d7e1/attempt_001/run/logs/initialization.csv,,,0.001,1e-08,1e-07,fixed_1e-3,0.001,0.001,0.001,,mumps,,2.0,inner_newton_accuracy,248.0,8.856953162990976,0.28671402503096033,,,,,,,/home/asaleh/PycharmProjects/hdgfem/run_outputs/torsion_reduced_optimizer_numerical_tests/meshes/smooth_star-p4-dof200000.msh,24713,198742,,0.026136988875920652,0.5,6.231776710328436e-05,198603,/home/asaleh/PycharmProjects/hdgfem/run_outputs/torsion_reduced_optimizer_numerical_tests/cases/inner_newton_accuracy-smooth_star-76c3bac4d7e1/attempt_001/run/logs/newton.csv,,,,,,None,1e-08,1,0,None,0,1e-08,61,5.2773379058375716e-14,gmres,hypre,,,0.007481931550258169,24713,,,4,,1,1.439551591000054,1,3.3875497010012623,1,48.57785562799836,1,7.818378304989892,,,1,0.08471893600653857,,,8,1.3211681329848943,8,4.007641146017704,1,0.20922904000326525,1,0.3273372380062938,1,90.56841455498943,15,1.1440509999665665,,,/home/asaleh/PycharmProjects/hdgfem/run_outputs/torsion_reduced_optimizer_numerical_tests/cases/inner_newton_accuracy-smooth_star-76c3bac4d7e1/attempt_001/run/logs/phases.csv,0.08521883513858547,0.04985421368262748,,,,none,0,,,,9.619221456221991,416.8791093805498,0.02307436674031331,16,,,,11.589461746028974,7,,,,,,,1,0.7788564626732131,0.6086345545614078,1.0,,/home/asaleh/PycharmProjects/hdgfem/run_outputs/torsion_reduced_optimizer_numerical_tests/cases/inner_newton_accuracy-smooth_star-76c3bac4d7e1/attempt_001/run,,run,/home/asaleh/PycharmProjects/hdgfem/run_outputs/torsion_reduced_optimizer_numerical_tests/cases/inner_newton_accuracy-smooth_star-76c3bac4d7e1/attempt_001/run,0.06231776710328435,0.0,gmres,cg,hypre,optimized,,,completed,,,,,,,,,,,,,,,,,cg,hypre,0.6087154232497601,sharp_indicator,,,False,90.56841455498943,1e-11,,,,None,,,,,,,300,1.2777089686395271e-05,1.2777089686395271e-05,,,,,,,,,,,,,,,,93.22208452224731,
-24.50254798319072,9,9,,,,,0.6,0.7,0.6,0.7,,0.18985514096857514,,0.0,0.5393786926783598,0.5798956191172149,0.04110794656242921,0.04731644501210243,0.31133757322533073,0.5114665430410604,8,0.0,0.0,0.2973778500244295,0.4006948882149306,0.0004966798759738578,0.1075447206351664,0.1766748738860853,0.13636452476770428,0.224020157136306,0.5074598458179984,2.6509892567978624e-14,0.37670488518109835,0.006208498449673222,0.5235402715174877,0.28064453654073923,,0.3274186259641958,,"[""draft"",""full""]",0,5,1,8,5,0.001,,,0,certified_subband_convergence,,,0.0,,0.0,0,,,,,easy,200000,4.849127340765605,,relative,None,0.08,0.002806445365407394,0.06,,0.08,/home/asaleh/PycharmProjects/hdgfem/run_outputs/torsion_reduced_optimizer_numerical_tests/cases/inner_newton_accuracy-smooth_star-554f023511cf/attempt_001/run/out/equilibrium.npz,/home/asaleh/PycharmProjects/hdgfem/run_outputs/torsion_reduced_optimizer_numerical_tests/cases/inner_newton_accuracy-smooth_star-554f023511cf/attempt_001/run/out/equilibrium.npz,,,0,,None,mumps,1,1,200,1.0953948620008305,CONVERGED_RESIDUAL,1e-12,,CONVERGED_CERTIFIED_SUBBAND,,,,,smooth_star,file,0.036280838842093675,,,,,,,,,,,,,,,,1,0.1,gmres,1.0,hypre,0.35,0.00025,27,5.271438102965476,1,1,9,CONVERGED_LAMBDA1,2.1841702990204794,1e-11,,1.0,9,27,1,7.859600044015679,10,,,,,,,inner_newton_accuracy-smooth_star-554f023511cf,,,,,,,,,,,hminus1_grid_refined,0.000640334884312106,,0.9530644804007137,-0.04433935754465361,0.6666607082477913,0.365502512513396,0.4124380321126824,homotopy,0.000640334884312106,0.03578644671693757,,,,,,,,,,,,,/home/asaleh/PycharmProjects/hdgfem/run_outputs/torsion_reduced_optimizer_numerical_tests/cases/inner_newton_accuracy-smooth_star-554f023511cf/attempt_001/run/logs/initialization.csv,,,1e-05,1e-08,1e-07,fixed_1e-5,1e-05,1e-05,1e-05,,mumps,,2.0,inner_newton_accuracy,432.0,10.953155652954592,0.37367461998655926,,,,,,,/home/asaleh/PycharmProjects/hdgfem/run_outputs/torsion_reduced_optimizer_numerical_tests/meshes/smooth_star-p4-dof200000.msh,24713,198742,,0.026136988875920652,0.5,6.231776710328436e-05,198603,/home/asaleh/PycharmProjects/hdgfem/run_outputs/torsion_reduced_optimizer_numerical_tests/cases/inner_newton_accuracy-smooth_star-554f023511cf/attempt_001/run/logs/newton.csv,,,,,,None,1e-08,1,0,None,0,1e-08,63,2.6509892567978624e-14,gmres,hypre,,,0.007481931550258169,24713,,,4,,1,1.436124382991693,1,1.1649856089934474,1,48.234425106988056,1,7.88395108601253,,,1,0.08927531899826135,,,9,1.4790476980269887,9,4.4919331970013445,1,0.20641600599628873,1,0.33242830699600745,1,93.3623600199935,15,5.565962965978542,,,/home/asaleh/PycharmProjects/hdgfem/run_outputs/torsion_reduced_optimizer_numerical_tests/cases/inner_newton_accuracy-smooth_star-554f023511cf/attempt_001/run/logs/phases.csv,0.08521883513858547,0.04985421368262748,,,,none,0,,,,11.329594618348626,416.879109380551,0.027177170463599142,16,,,,12.651635584014002,6,,,,,,,1,0.7788564626732131,0.6086345545614078,1.0,,/home/asaleh/PycharmProjects/hdgfem/run_outputs/torsion_reduced_optimizer_numerical_tests/cases/inner_newton_accuracy-smooth_star-554f023511cf/attempt_001/run,,run,/home/asaleh/PycharmProjects/hdgfem/run_outputs/torsion_reduced_optimizer_numerical_tests/cases/inner_newton_accuracy-smooth_star-554f023511cf/attempt_001/run,0.06231776710328435,0.0,gmres,cg,hypre,optimized,,,completed,,,,,,,,,,,,,,,,,cg,hypre,0.6087154232497601,sharp_indicator,,,False,93.3623600199935,1e-11,,,,None,,,,,,,300,1.4196766318216968e-05,8.763435998899362e-06,,,,,,,,,,,,,,,,96.016286611557,
-23.618693556820887,9,9,,,,,0.6,0.7,0.6,0.7,,0.19576073696953245,,0.0,0.5391164935409545,0.5797736804050471,0.04110975334782345,0.047317203024599734,0.3112209697039413,0.511274986335027,9,0.0,0.0,0.29749445354581894,0.4008749199077756,0.0004965959741421028,0.10753852076970544,0.1766646887236528,0.1364802636144084,0.2242102933514954,0.5072313550759243,7.229150801118416e-15,0.3770201133789462,0.006207449676776285,0.5229402063233785,0.28064453654073923,,0.3274186259641958,,"[""draft"",""full""]",0,5,1,8,5,0.001,,,0,certified_subband_convergence,,,0.0,,0.0,0,,,,,easy,200000,4.849127340765605,,relative,None,0.08,0.002806445365407394,0.06,,0.08,/home/asaleh/PycharmProjects/hdgfem/run_outputs/torsion_reduced_optimizer_numerical_tests/cases/inner_newton_accuracy-smooth_star-9d43a4d3b53d/attempt_001/run/out/equilibrium.npz,/home/asaleh/PycharmProjects/hdgfem/run_outputs/torsion_reduced_optimizer_numerical_tests/cases/inner_newton_accuracy-smooth_star-9d43a4d3b53d/attempt_001/run/out/equilibrium.npz,,,0,,None,mumps,1,1,200,1.131638273000135,CONVERGED_RESIDUAL,1e-12,,CONVERGED_CERTIFIED_SUBBAND,,,,,smooth_star,file,0.036280838842093675,,,,,,,,,,,,,,,,1,0.1,gmres,1.0,hypre,0.35,0.00025,27,5.260432024981128,1,1,9,CONVERGED_LAMBDA1,2.1592551580106374,1e-11,,1.0,9,27,1,7.816551345022162,10,,,,,,,inner_newton_accuracy-smooth_star-9d43a4d3b53d,,,,,,,,,,,hminus1_grid_refined,0.000640334884312106,,0.9530644804007137,-0.04433935754465361,0.6666607082477913,0.365502512513396,0.4124380321126824,homotopy,0.000640334884312106,0.03578644671693757,,,,,,,,,,,,,/home/asaleh/PycharmProjects/hdgfem/run_outputs/torsion_reduced_optimizer_numerical_tests/cases/inner_newton_accuracy-smooth_star-9d43a4d3b53d/attempt_001/run/logs/initialization.csv,,,1e-07,1e-08,1e-07,fixed_1e-7,1e-07,1e-07,1e-07,,mumps,,2.0,inner_newton_accuracy,569.0,14.380780404011603,0.45384501801163424,,,,,,,/home/asaleh/PycharmProjects/hdgfem/run_outputs/torsion_reduced_optimizer_numerical_tests/meshes/smooth_star-p4-dof200000.msh,24713,198742,,0.026136988875920652,0.5,6.231776710328436e-05,198603,/home/asaleh/PycharmProjects/hdgfem/run_outputs/torsion_reduced_optimizer_numerical_tests/cases/inner_newton_accuracy-smooth_star-9d43a4d3b53d/attempt_001/run/logs/newton.csv,,,,,,None,1e-08,1,0,None,0,1e-08,70,7.229150801118416e-15,gmres,hypre,,,0.007481931550258169,24713,,,4,,1,1.4740637939976295,1,1.20131503000448,1,48.46841659100028,1,7.840775372009375,,,1,0.08476170401263516,,,9,1.4731626299762866,9,4.5233335989760235,1,0.2181205230008345,1,0.40064384299330413,1,94.68740945200261,16,9.14653816599457,,,/home/asaleh/PycharmProjects/hdgfem/run_outputs/torsion_reduced_optimizer_numerical_tests/cases/inner_newton_accuracy-smooth_star-9d43a4d3b53d/attempt_001/run/logs/phases.csv,0.08521883513858547,0.04985421368262748,,,,none,0,,,,11.118956529454897,416.8791093805512,0.026671896670420282,16,,,,14.705712973998743,7,,,,,,,1,0.7788564626732131,0.6086345545614078,1.0,,/home/asaleh/PycharmProjects/hdgfem/run_outputs/torsion_reduced_optimizer_numerical_tests/cases/inner_newton_accuracy-smooth_star-9d43a4d3b53d/attempt_001/run,,run,/home/asaleh/PycharmProjects/hdgfem/run_outputs/torsion_reduced_optimizer_numerical_tests/cases/inner_newton_accuracy-smooth_star-9d43a4d3b53d/attempt_001/run,0.06231776710328435,0.0,gmres,cg,hypre,optimized,,,completed,,,,,,,,,,,,,,,,,cg,hypre,0.6087154232497601,sharp_indicator,,,False,94.68740945200261,1e-11,,,,None,,,,,,,300,1.2777089686395271e-05,7.887092399009426e-06,,,,,,,,,,,,,,,,97.2652382850647,
,,,,,,,,,0.45,0.5,,,,,,,,,,,,,,,,,,,,,,,,,,,,,,"[""full""]",,,,,,,,,,incomplete,,,,,,,,,,,difficult,200000,,,,,,,,,,,,,,,,,,,,,,,,,,,,,,smooth_star,,,,,,,,,,,,,,,,,,,,,,,,,,,,,,,,,,,,,,,,,,,,,,inner_newton_accuracy-smooth_star-5e1239030860,,,,,,,,,,,,,,,,,,,,,,,,,,,,,,,,,,,,,,,,adaptive,,,,,,,,inner_newton_accuracy,,,,,,,,,,,,,,,,,,,,,,,,,,,,,,,,,,,,,,,,,4,,,,,,,,,,,,,,,,,,,,,,,,,,,,,,,,,,,,,,,,,,,,,,,,,,,,,,,,,,,,,,,,,,,,,,,,,planned,,,,,,,,,,,,,,,,,,,,,,,,,,,,,,,,,,,,,,,,,,,,,,,,,,,,,,,
,,,,,,,,,0.45,0.5,,,,,,,,,,,,,,,,,,,,,,,,,,,,,,"[""full""]",,,,,,,,,,incomplete,,,,,,,,,,,difficult,200000,,,,,,,,,,,,,,,,,,,,,,,,,,,,,,smooth_star,,,,,,,,,,,,,,,,,,,,,,,,,,,,,,,,,,,,,,,,,,,,,,inner_newton_accuracy-smooth_star-2b76fbc1b902,,,,,,,,,,,,,,,,,,,,,,,,,,,,,,,,,,,,,,,,fixed_1e-3,0.001,,,,,,,inner_newton_accuracy,,,,,,,,,,,,,,,,,,,,,,,,,,,,,,,,,,,,,,,,,4,,,,,,,,,,,,,,,,,,,,,,,,,,,,,,,,,,,,,,,,,,,,,,,,,,,,,,,,,,,,,,,,,,,,,,,,,planned,,,,,,,,,,,,,,,,,,,,,,,,,,,,,,,,,,,,,,,,,,,,,,,,,,,,,,,
,,,,,,,,,0.45,0.5,,,,,,,,,,,,,,,,,,,,,,,,,,,,,,"[""full""]",,,,,,,,,,incomplete,,,,,,,,,,,difficult,200000,,,,,,,,,,,,,,,,,,,,,,,,,,,,,,smooth_star,,,,,,,,,,,,,,,,,,,,,,,,,,,,,,,,,,,,,,,,,,,,,,inner_newton_accuracy-smooth_star-c261b065ec84,,,,,,,,,,,,,,,,,,,,,,,,,,,,,,,,,,,,,,,,fixed_1e-5,1e-05,,,,,,,inner_newton_accuracy,,,,,,,,,,,,,,,,,,,,,,,,,,,,,,,,,,,,,,,,,4,,,,,,,,,,,,,,,,,,,,,,,,,,,,,,,,,,,,,,,,,,,,,,,,,,,,,,,,,,,,,,,,,,,,,,,,,planned,,,,,,,,,,,,,,,,,,,,,,,,,,,,,,,,,,,,,,,,,,,,,,,,,,,,,,,
,,,,,,,,,0.45,0.5,,,,,,,,,,,,,,,,,,,,,,,,,,,,,,"[""full""]",,,,,,,,,,incomplete,,,,,,,,,,,difficult,200000,,,,,,,,,,,,,,,,,,,,,,,,,,,,,,smooth_star,,,,,,,,,,,,,,,,,,,,,,,,,,,,,,,,,,,,,,,,,,,,,,inner_newton_accuracy-smooth_star-fb1780f0e05b,,,,,,,,,,,,,,,,,,,,,,,,,,,,,,,,,,,,,,,,fixed_1e-7,1e-07,,,,,,,inner_newton_accuracy,,,,,,,,,,,,,,,,,,,,,,,,,,,,,,,,,,,,,,,,,4,,,,,,,,,,,,,,,,,,,,,,,,,,,,,,,,,,,,,,,,,,,,,,,,,,,,,,,,,,,,,,,,,,,,,,,,,planned,,,,,,,,,,,,,,,,,,,,,,,,,,,,,,,,,,,,,,,,,,,,,,,,,,,,,,,
,,,,,,,,,0.6,0.7,,,,,,,,,,,,,,,,,,,,,,,,,,,,,,"[""full""]",,,,,,,,,,incomplete,,,,,,,,,,,easy,200000,,,,,,,,,,,,,,,,,,,,,,,,,,,,,,iter,,,,,,,,,,,,,,,,,,,,,,,,,,,,,,,,,,,,,,,,,,,,,,inner_newton_accuracy-iter-b5c95868704d,,,,,,,,,,,,,,,,,,,,,,,,,,,,,,,,,,,,,,,,adaptive,,,,,,,,inner_newton_accuracy,,,,,,,,,,,,,,,,,,,,,,,,,,,,,,,,,,,,,,,,,4,,,,,,,,,,,,,,,,,,,,,,,,,,,,,,,,,,,,,,,,,,,,,,,,,,,,,,,,,,,,,,,,,,,,,,,,,planned,,,,,,,,,,,,,,,,,,,,,,,,,,,,,,,,,,,,,,,,,,,,,,,,,,,,,,,
,,,,,,,,,0.6,0.7,,,,,,,,,,,,,,,,,,,,,,,,,,,,,,"[""full""]",,,,,,,,,,incomplete,,,,,,,,,,,easy,200000,,,,,,,,,,,,,,,,,,,,,,,,,,,,,,iter,,,,,,,,,,,,,,,,,,,,,,,,,,,,,,,,,,,,,,,,,,,,,,inner_newton_accuracy-iter-4a397055b296,,,,,,,,,,,,,,,,,,,,,,,,,,,,,,,,,,,,,,,,fixed_1e-3,0.001,,,,,,,inner_newton_accuracy,,,,,,,,,,,,,,,,,,,,,,,,,,,,,,,,,,,,,,,,,4,,,,,,,,,,,,,,,,,,,,,,,,,,,,,,,,,,,,,,,,,,,,,,,,,,,,,,,,,,,,,,,,,,,,,,,,,planned,,,,,,,,,,,,,,,,,,,,,,,,,,,,,,,,,,,,,,,,,,,,,,,,,,,,,,,
,,,,,,,,,0.6,0.7,,,,,,,,,,,,,,,,,,,,,,,,,,,,,,"[""full""]",,,,,,,,,,incomplete,,,,,,,,,,,easy,200000,,,,,,,,,,,,,,,,,,,,,,,,,,,,,,iter,,,,,,,,,,,,,,,,,,,,,,,,,,,,,,,,,,,,,,,,,,,,,,inner_newton_accuracy-iter-71264fa1dfa7,,,,,,,,,,,,,,,,,,,,,,,,,,,,,,,,,,,,,,,,fixed_1e-5,1e-05,,,,,,,inner_newton_accuracy,,,,,,,,,,,,,,,,,,,,,,,,,,,,,,,,,,,,,,,,,4,,,,,,,,,,,,,,,,,,,,,,,,,,,,,,,,,,,,,,,,,,,,,,,,,,,,,,,,,,,,,,,,,,,,,,,,,planned,,,,,,,,,,,,,,,,,,,,,,,,,,,,,,,,,,,,,,,,,,,,,,,,,,,,,,,
,,,,,,,,,0.6,0.7,,,,,,,,,,,,,,,,,,,,,,,,,,,,,,"[""full""]",,,,,,,,,,incomplete,,,,,,,,,,,easy,200000,,,,,,,,,,,,,,,,,,,,,,,,,,,,,,iter,,,,,,,,,,,,,,,,,,,,,,,,,,,,,,,,,,,,,,,,,,,,,,inner_newton_accuracy-iter-6aacc0446e49,,,,,,,,,,,,,,,,,,,,,,,,,,,,,,,,,,,,,,,,fixed_1e-7,1e-07,,,,,,,inner_newton_accuracy,,,,,,,,,,,,,,,,,,,,,,,,,,,,,,,,,,,,,,,,,4,,,,,,,,,,,,,,,,,,,,,,,,,,,,,,,,,,,,,,,,,,,,,,,,,,,,,,,,,,,,,,,,,,,,,,,,,planned,,,,,,,,,,,,,,,,,,,,,,,,,,,,,,,,,,,,,,,,,,,,,,,,,,,,,,,
,,,,,,,,,0.45,0.5,,,,,,,,,,,,,,,,,,,,,,,,,,,,,,"[""full""]",,,,,,,,,,incomplete,,,,,,,,,,,difficult,200000,,,,,,,,,,,,,,,,,,,,,,,,,,,,,,iter,,,,,,,,,,,,,,,,,,,,,,,,,,,,,,,,,,,,,,,,,,,,,,inner_newton_accuracy-iter-455f5c561d66,,,,,,,,,,,,,,,,,,,,,,,,,,,,,,,,,,,,,,,,adaptive,,,,,,,,inner_newton_accuracy,,,,,,,,,,,,,,,,,,,,,,,,,,,,,,,,,,,,,,,,,4,,,,,,,,,,,,,,,,,,,,,,,,,,,,,,,,,,,,,,,,,,,,,,,,,,,,,,,,,,,,,,,,,,,,,,,,,planned,,,,,,,,,,,,,,,,,,,,,,,,,,,,,,,,,,,,,,,,,,,,,,,,,,,,,,,
,,,,,,,,,0.45,0.5,,,,,,,,,,,,,,,,,,,,,,,,,,,,,,"[""full""]",,,,,,,,,,incomplete,,,,,,,,,,,difficult,200000,,,,,,,,,,,,,,,,,,,,,,,,,,,,,,iter,,,,,,,,,,,,,,,,,,,,,,,,,,,,,,,,,,,,,,,,,,,,,,inner_newton_accuracy-iter-5b19156c9133,,,,,,,,,,,,,,,,,,,,,,,,,,,,,,,,,,,,,,,,fixed_1e-3,0.001,,,,,,,inner_newton_accuracy,,,,,,,,,,,,,,,,,,,,,,,,,,,,,,,,,,,,,,,,,4,,,,,,,,,,,,,,,,,,,,,,,,,,,,,,,,,,,,,,,,,,,,,,,,,,,,,,,,,,,,,,,,,,,,,,,,,planned,,,,,,,,,,,,,,,,,,,,,,,,,,,,,,,,,,,,,,,,,,,,,,,,,,,,,,,
,,,,,,,,,0.45,0.5,,,,,,,,,,,,,,,,,,,,,,,,,,,,,,"[""full""]",,,,,,,,,,incomplete,,,,,,,,,,,difficult,200000,,,,,,,,,,,,,,,,,,,,,,,,,,,,,,iter,,,,,,,,,,,,,,,,,,,,,,,,,,,,,,,,,,,,,,,,,,,,,,inner_newton_accuracy-iter-5fcc1234e672,,,,,,,,,,,,,,,,,,,,,,,,,,,,,,,,,,,,,,,,fixed_1e-5,1e-05,,,,,,,inner_newton_accuracy,,,,,,,,,,,,,,,,,,,,,,,,,,,,,,,,,,,,,,,,,4,,,,,,,,,,,,,,,,,,,,,,,,,,,,,,,,,,,,,,,,,,,,,,,,,,,,,,,,,,,,,,,,,,,,,,,,,planned,,,,,,,,,,,,,,,,,,,,,,,,,,,,,,,,,,,,,,,,,,,,,,,,,,,,,,,
,,,,,,,,,0.45,0.5,,,,,,,,,,,,,,,,,,,,,,,,,,,,,,"[""full""]",,,,,,,,,,incomplete,,,,,,,,,,,difficult,200000,,,,,,,,,,,,,,,,,,,,,,,,,,,,,,iter,,,,,,,,,,,,,,,,,,,,,,,,,,,,,,,,,,,,,,,,,,,,,,inner_newton_accuracy-iter-bcf791807977,,,,,,,,,,,,,,,,,,,,,,,,,,,,,,,,,,,,,,,,fixed_1e-7,1e-07,,,,,,,inner_newton_accuracy,,,,,,,,,,,,,,,,,,,,,,,,,,,,,,,,,,,,,,,,,4,,,,,,,,,,,,,,,,,,,,,,,,,,,,,,,,,,,,,,,,,,,,,,,,,,,,,,,,,,,,,,,,,,,,,,,,,planned,,,,,,,,,,,,,,,,,,,,,,,,,,,,,,,,,,,,,,,,,,,,,,,,,,,,,,,
,,,,,,,,,0.15,0.2,,,,,,,,,,,,,,,,,,,,,,,,,,,0.0701611341357046,,0.09354817884760613,"[""draft"",""full""]",,,,,,,,,,overview_completed,,,,,,,,,,,,200000,,,,,,,,0.0018709635769521228,,,,,,0,,,,,,,,,,,,,,,hdgfem_torsion_optimizer_geometry_overview_v1,smooth_star,,,,,,,,,,,,,,,,,,,,,,,,,,,,,,,,,,,,,,,,,,,,,,geometry_overview-smooth_star-7d68eedfcb26,,,,,,,,,,,,,,,,,,,,,,,,,,,,,,,,,,,,,,,,,,,,,,,,geometry_overview,,,,,,,,,/home/asaleh/PycharmProjects/hdgfem/run_outputs/torsion_reduced_optimizer_numerical_tests/meshes/smooth_star-p4-dof200000.msh,,,,,,,,,,,,,,,,,,,,,,,,,,,,,,24713,198603,4,,,,,,,,,,,,,,,,,,,,,,,,,,,,,,,,,,,,,,,,,,,,,,,,,,,,,,,,,,,,,,,,/home/asaleh/PycharmProjects/hdgfem/run_outputs/torsion_reduced_optimizer_numerical_tests/cases/geometry_overview-smooth_star-7d68eedfcb26/attempt_001/run,,,,,,,,,completed,,,,,,,,,,,,,,,OVERVIEW_COMPLETE,,,,,,0.4527926210689786,0.01072284082613341,,,,0.46774089423803067,3.220886323993909,/home/asaleh/PycharmProjects/hdgfem/run_outputs/torsion_reduced_optimizer_numerical_tests/cases/geometry_overview-smooth_star-7d68eedfcb26/attempt_001/run/out/overview.npz,/home/asaleh/PycharmProjects/hdgfem/run_outputs/torsion_reduced_optimizer_numerical_tests/cases/geometry_overview-smooth_star-7d68eedfcb26/attempt_001/run/out/overview.npz,,,,,,,,,,,,,,,,,,,,,,,,,5.99656867980957,
,,,,,,,,,0.15,0.2,,,,,,,,,,,,,,,,,,,,,,,,,,,0.010665603171153318,,0.014220804228204426,"[""draft"",""full""]",,,,,,,,,,overview_completed,,,,,,,,,,,,200000,,,,,,,,0.00028441608456408865,,,,,,0,,,,,,,,,,,,,,,hdgfem_torsion_optimizer_geometry_overview_v1,pacman,,,,,,,,,,,,,,,,,,,,,,,,,,,,,,,,,,,,,,,,,,,,,,geometry_overview-pacman-ee766bf43747,,,,,,,,,,,,,,,,,,,,,,,,,,,,,,,,,,,,,,,,,,,,,,,,geometry_overview,,,,,,,,,/home/asaleh/PycharmProjects/hdgfem/run_outputs/torsion_reduced_optimizer_numerical_tests/meshes/pacman-p4-dof200000.msh,,,,,,,,,,,,,,,,,,,,,,,,,,,,,,24616,198109,4,,,,,,,,,,,,,,,,,,,,,,,,,,,,,,,,,,,,,,,,,,,,,,,,,,,,,,,,,,,,,,,,/home/asaleh/PycharmProjects/hdgfem/run_outputs/torsion_reduced_optimizer_numerical_tests/cases/geometry_overview-pacman-ee766bf43747/attempt_001/run,,,,,,,,,completed,,,,,,,,,,,,,,,OVERVIEW_COMPLETE,,,,,,0.14001522577976638,0.003952862796771996,,,,0.07110402114102213,2.8291932430001907,/home/asaleh/PycharmProjects/hdgfem/run_outputs/torsion_reduced_optimizer_numerical_tests/cases/geometry_overview-pacman-ee766bf43747/attempt_001/run/out/overview.npz,/home/asaleh/PycharmProjects/hdgfem/run_outputs/torsion_reduced_optimizer_numerical_tests/cases/geometry_overview-pacman-ee766bf43747/attempt_001/run/out/overview.npz,,,,,,,,,,,,,,,,,,,,,,,,,5.606044054031372,
,,,,,,,,,0.15,0.2,,,,,,,,,,,,,,,,,,,,,,,,,,,0.00918208415076943,,0.012242778867692573,"[""draft"",""full""]",,,,,,,,,,overview_completed,,,,,,,,,,,,200000,,,,,,,,0.00024485557735385145,,,,,,0,,,,,,,,,,,,,,,hdgfem_torsion_optimizer_geometry_overview_v1,horseshoe,,,,,,,,,,,,,,,,,,,,,,,,,,,,,,,,,,,,,,,,,,,,,,geometry_overview-horseshoe-aac211eea16e,,,,,,,,,,,,,,,,,,,,,,,,,,,,,,,,,,,,,,,,,,,,,,,,geometry_overview,,,,,,,,,/home/asaleh/PycharmProjects/hdgfem/run_outputs/torsion_reduced_optimizer_numerical_tests/meshes/horseshoe-p4-dof200000.msh,,,,,,,,,,,,,,,,,,,,,,,,,,,,,,24666,198529,4,,,,,,,,,,,,,,,,,,,,,,,,,,,,,,,,,,,,,,,,,,,,,,,,,,,,,,,,,,,,,,,,/home/asaleh/PycharmProjects/hdgfem/run_outputs/torsion_reduced_optimizer_numerical_tests/cases/geometry_overview-horseshoe-aac211eea16e/attempt_001/run,,,,,,,,,completed,,,,,,,,,,,,,,,OVERVIEW_COMPLETE,,,,,,0.11198363581892577,0.0015435527850473612,,,,0.06121389433846287,2.828066514004604,/home/asaleh/PycharmProjects/hdgfem/run_outputs/torsion_reduced_optimizer_numerical_tests/cases/geometry_overview-horseshoe-aac211eea16e/attempt_001/run/out/overview.npz,/home/asaleh/PycharmProjects/hdgfem/run_outputs/torsion_reduced_optimizer_numerical_tests/cases/geometry_overview-horseshoe-aac211eea16e/attempt_001/run/out/overview.npz,,,,,,,,,,,,,,,,,,,,,,,,,5.648094177246094,
,,,,,,,,,0.15,0.2,,,,,,,,,,,,,,,,,,,,,,,,,,,0.29013670229095656,,0.38684893638794215,"[""draft"",""full""]",,,,,,,,,,overview_completed,,,,,,,,,,,,200000,,,,,,,,0.007736978727758847,,,,,,0,,,,,,,,,,,,,,,hdgfem_torsion_optimizer_geometry_overview_v1,iter,,,,,,,,,,,,,,,,,,,,,,,,,,,,,,,,,,,,,,,,,,,,,,geometry_overview-iter-c4f89a5de292,,,,,,,,,,,,,,,,,,,,,,,,,,,,,,,,,,,,,,,,,,,,,,,,geometry_overview,,,,,,,,,/home/asaleh/PycharmProjects/hdgfem/run_outputs/torsion_reduced_optimizer_numerical_tests/meshes/iter-p4-dof200000.msh,,,,,,,,,,,,,,,,,,,,,,,,,,,,,,24430,196369,4,,,,,,,,,,,,,,,,,,,,,,,,,,,,,,,,,,,,,,,,,,,,,,,,,,,,,,,,,,,,,,,,/home/asaleh/PycharmProjects/hdgfem/run_outputs/torsion_reduced_optimizer_numerical_tests/cases/geometry_overview-iter-c4f89a5de292/attempt_001/run,,,,,,,,,completed,,,,,,,,,,,,,,,OVERVIEW_COMPLETE,,,,,,1.5749372940166593,0.04441898995828588,,,,1.9342446819397106,2.95362664500135,/home/asaleh/PycharmProjects/hdgfem/run_outputs/torsion_reduced_optimizer_numerical_tests/cases/geometry_overview-iter-c4f89a5de292/attempt_001/run/out/overview.npz,/home/asaleh/PycharmProjects/hdgfem/run_outputs/torsion_reduced_optimizer_numerical_tests/cases/geometry_overview-iter-c4f89a5de292/attempt_001/run/out/overview.npz,,,,,,,,,,,,,,,,,,,,,,,,,5.67121958732605,
-21.959652126740647,24,24,,,,,0.6,0.7,0.6,0.7,,0.31537878508970607,,350.0,0.27497405161786326,0.1524652547622257,0.008622746843662007,0.010467437964239906,0.08240888951346381,0.3452480565993575,-1,0.0006149754359282345,0.0025764098432108752,0.1569008097253421,inf,0.00014757528964623194,0.05265652415467056,0.2206019610142543,0.13888599319531975,0.5818561507459911,0.3387328328493647,6.650542068419557e-12,0.7958478816962963,0.001844691120577899,0.16039542122402,0.04266241268389901,,0.04977281479788218,,"[""draft"",""full""]",0,0,1,8,5,0.001,,,0,geometrically_unsuccessful_pde_converged,,,0.0,,0.0,0,,,,,,200000,2.7784429481292796,,relative,None,0.08,0.0004266241268389903,0.06,,0.08,/home/asaleh/PycharmProjects/hdgfem/run_outputs/torsion_reduced_optimizer_numerical_tests/cases/trajectory-pacman-f64373773ee3/attempt_001/run/out/equilibrium.npz,/home/asaleh/PycharmProjects/hdgfem/run_outputs/torsion_reduced_optimizer_numerical_tests/cases/trajectory-pacman-f64373773ee3/attempt_001/run/out/equilibrium.npz,,,3,,None,mumps,0,1,200,2.171162654994987,FAIL_STEP_STAGNATION,1e-12,,NEWTON_NOT_CONVERGED,,,,,pacman,file,0.01985157273528982,,,,,,,,,,,,,,,,1,0.1,gmres,1.0,hypre,0.35,0.00025,83,23.326029998948798,1,1,12,CONVERGED_LAMBDA1,2.972325882030418,1e-11,,1.0,12,83,1,30.145455798963667,13,,,,,,,trajectory-pacman-f64373773ee3,,,,,,,,,,,hminus1_grid_refined,0.00027036589026197303,,0.6517493524601515,0.061459970078046586,-0.027406941549837784,0.3731268756411237,0.721377523180972,homotopy,0.00027036589026197303,0.023253640156413062,,,,,,,,,,,,,/home/asaleh/PycharmProjects/hdgfem/run_outputs/torsion_reduced_optimizer_numerical_tests/cases/trajectory-pacman-f64373773ee3/attempt_001/run/logs/initialization.csv,,,None,1e-08,1e-07,,,1e-07,1e-07,,mumps,,2.0,trajectory,2506.0,45.90584718094033,4.20439367594372,,,,,,,/home/asaleh/PycharmProjects/hdgfem/run_outputs/torsion_reduced_optimizer_numerical_tests/meshes/pacman-p4-dof200000.msh,24616,198110,,0.015339860759635334,0.5,1.1726376771785123e-05,198109,/home/asaleh/PycharmProjects/hdgfem/run_outputs/torsion_reduced_optimizer_numerical_tests/cases/trajectory-pacman-f64373773ee3/attempt_001/run/logs/newton.csv,,,,,,None,1e-08,1,0,None,0,1e-08,181,6.529632750550603e-14,gmres,hypre,,,0.007144855268183875,24616,,,4,,2,7.172360327997012,1,2.24394664898864,1,47.76808629599691,1,30.701723420992494,,,1,0.08651028000167571,,,24,3.9530818450148217,24,11.518303582983208,1,0.20569520400022157,1,0.3257860290032113,1,166.1502948839916,30,22.845196805035812,,,/home/asaleh/PycharmProjects/hdgfem/run_outputs/torsion_reduced_optimizer_numerical_tests/cases/trajectory-pacman-f64373773ee3/attempt_001/run/logs/phases.csv,0.008332357731096297,0.009381101417428098,,,,none,0,,,,nan,182.51471071718424,nan,16,,,,20.775100925005972,7,,,,,,,1,0.4872477293218172,0.23845156763426725,1.0,,/home/asaleh/PycharmProjects/hdgfem/run_outputs/torsion_reduced_optimizer_numerical_tests/cases/trajectory-pacman-f64373773ee3/attempt_001/run,,run,/home/asaleh/PycharmProjects/hdgfem/run_outputs/torsion_reduced_optimizer_numerical_tests/cases/trajectory-pacman-f64373773ee3/attempt_001/run,0.011726376771785122,0.0,gmres,cg,hypre,optimized,,,failed,,,,,,,,,,,,,,,,,cg,hypre,0.2386947238028774,sharp_indicator,,,False,166.1502948839916,1e-11,,,,/home/asaleh/PycharmProjects/hdgfem/run_outputs/torsion_reduced_optimizer_numerical_tests/cases/trajectory-pacman-f64373773ee3/attempt_001/run/out/trajectory.npz,1,,,,,,300,9.617094749960275e-06,9.617094749960275e-06,,,,,,,,,,,,,,,,168.7817680835724,
,,,,,,,,,0.05,0.25,,0.000692291185259819,,1303.0,,,,,,,,,,,,,,,,,,,,,,,,,,"[""draft"",""full""]",0,,,,,,,,,pde_failure,,,2.9802322387695312e-08,,,,,,,,,200000,,,,,,,,,,/home/asaleh/PycharmProjects/hdgfem/run_outputs/torsion_reduced_optimizer_numerical_tests/cases/trajectory_candidate-horseshoe-7b66eb2dac47/attempt_001/run/out/equilibrium.npz,,,,1,,,,,,,,,,,,,,,,horseshoe,,,,,,,,,,,,,,,,,,,,,,,,,,,,,,,,,,0.2,6,108,9,43.63166384396027,15,,,,,,,trajectory_candidate-horseshoe-7b66eb2dac47,,,,,,,,,,,,,,,,,,,,,,,,,,,,,,,,,,,,,,,,,,,,,,,,trajectory_candidate,1736.0,27.81357464993198,12.130848487024195,,,,,,,,,,,,,,,,,,,,,,,,,,,,117,2.49421052016905e-13,,,,,,,,,4,,0,0.0,0,0.0,1,35.05194389799726,1,43.903125504992204,,,1,0.09166962599556427,,,0,0.0,0,0.0,1,0.37320715199166443,1,0.7260926809976809,1,82.6941352240101,0,0.0,,,,,,,,,,,,,,,,,,,,,,,,,,,,,,,,,,,,,/home/asaleh/PycharmProjects/hdgfem/run_outputs/torsion_reduced_optimizer_numerical_tests/cases/trajectory_candidate-horseshoe-7b66eb2dac47/attempt_001/run,,,,,,,,,failed,,,,,,,,,,,,,,,,,,,,,,,,82.6941352240101,,,,,,1,,,,,,,,,,,,,,,,,,,,,,,,85.27356505393982,near_wall_wide
,,,,,,,,,0.125,0.175,,0.0004624650755431503,,432.0,,,,,,,,,,,,,,,,,,,,,,,,,,"[""draft"",""full""]",0,,,,,,,,,pde_failure,,,9.5367431640625e-07,,,,,,,,,200000,,,,,,,,,,/home/asaleh/PycharmProjects/hdgfem/run_outputs/torsion_reduced_optimizer_numerical_tests/cases/trajectory_candidate-horseshoe-d534d7b293dc/attempt_001/run/out/equilibrium.npz,,,,1,,,,,,,,,,,,,,,,horseshoe,,,,,,,,,,,,,,,,,,,,,,,,,,,,,,,,,,0.8500000000000001,6,64,1,21.330289711026126,7,,,,,,,trajectory_candidate-horseshoe-d534d7b293dc,,,,,,,,,,,,,,,,,,,,,,,,,,,,,,,,,,,,,,,,,,,,,,,,trajectory_candidate,1150.0,18.115173967002193,4.368067295014043,,,,,,,,,,,,,,,,,,,,,,,,,,,,75,3.4493741008778514e-13,,,,,,,,,4,,,,,,,,,,,,,,,,,,,,,,,,,,,,,,,,,,,,,,,,,,,,,,,,,,,,,,trajectory_candidate-horseshoe-7b66eb2dac47,,,,,,,,,,/home/asaleh/PycharmProjects/hdgfem/run_outputs/torsion_reduced_optimizer_numerical_tests/cases/trajectory_candidate-horseshoe-d534d7b293dc/attempt_001/run,,,,,,,,,failed,,,,,,,,,,,,,,,,,,,,,,,,,,,,,,1,,,,,,,,,,,,,,,,,,,,,,,,65.28673458099365,near_wall_thin
,,,,,,,,,0.35,0.55,,0.001840414959588088,,3249.0,,,,,,,,,,,,,,,,,,,,,,,,,,"[""draft"",""full""]",0,,,,,,,,,pde_failure,,,2.9802322387695312e-08,,,,,,,,,200000,,,,,,,,,,/home/asaleh/PycharmProjects/hdgfem/run_outputs/torsion_reduced_optimizer_numerical_tests/cases/trajectory_candidate-horseshoe-a1b396c5c8fc/attempt_001/run/out/equilibrium.npz,,,,1,,,,,,,,,,,,,,,,horseshoe,,,,,,,,,,,,,,,,,,,,,,,,,,,,,,,,,,0.30000000000000004,5,311,9,109.60621743799129,14,,,,,,,trajectory_candidate-horseshoe-a1b396c5c8fc,,,,,,,,,,,,,,,,,,,,,,,,,,,,,,,,,,,,,,,,,,,,,,,,trajectory_candidate,4737.0,75.23450593304005,30.515059736047988,,,,,,,,,,,,,,,,,,,,,,,,,,,,315,2.522936476591687e-13,,,,,,,,,4,,0,0.0,0,0.0,1,47.93590771299205,1,109.83630185200309,,,1,0.09055451200401876,,,0,0.0,0,0.0,1,0.3802945589995943,1,0.733849038995686,1,161.18900922600005,0,0.0,,,,,,,,,,,,,,,,,,,,,,,,,,,trajectory_candidate-horseshoe-d534d7b293dc,,,,,,,,,,/home/asaleh/PycharmProjects/hdgfem/run_outputs/torsion_reduced_optimizer_numerical_tests/cases/trajectory_candidate-horseshoe-a1b396c5c8fc/attempt_001/run,,,,,,,,,failed,,,,,,,,,,,,,,,,,,,,,,,,161.18900922600005,,,,,,1,,,,,,,,,,,,,,,,,,,,,,,,163.7016921043396,mid_wide
,,,,,,,,,0.75,0.95,,0.0008555840176995844,,1280.0,,,,,,,,,,,,,,,,,,,,,,,,,,"[""draft"",""full""]",0,,,,,,,,,pde_failure,,,2.9802322387695312e-08,,,,,,,,,200000,,,,,,,,,,/home/asaleh/PycharmProjects/hdgfem/run_outputs/torsion_reduced_optimizer_numerical_tests/cases/trajectory_candidate-horseshoe-961c350b20b3/attempt_001/run/out/equilibrium.npz,,,,1,,,,,,,,,,,,,,,,horseshoe,,,,,,,,,,,,,,,,,,,,,,,,,,,,,,,,,,0.7,8,132,9,51.65218347200425,17,,,,,,,trajectory_candidate-horseshoe-961c350b20b3,,,,,,,,,,,,,,,,,,,,,,,,,,,,,,,,,,,,,,,,,,,,,,,,trajectory_candidate,2255.0,35.01178027897549,12.259052984969458,,,,,,,,,,,,,,,,,,,,,,,,,,,,141,2.1297535158674513e-13,,,,,,,,,4,,0,0.0,0,0.0,1,47.43538239999907,1,51.99904753599549,,,1,0.08761656499700621,,,0,0.0,0,0.0,1,0.36065889699966647,1,0.7147666220116662,1,103.35455902799731,0,0.0,,,,,,,,,,,,,,,,,,,,,,,,,,,trajectory_candidate-horseshoe-a1b396c5c8fc,,,,,,,,,,/home/asaleh/PycharmProjects/hdgfem/run_outputs/torsion_reduced_optimizer_numerical_tests/cases/trajectory_candidate-horseshoe-961c350b20b3/attempt_001/run,,,,,,,,,failed,,,,,,,,,,,,,,,,,,,,,,,,103.35455902799731,,,,,,1,,,,,,,,,,,,,,,,,,,,,,,,105.8620355129242,interior_wide
-0.39056829800799553,17,17,,,,,0.05,0.25,0.05,0.25,,0.572794636056642,,241.0,0.587369336773725,2.159366609744452,0.01526528484740847,0.020765656829254978,1.1233425180339618,0.176419199040669,-1,0.0,0.0,5.244119323661663,inf,0.0004400297585477206,0.12005388877868861,0.018854276910235744,4.3281491207298615,0.6797291021656612,0.17285968474621002,8.701773119183204e-13,0.7749417563899705,0.005500371981846507,0.017885286660844334,0.09671223409775757,,0.48356117048878783,,"[""draft"",""full""]",3,0,1,8,5,0.001,,,0,pde_converged_with_capped_trials,,,0.0,,0.0,0,,,,,,200000,10.850829461382203,,relative,None,0.08,0.023210936183461813,0.06,,0.08,/home/asaleh/PycharmProjects/hdgfem/run_outputs/torsion_reduced_optimizer_numerical_tests/cases/trajectory_candidate-iter-9aecf30783ce/attempt_001/run/out/equilibrium.npz,/home/asaleh/PycharmProjects/hdgfem/run_outputs/torsion_reduced_optimizer_numerical_tests/cases/trajectory_candidate-iter-9aecf30783ce/attempt_001/run/out/equilibrium.npz,,,0,,None,mumps,1,1,200,1.1132406079996144,CONVERGED_RESIDUAL,1e-12,,MAX_OPT_IT,,,,,iter,file,0.07592163393717102,,,,,,,,,,,,,,,,1,0.1,gmres,1.0,hypre,0.35,0.00025,30,5.654650773969479,1,0,10,CONVERGED_LAMBDA1,2.1970389560010517,1e-11,,0.9999999999999999,10,30,0,8.28539649999584,10,,,,,,,trajectory_candidate-iter-9aecf30783ce,,,,,,,,,,,hminus1_grid_refined,0.12833363818070187,,0.6287907471035804,0.05349375972933726,-0.2117014134643347,0.3232348088632788,0.6944440617596984,homotopy,0.12833363818070187,0.5066234068431933,,,,,,,,,,,,,/home/asaleh/PycharmProjects/hdgfem/run_outputs/torsion_reduced_optimizer_numerical_tests/cases/trajectory_candidate-iter-9aecf30783ce/attempt_001/run/logs/initialization.csv,,,None,1e-08,1e-07,,,1e-07,7.788187284688727e-08,,mumps,,2.0,trajectory_candidate,2721.0,54.09211492803297,2.859095978026744,,,,,,,/home/asaleh/PycharmProjects/hdgfem/run_outputs/torsion_reduced_optimizer_numerical_tests/meshes/iter-p4-dof200000.msh,24430,196402,,0.05468317840067455,0.5,0.00017613920138127232,196369,/home/asaleh/PycharmProjects/hdgfem/run_outputs/torsion_reduced_optimizer_numerical_tests/cases/trajectory_candidate-iter-9aecf30783ce/attempt_001/run/logs/newton.csv,,,,,,None,1e-08,1,0,None,0,1e-08,182,1.306527229643855e-13,gmres,hypre,,,0.006996850720709784,24430,,,4,,2,7.772417479995056,1,1.186694621006609,1,50.26785467300215,1,8.767716214002576,,,1,0.08588284699362703,,,18,4.120096932951128,18,7.842776864985353,1,0.38289780300692655,1,0.7482572050066665,1,182.00179980500252,30,52.044390809038305,,,/home/asaleh/PycharmProjects/hdgfem/run_outputs/torsion_reduced_optimizer_numerical_tests/cases/trajectory_candidate-iter-9aecf30783ce/attempt_001/run/logs/phases.csv,0.3547168152945593,0.14091136110501784,,,,none,0,,,,nan,90.59546752495582,nan,16,,,,58.95563254298759,14,,,,,,,1,2.520634197719531,6.366009335078591,1.0,,/home/asaleh/PycharmProjects/hdgfem/run_outputs/torsion_reduced_optimizer_numerical_tests/cases/trajectory_candidate-iter-9aecf30783ce/attempt_001/run,,run,/home/asaleh/PycharmProjects/hdgfem/run_outputs/torsion_reduced_optimizer_numerical_tests/cases/trajectory_candidate-iter-9aecf30783ce/attempt_001/run,0.17613920138127231,0.0,gmres,cg,hypre,optimized,,,completed,,,,,,,,,,,,,,,,,cg,hypre,6.367461841695605,sharp_indicator,,,False,182.00179980500252,1e-11,,,,/home/asaleh/PycharmProjects/hdgfem/run_outputs/torsion_reduced_optimizer_numerical_tests/cases/trajectory_candidate-iter-9aecf30783ce/attempt_001/run/out/trajectory.npz,1,,,,,,300,0.0004029499953181949,0.00030707970989040913,,,,,,,,,,,,,,,,184.5634536743164,near_wall_wide
,,,,,,,,,0.125,0.175,,0.0013037899625487626,,1877.0,,,,,,,,,,,,,,,,,,,,,,,,,,"[""draft"",""full""]",0,,,,,,,,,pde_failure,,,2.9802322387695312e-08,,,,,,,,,200000,,,,,,,,,,/home/asaleh/PycharmProjects/hdgfem/run_outputs/torsion_reduced_optimizer_numerical_tests/cases/trajectory_candidate-iter-bcf30a64c685/attempt_001/run/out/equilibrium.npz,,,,1,,,,,,,,,,,,,,,,iter,,,,,,,,,,,,,,,,,,,,,,,,,,,,,,,,,,0.15000000000000002,9,202,9,69.59620779800753,18,,,,,,,trajectory_candidate-iter-bcf30a64c685,,,,,,,,,,,,,,,,,,,,,,,,,,,,,,,,,,,,,,,,,,,,,,,,trajectory_candidate,2574.0,46.9843012750207,17.968714179005474,,,,,,,,,,,,,,,,,,,,,,,,,,,,210,4.793386331986938e-13,,,,,,,,,4,,0,0.0,0,0.0,1,51.320078104996355,1,70.03210057299293,,,1,0.08628877300361637,,,0,0.0,0,0.0,1,0.3864580340014072,1,0.749295654008165,1,125.27263390700682,0,0.0,,,,,,,,,,,,,,,,,,,,,,,,,,,trajectory_candidate-iter-9aecf30783ce,,,,,,,,,,/home/asaleh/PycharmProjects/hdgfem/run_outputs/torsion_reduced_optimizer_numerical_tests/cases/trajectory_candidate-iter-bcf30a64c685/attempt_001/run,,,,,,,,,failed,,,,,,,,,,,,,,,,,,,,,,,,125.27263390700682,,,,,,1,,,,,,,,,,,,,,,,,,,,,,,,127.85137796401978,near_wall_thin
,,,,,,,,,0.35,0.55,,0.0006677030905848369,,797.0,,,,,,,,,,,,,,,,,,,,,,,,,,"[""draft"",""full""]",0,,,,,,,,,pde_failure,,,0.0,,,,,,,,,200000,,,,,,,,,,/home/asaleh/PycharmProjects/hdgfem/run_outputs/torsion_reduced_optimizer_numerical_tests/cases/trajectory_candidate-iter-9a9d9ae4682b/attempt_002/run/out/equilibrium.npz,,,,1,,,,,,,,,,,,,,,,iter,,,,,,,,,,,,,,,,,,,,,,,,,,,,,,,,,,0.6,12,103,9,47.984991610981524,21,,,,,,,trajectory_candidate-iter-9a9d9ae4682b,,,,,,,,,,,,,,,,,,,,,,,,,,,,,,,,,,,,,,,,,,,,,,,,trajectory_candidate,2570.0,34.85197244599112,7.358830781027791,,,,,,,,,,,,,,,,,,,,,,,,,,,,112,2.085680294996079e-13,,,,,,,,,4,,0,0.0,0,0.0,1,48.45166000700556,1,48.53356200600683,,,1,0.07803151999542024,,,0,0.0,0,0.0,1,0.20545633698930033,1,0.3196770119975554,1,100.97582471799979,0,0.0,,,,,,,,,,,,,,,,,,,,,,,,,,,trajectory_candidate-iter-bcf30a64c685,,,,,,,,,,/home/asaleh/PycharmProjects/hdgfem/run_outputs/torsion_reduced_optimizer_numerical_tests/cases/trajectory_candidate-iter-9a9d9ae4682b/attempt_002/run,,,,,,,,,failed,,,,,,,,,,,,,,,,,,,,,,,,100.97582471799979,,,,,,1,,,,,,,,,,,,,,,,,,,,,,,,103.49420142173767,mid_wide
,,,,,,,,,0.75,0.95,,0.0008080748957581818,,1259.0,,,,,,,,,,,,,,,,,,,,,,,,,,"[""draft"",""full""]",0,,,,,,,,,pde_failure,,,2.9802322387695312e-08,,,,,,,,,200000,,,,,,,,,,/home/asaleh/PycharmProjects/hdgfem/run_outputs/torsion_reduced_optimizer_numerical_tests/cases/trajectory_candidate-iter-c24757c6210b/attempt_001/run/out/equilibrium.npz,,,,1,,,,,,,,,,,,,,,,iter,,,,,,,,,,,,,,,,,,,,,,,,,,,,,,,,,,0.9250000000000002,8,125,10,49.95851847897575,18,,,,,,,trajectory_candidate-iter-c24757c6210b,,,,,,,,,,,,,,,,,,,,,,,,,,,,,,,,,,,,,,,,,,,,,,,,trajectory_candidate,2204.0,34.0240265550965,11.302686931143398,,,,,,,,,,,,,,,,,,,,,,,,,,,,135,3.74321609533063e-13,,,,,,,,,4,,0,0.0,0,0.0,1,48.03451594899525,1,50.32980556800612,,,1,0.07929906400386244,,,0,0.0,0,0.0,1,0.37483169900951907,1,0.718782864001696,1,102.17398193299596,0,0.0,,,,,,,,,,,,,,,,,,,,,,,,,,,trajectory_candidate-iter-9a9d9ae4682b,,,,,,,,,,/home/asaleh/PycharmProjects/hdgfem/run_outputs/torsion_reduced_optimizer_numerical_tests/cases/trajectory_candidate-iter-c24757c6210b/attempt_001/run,,,,,,,,,failed,,,,,,,,,,,,,,,,,,,,,,,,102.17398193299596,,,,,,1,,,,,,,,,,,,,,,,,,,,,,,,104.67705726623535,interior_wide
,,,,,,,,,0.05,0.25,,0.0009103369520744309,,1969.0,,,,,,,,,,,,,,,,,,,,,,,,,,"[""draft"",""full""]",0,,,,,,,,,pde_failure,,,2.9802322387695312e-08,,,,,,,,,200000,,,,,,,,,,/home/asaleh/PycharmProjects/hdgfem/run_outputs/torsion_reduced_optimizer_numerical_tests/cases/trajectory_candidate-pacman-39c11e1119bf/attempt_001/run/out/equilibrium.npz,,,,1,,,,,,,,,,,,,,,,pacman,,,,,,,,,,,,,,,,,,,,,,,,,,,,,,,,,,0.2,3,161,9,70.5630200249725,12,,,,,,,trajectory_candidate-pacman-39c11e1119bf,,,,,,,,,,,,,,,,,,,,,,,,,,,,,,,,,,,,,,,,,,,,,,,,trajectory_candidate,3725.0,49.67643486011366,17.6391208240384,,,,,,,,,,,,,,,,,,,,,,,,,,,,169,2.9657899161929256e-13,,,,,,,,,4,,0,0.0,0,0.0,1,47.44658143199922,1,70.70360815800086,,,1,0.08290722699894104,,,0,0.0,0,0.0,1,0.3642963110032724,1,0.706972740998026,1,121.19889851099288,0,0.0,,,,,,,,,,,,,,,,,,,,,,,,,,,trajectory-pacman-f64373773ee3,,,,,,,,,,/home/asaleh/PycharmProjects/hdgfem/run_outputs/torsion_reduced_optimizer_numerical_tests/cases/trajectory_candidate-pacman-39c11e1119bf/attempt_001/run,,,,,,,,,failed,,,,,,,,,,,,,,,,,,,,,,,,121.19889851099288,,,,,,1,,,,,,,,,,,,,,,,,,,,,,,,123.66584324836731,near_wall_wide
,,,,,,,,,0.125,0.175,,0.0009583939099684358,,2057.0,,,,,,,,,,,,,,,,,,,,,,,,,,"[""draft"",""full""]",0,,,,,,,,,pde_failure,,,2.9802322387695312e-08,,,,,,,,,200000,,,,,,,,,,/home/asaleh/PycharmProjects/hdgfem/run_outputs/torsion_reduced_optimizer_numerical_tests/cases/trajectory_candidate-pacman-618faf2e713d/attempt_001/run/out/equilibrium.npz,,,,1,,,,,,,,,,,,,,,,pacman,,,,,,,,,,,,,,,,,,,,,,,,,,,,,,,,,,0.30000000000000004,5,170,9,67.76389858699986,14,,,,,,,trajectory_candidate-pacman-618faf2e713d,,,,,,,,,,,,,,,,,,,,,,,,,,,,,,,,,,,,,,,,,,,,,,,,trajectory_candidate,3130.0,45.36306082706142,18.612486327969236,,,,,,,,,,,,,,,,,,,,,,,,,,,,179,3.0099621502281006e-13,,,,,,,,,4,,0,0.0,0,0.0,1,46.67222928999399,1,67.99560557299992,,,1,0.08159598299243953,,,0,0.0,0,0.0,1,0.3736445469985483,1,0.7023768700018991,1,117.97419455098861,0,0.0,,,,,,,,,,,,,,,,,,,,,,,,,,,trajectory_candidate-pacman-39c11e1119bf,,,,,,,,,,/home/asaleh/PycharmProjects/hdgfem/run_outputs/torsion_reduced_optimizer_numerical_tests/cases/trajectory_candidate-pacman-618faf2e713d/attempt_001/run,,,,,,,,,failed,,,,,,,,,,,,,,,,,,,,,,,,117.97419455098861,,,,,,1,,,,,,,,,,,,,,,,,,,,,,,,120.45329141616821,near_wall_thin
,,,,,,,,,0.35,0.55,,0.000723151009879075,,1788.0,,,,,,,,,,,,,,,,,,,,,,,,,,"[""draft"",""full""]",0,,,,,,,,,pde_failure,,,2.9802322387695312e-08,,,,,,,,,200000,,,,,,,,,,/home/asaleh/PycharmProjects/hdgfem/run_outputs/torsion_reduced_optimizer_numerical_tests/cases/trajectory_candidate-pacman-2c721469f3bd/attempt_001/run/out/equilibrium.npz,,,,1,,,,,,,,,,,,,,,,pacman,,,,,,,,,,,,,,,,,,,,,,,,,,,,,,,,,,0.2,4,120,9,58.415338499005884,13,,,,,,,trajectory_candidate-pacman-2c721469f3bd,,,,,,,,,,,,,,,,,,,,,,,,,,,,,,,,,,,,,,,,,,,,,,,,trajectory_candidate,3022.0,39.31653113399807,15.677095337989158,,,,,,,,,,,,,,,,,,,,,,,,,,,,129,3.101483980785253e-13,,,,,,,,,4,,0,0.0,0,0.0,1,42.36629213500419,1,58.603202555997996,,,1,0.08253793900075834,,,0,0.0,0,0.0,1,0.3709889640012989,1,0.7128739730105735,1,104.2155358279997,0,0.0,,,,,,,,,,,,,,,,,,,,,,,,,,,trajectory_candidate-pacman-618faf2e713d,,,,,,,,,,/home/asaleh/PycharmProjects/hdgfem/run_outputs/torsion_reduced_optimizer_numerical_tests/cases/trajectory_candidate-pacman-2c721469f3bd/attempt_001/run,,,,,,,,,failed,,,,,,,,,,,,,,,,,,,,,,,,104.2155358279997,,,,,,1,,,,,,,,,,,,,,,,,,,,,,,,106.70093989372253,mid_wide
0.00048258344036387625,6,6,,,,,0.75,0.95,0.75,0.95,,0.42536470893537626,,1913.0,0.5916094019080353,0.3880274450358371,0.019567796066014505,0.028907945661940094,0.2450105245245796,0.5242609476120816,10,0.006941498621445964,0.014853062545736222,0.2292755772769465,0.4945184540479455,0.0007472119676740471,0.07589705850431044,0.1624006311143081,0.15521421664854873,0.33211941593501515,0.4853354951603543,4.1969796058256546e-13,0.5899669272880577,0.009340149595925589,3.958955473465947e-12,0.05332801585487377,,0.0675488200828401,,"[""draft"",""full""]",0,2,1,8,5,0.001,,,0,certified_subband_convergence,,,0.0,,0.0,0,,,,,,200000,2.7784429481292796,,relative,None,0.08,0.0008532482536779802,0.06,,0.08,/home/asaleh/PycharmProjects/hdgfem/run_outputs/torsion_reduced_optimizer_numerical_tests/cases/trajectory_candidate-pacman-a23c820ffe43/attempt_001/run/out/equilibrium.npz,/home/asaleh/PycharmProjects/hdgfem/run_outputs/torsion_reduced_optimizer_numerical_tests/cases/trajectory_candidate-pacman-a23c820ffe43/attempt_001/run/out/equilibrium.npz,,,0,,None,mumps,1,1,200,1.02972466799838,CONVERGED_RESIDUAL,1e-12,,CONVERGED_CERTIFIED_SUBBAND,,,,,pacman,file,0.01985157273528982,,,,,,,,,,,,,,,,1,0.1,gmres,1.0,hypre,0.35,0.00025,12,2.3629285460192477,1,0,5,CONVERGED_LAMBDA1,1.0881171390064992,1e-11,,1.0,5,12,0,3.6210412479995284,5,,,,,,,trajectory_candidate-pacman-a23c820ffe43,,,,,,,,,,,hminus1_grid_refined,0.0001026063209939279,,1.0092732716792883,-0.0023071889905316558,0.0010808349031479017,0.22790646829624078,0.21863319661695252,homotopy,0.0001026063209939279,0.01432524491894836,,,,,,,,,,,,,/home/asaleh/PycharmProjects/hdgfem/run_outputs/torsion_reduced_optimizer_numerical_tests/cases/trajectory_candidate-pacman-a23c820ffe43/attempt_001/run/logs/initialization.csv,,,None,1e-08,1e-07,,,7.42392829541428e-08,6.661818387376512e-08,,mumps,,2.0,trajectory_candidate,4934.0,77.45689726801356,14.711291783038178,,,,,,,/home/asaleh/PycharmProjects/hdgfem/run_outputs/torsion_reduced_optimizer_numerical_tests/meshes/pacman-p4-dof200000.msh,24616,198110,,0.015339860759635334,0.5,3.7900017100744824e-05,198109,/home/asaleh/PycharmProjects/hdgfem/run_outputs/torsion_reduced_optimizer_numerical_tests/cases/trajectory_candidate-pacman-a23c820ffe43/attempt_001/run/logs/newton.csv,,,,,,None,1e-08,1,0,None,0,1e-08,200,1.384818423972148e-13,gmres,hypre,,,0.007144855268183875,24616,,,4,,2,3.855570790998172,1,1.1015850669937208,1,46.5845784030098,1,3.8503839890036033,,,1,0.08082054599071853,,,7,2.1811229120066855,7,4.291773777993512,1,0.36554106199764647,1,0.7136085819947766,1,185.38502487700316,21,85.53895747495699,,,/home/asaleh/PycharmProjects/hdgfem/run_outputs/torsion_reduced_optimizer_numerical_tests/cases/trajectory_candidate-pacman-a23c820ffe43/attempt_001/run/logs/phases.csv,0.023767354330223013,0.030320013680595857,,,,none,0,,,,48882870.75350691,186.66760917765146,261871.1996626319,16,,,,105.96220769798674,16,,,,,trajectory_candidate-pacman-2c721469f3bd,,1,0.6832384247553877,0.46745940142285847,1.0,,/home/asaleh/PycharmProjects/hdgfem/run_outputs/torsion_reduced_optimizer_numerical_tests/cases/trajectory_candidate-pacman-a23c820ffe43/attempt_001/run,,run,/home/asaleh/PycharmProjects/hdgfem/run_outputs/torsion_reduced_optimizer_numerical_tests/cases/trajectory_candidate-pacman-a23c820ffe43/attempt_001/run,0.03790001710074482,0.0,gmres,cg,hypre,optimized,,,completed,,,,,,,,,,,,,,,,,cg,hypre,0.46734460318007737,sharp_indicator,,,False,185.38502487700316,1e-11,,,,/home/asaleh/PycharmProjects/hdgfem/run_outputs/torsion_reduced_optimizer_numerical_tests/cases/trajectory_candidate-pacman-a23c820ffe43/attempt_001/run/out/trajectory.npz,1,,,,,,300,3.7900017100744826e-07,3.7900017100744826e-07,,,,,,,,,,,,,,,,187.8644576072693,interior_wide
,,,,,,,,,0.6,0.7,,,,,,,,,,,,,,,,,,,,,,,,,,,,,,"[""draft"",""full""]",,,,,,,,,,deferred,,,,working-storyboard prerequisite trajectory_candidate-pacman-a23c820ffe43 ended as certified_subband_convergence,,,,,,,,200000,,,,,,,,,,,,,,,,,,,,,,,,,,,,,,pacman,,,,,,,,,,,,,,,,,,,,,,,,,,,,,,,,,,,,,,,,,,,,,,trajectory_fit_rescue-pacman-ac0fca245f66,,,,,,,,,,,,,,,,,,,,,,,,,,,,,,,,,,,legacy_fit_window_newton,,,,,,,,,,,,,trajectory_fit_rescue,,,,,,,,,,,,,,,,,,,,,,,,,,,,,,,,,,,,,,,,,4,,,,,,,,,,,,,,,,,,,,,,,,,,,,,,,,,,,,,,,,,,,,,,,,,,,,,,trajectory_candidate-pacman-a23c820ffe43,,,,,,,,,,,,,,,,,,,deferred,,,,,,,,,,,,,,,,,,,,,,,,,,,,,,1,,,,,,,,,,,,,,,,,,,,,,,,,
0.09479503433390321,,0,,,,,,,0.6,0.7,,2.2221186280221445,,1398.0,,,,,,,,,,,,,,,,,,,,,0.204476891458737,,,,,"[""draft"",""full""]",0,,,,,,,,,pde_failure,,,2.9802322387695312e-08,,,,,,,,,200000,,,,,,,,,,/home/asaleh/PycharmProjects/hdgfem/run_outputs/torsion_reduced_optimizer_numerical_tests/cases/trajectory_fit_rescue-horseshoe-0e8fda738374/attempt_002/run/out/equilibrium.npz,,,,1,,,,,,,,,,,,,,,,horseshoe,,,,,,,,,,,,,,,,,,,,,,,,,,,,,,,,,,,0,0,0,0,0,,,,,,,trajectory_fit_rescue-horseshoe-0e8fda738374,,,,,,,,,,,,,,,,,,,,,,,,,,,,,,,,,,,legacy_fit_window_newton,,,,,,,1e-07,1e-07,,,,,trajectory_fit_rescue,4957.0,77.2817848239938,10.726525603036862,,,,,,,,,,,,,,,,,,,,,,,,,,,,174,0.000429609756487212,,,,,,,,,4,,,,,,,,,,,,,,,,,,,,,,,,,,,,,,,,,,,,insufficient_history,,,,,14174.464856672666,14174.464856672666,1.0,,,,,36.7287811349961,1,,,,,trajectory_candidate-horseshoe-961c350b20b3,,,,,,,,,,/home/asaleh/PycharmProjects/hdgfem/run_outputs/torsion_reduced_optimizer_numerical_tests/cases/trajectory_fit_rescue-horseshoe-0e8fda738374/attempt_002/run,,,,,,,,,failed,,,,,,,,,,,,,,,,,,,,,,,False,,,,,,,1,,,,,,,3.2644119574675e-05,3.2644119574675e-05,,,,,,,,,,,,,,,,102.29283738136292,
0.004224283696120995,0,0,,,,,0.6,0.7,0.6,0.7,,0.06737333092314657,,1278.0,0.0,0.8042581076740485,0.17262785882078396,0.18447297944538493,0.435450116779582,0.1470016923348322,-1,0.435450116779582,0.1470016923348322,2.9622115899709383,inf,0.0009476096499680775,0.8042581076740485,0.27150596209838573,2.9622115899709383,1.0,0.0,0.0028177924181005403,1.1082219600229335,0.011845120624600969,0.0,1.1605468091730908,,1.353971277368606,,"[""draft"",""full""]",0,0,1,8,5,0.001,,,0,pde_failure,,,2.9802322387695312e-08,,0.0,0,,,,,,200000,10.850829461382203,,relative,None,0.08,0.011605468091730903,0.06,,0.08,/home/asaleh/PycharmProjects/hdgfem/run_outputs/torsion_reduced_optimizer_numerical_tests/cases/trajectory_fit_rescue-iter-12c57975d4d5/attempt_001/run/out/equilibrium.npz,/home/asaleh/PycharmProjects/hdgfem/run_outputs/torsion_reduced_optimizer_numerical_tests/cases/trajectory_fit_rescue-iter-12c57975d4d5/attempt_001/run/out/equilibrium.npz,,,3,,None,mumps,0,0,400,1.1162664380099159,FAIL_LS,1e-12,,NEWTON_NOT_CONVERGED,,,,,iter,file,0.07592163393717102,,,,,,,,,,,,,,,,,0.1,gmres,,hypre,0.35,0.00025,,,1,,,,,1e-11,,,0,0,0,0,0,,,,,,,trajectory_fit_rescue-iter-12c57975d4d5,,,,,,,,,,,density_l2,17.277055490005733,,,,,,,legacy,,,,,,,,,,,,,,,/home/asaleh/PycharmProjects/hdgfem/run_outputs/torsion_reduced_optimizer_numerical_tests/cases/trajectory_fit_rescue-iter-12c57975d4d5/attempt_001/run/logs/initialization.csv,legacy_fit_window_newton,,None,1e-08,1e-07,,,1e-07,1e-07,,mumps,,2.0,trajectory_fit_rescue,2159.0,49.36687429003359,9.123036548960954,,,,,,,/home/asaleh/PycharmProjects/hdgfem/run_outputs/torsion_reduced_optimizer_numerical_tests/meshes/iter-p4-dof200000.msh,24430,196402,,0.05468317840067455,0.5,0.0003006202182691804,196369,/home/asaleh/PycharmProjects/hdgfem/run_outputs/torsion_reduced_optimizer_numerical_tests/cases/trajectory_fit_rescue-iter-12c57975d4d5/attempt_001/run/logs/newton.csv,,,,,,None,1e-08,1,0,None,0,1e-08,153,3.321706796048016e-13,gmres,hypre,,,0.006996850720709784,24430,,,4,,2,1.9726615049876273,1,1.3442582139978185,0,0.0,0,0.0,,,1,0.08241463100421242,,,1,1.2080542479961878,1,0.5607461589970626,1,0.4185558960016351,1,0.32808033500623424,1,79.44120219300385,9,21.977680320982472,,,/home/asaleh/PycharmProjects/hdgfem/run_outputs/torsion_reduced_optimizer_numerical_tests/cases/trajectory_fit_rescue-iter-12c57975d4d5/attempt_001/run/logs/phases.csv,0.7946781635765401,0.2404961746153443,,,,insufficient_history,0,,,,253328.57268152176,253328.57268152176,1.0,16,,,,41.940857778987265,10,,,,,trajectory_candidate-iter-c24757c6210b,,1,1.6140702871768995,2.9605126176218297,0.9995193762515877,,/home/asaleh/PycharmProjects/hdgfem/run_outputs/torsion_reduced_optimizer_numerical_tests/cases/trajectory_fit_rescue-iter-12c57975d4d5/attempt_001/run,,run,/home/asaleh/PycharmProjects/hdgfem/run_outputs/torsion_reduced_optimizer_numerical_tests/cases/trajectory_fit_rescue-iter-12c57975d4d5/attempt_001/run,0.3006202182691804,0.0,gmres,cg,hypre,optimized,,,failed,,,,,,,,,,,,,,,,,cg,hypre,2.9622115899709383,legacy_smoothed_interpolant,,,False,79.44120219300385,1e-11,,,,/home/asaleh/PycharmProjects/hdgfem/run_outputs/torsion_reduced_optimizer_numerical_tests/cases/trajectory_fit_rescue-iter-12c57975d4d5/attempt_001/run/out/trajectory.npz,1,,,,,,300,3.006202182691804e-06,3.006202182691804e-06,,,,,,,,,,,,,,,,81.92008900642395,
-44.993973065474606,,9,,,,,,,0.2,0.3,,9.965786081345868,,12250.0,,,,,,,,,,,,,,,,,,,,,0.004678788966442237,,,,,"[""draft"",""full""]",0,,,,,,,,,pde_failure,,,0.0,,,,,,,,,200000,,,,,,,,,,/home/asaleh/PycharmProjects/hdgfem/run_outputs/torsion_reduced_optimizer_numerical_tests/cases/trajectory_candidate-horseshoe-7c6c5e411075/attempt_001/run/out/equilibrium.npz,,,,1,,,,,,,,,,,,,,,,horseshoe,,,,,,,,,,,,,,,,,,,,,,,,,,,,,,,,,,1.0,23,574,6,228.41719662399555,29,,,,,,,trajectory_candidate-horseshoe-7c6c5e411075,,,,,,,,,,,,,,,,,,,,,,,,,,,,,,,,,,,,,,,,,,1e-07,1e-07,,,,,trajectory_candidate,69125.0,845.8940850017389,100.73508769713226,,,,,,,,,,,,,,,,,,,,,,,,,,,,1555,3.272852053983871e-13,,,,,,,,,4,,,,,,,,,,,,,,,,,,,,,,,,,,,,,,,,,,,,none,,,,,3.192744571599017,8.200550281998044,0.3893329669117171,,,,,578.8826446239982,14,,,,,trajectory_candidate-horseshoe-961c350b20b3,,,,,,,,,,/home/asaleh/PycharmProjects/hdgfem/run_outputs/torsion_reduced_optimizer_numerical_tests/cases/trajectory_candidate-horseshoe-7c6c5e411075/attempt_001/run,,,,,,,,,failed,,,,,,,,,,,,,,,,,,,,,,,False,,,,,,,1,,,,,,,2.785442169150433e-07,2.785442169150433e-07,,,,,,,,,,,,,,,,1062.3866834640503,robustness_lambda_one
-14.826054186735405,9,9,,,,,0.2,0.3,0.2,0.3,,2.1841811357589904,,10187.0,0.0,0.011398958813753478,0.0018453828197006045,0.004342100861796551,0.0,0.0,-1,0.0,0.0,0.22820858009501668,inf,0.00019973744336767568,0.01136462854944645,0.04979930441140594,0.228174249830709,0.9998495662858364,0.0,7.948524792632918e-07,1.0042610523971665,0.002496718042095946,0.004578328165266376,0.01224277886784133,,0.01836416830176199,,"[""draft"",""full""]",0,0,1,8,5,0.001,,,0,pde_failure,,,0.0,,0.0,0,,,,,,200000,3.057265785075925,,relative,None,0.08,0.00036728336603523965,0.06,,0.08,/home/asaleh/PycharmProjects/hdgfem/run_outputs/torsion_reduced_optimizer_numerical_tests/cases/trajectory_candidate-horseshoe-0ece12c40d74/attempt_001/run/out/equilibrium.npz,/home/asaleh/PycharmProjects/hdgfem/run_outputs/torsion_reduced_optimizer_numerical_tests/cases/trajectory_candidate-horseshoe-0ece12c40d74/attempt_001/run/out/equilibrium.npz,,,3,,None,mumps,0,102,200,100.77693003899185,FAIL_LS,1e-12,,NEWTON_NOT_CONVERGED,,,,,horseshoe,file,0.02204841713221762,,,,,,,,,,,,,,,,1,0.1,gmres,1.0,hypre,0.35,0.00025,578,199.60059334809193,1,6,23,CONVERGED_LAMBDA1,10.05137756204931,1e-11,,1.0,23,578,6,233.17486973199993,29,,,,,,,trajectory_candidate-horseshoe-0ece12c40d74,,,,,,,,,,,hminus1_grid_refined,0.00012614211955968695,,0.1688967239135798,0.003934746618458062,-0.005120707193126462,0.09308657242680743,0.9241898485132276,homotopy,0.00012614211955968695,0.015883458034048312,,,,,,,,,,,,,/home/asaleh/PycharmProjects/hdgfem/run_outputs/torsion_reduced_optimizer_numerical_tests/cases/trajectory_candidate-horseshoe-0ece12c40d74/attempt_001/run/logs/initialization.csv,,,None,1e-08,1e-07,,,1e-07,1e-07,,mumps,,2.0,trajectory_candidate,50237.0,715.1086911492312,84.69016107390053,,,,15,,,/home/asaleh/PycharmProjects/hdgfem/run_outputs/torsion_reduced_optimizer_numerical_tests/meshes/horseshoe-p4-dof200000.msh,24666,198880,,0.016201887910826933,0.5,4.601416390903056e-06,198529,/home/asaleh/PycharmProjects/hdgfem/run_outputs/torsion_reduced_optimizer_numerical_tests/cases/trajectory_candidate-horseshoe-0ece12c40d74/attempt_001/run/logs/newton.csv,,,,,,None,1e-08,1,0,None,0,1e-08,1320,3.272844984624313e-13,gmres,hypre,,,0.007211809074581347,24666,,,4,,2,6.741590989986435,1,116.51073770600487,1,36.75025561399525,1,234.18849150299502,,,1,0.08563279600639362,,,9,1.5686579080211231,9,8.76296077099687,1,0.21247920198948123,1,0.3216155760019319,1,897.848122490992,15,225.16426648397464,,,/home/asaleh/PycharmProjects/hdgfem/run_outputs/torsion_reduced_optimizer_numerical_tests/cases/trajectory_candidate-horseshoe-0ece12c40d74/attempt_001/run/logs/phases.csv,0.0023143755093095186,0.0036811331127224443,,,,none,0,,,,nan,8.20055041115455,nan,16,,,,310.50166499499755,7,,,,,trajectory_candidate-horseshoe-961c350b20b3,,1,0.47580871408374253,0.22847633008213472,1.0,,/home/asaleh/PycharmProjects/hdgfem/run_outputs/torsion_reduced_optimizer_numerical_tests/cases/trajectory_candidate-horseshoe-0ece12c40d74/attempt_001/run,,run,/home/asaleh/PycharmProjects/hdgfem/run_outputs/torsion_reduced_optimizer_numerical_tests/cases/trajectory_candidate-horseshoe-0ece12c40d74/attempt_001/run,0.004601416390903055,0.0,gmres,cg,hypre,optimized,,,failed,,,,,,,,,,,,,,,,,cg,hypre,0.22820858009501668,sharp_indicator,,,False,897.848122490992,1e-11,,,,/home/asaleh/PycharmProjects/hdgfem/run_outputs/torsion_reduced_optimizer_numerical_tests/cases/trajectory_candidate-horseshoe-0ece12c40d74/attempt_001/run/out/trajectory.npz,1,,,,,,300,7.130731953025108e-05,3.961517751680615e-05,,,,,,,,,,,,,,,,900.3926875591278,robustness_lambda_one
nan,0,0,,,,,0.2,0.3,0.2,0.3,,0.019913359778001904,,2207.0,0.0,0.019344328056316893,0.0030870951002530617,0.00460138732932585,0.012315884999082679,0.053967668498506274,-1,0.012315884999082679,0.053967668498506274,0.22820858009501668,inf,0.00012114337832582305,0.01934432804647287,0.0847659980111996,0.22820858008517264,0.9999999999568638,0.0,1.54031495390254e-12,1.034042608828622,0.001514292229072788,1.0,0.01224277886784133,,0.01836416830176199,,"[""draft"",""full""]",0,0,1,8,5,0.001,,,0,geometrically_unsuccessful_pde_converged,,,0.0,,0.0,0,,,,,,200000,3.057265785075925,,relative,None,0.08,0.00036728336603523965,0.06,,0.08,/home/asaleh/PycharmProjects/hdgfem/run_outputs/torsion_reduced_optimizer_numerical_tests/cases/trajectory_candidate-horseshoe-9e9172e39927/attempt_001/run/out/equilibrium.npz,/home/asaleh/PycharmProjects/hdgfem/run_outputs/torsion_reduced_optimizer_numerical_tests/cases/trajectory_candidate-horseshoe-9e9172e39927/attempt_001/run/out/equilibrium.npz,,,0,,None,mumps,1,0,200,0.0,CONVERGED_RESIDUAL,1e-11,,MAX_OPT_IT,,1e-11,,,horseshoe,file,0.02204841713221762,,,,,,,,,,,,,,,,1,0.1,gmres,1.0,hypre,0.35,0.00025,584,200.36700177911553,1,6,23,CONVERGED_LAMBDA1,10.415442701021675,1e-11,,1.0,23,584,6,235.0249647590099,29,,,,,,,trajectory_candidate-horseshoe-9e9172e39927,,,,,,,,,,,hminus1_grid_refined,0.00012614211955968695,,0.1688967239135798,0.003934746618458062,-0.005120707193126462,0.09308657242680743,0.9241898485132276,homotopy,0.00012614211955968695,0.015883458034048312,,,,,,,,,,,,,/home/asaleh/PycharmProjects/hdgfem/run_outputs/torsion_reduced_optimizer_numerical_tests/cases/trajectory_candidate-horseshoe-9e9172e39927/attempt_001/run/logs/initialization.csv,,,None,1e-08,1e-07,,,1e-07,1e-07,,mumps,,2.0,trajectory_candidate,16226.0,200.36700177911553,23.181522112106904,,,,0,,,/home/asaleh/PycharmProjects/hdgfem/run_outputs/torsion_reduced_optimizer_numerical_tests/meshes/horseshoe-p4-dof200000.msh,24666,198880,,0.016201887910826933,0.5,4.601416390903056e-06,198529,/home/asaleh/PycharmProjects/hdgfem/run_outputs/torsion_reduced_optimizer_numerical_tests/cases/trajectory_candidate-horseshoe-9e9172e39927/attempt_001/run/logs/newton.csv,,,,,,None,1e-08,1,0,None,0,1e-08,586,3.272844984624313e-13,gmres,hypre,,,0.007211809074581347,24666,,,4,,2,5.433807659996091,1,0.05871976299386006,1,37.15351662399189,1,236.05083921299956,,,1,0.08695789100602269,,,0,0.0,0,0.0,1,0.2136525460082339,1,0.32790793100139126,1,280.6873363269988,0,0.0,,,/home/asaleh/PycharmProjects/hdgfem/run_outputs/torsion_reduced_optimizer_numerical_tests/cases/trajectory_candidate-horseshoe-9e9172e39927/attempt_001/run/logs/phases.csv,0.0023143755093095186,0.0036811331127224443,,,,insufficient_history,0,,,,nan,nan,nan,16,,,,0.5897536940028658,1,,,,,trajectory_candidate-horseshoe-961c350b20b3,,1,0.47580871408374253,0.22847633008213472,1.0,,/home/asaleh/PycharmProjects/hdgfem/run_outputs/torsion_reduced_optimizer_numerical_tests/cases/trajectory_candidate-horseshoe-9e9172e39927/attempt_001/run,,run,/home/asaleh/PycharmProjects/hdgfem/run_outputs/torsion_reduced_optimizer_numerical_tests/cases/trajectory_candidate-horseshoe-9e9172e39927/attempt_001/run,0.004601416390903055,0.0,gmres,cg,hypre,optimized,,,completed,,,,,,,,,,,,,,,,,cg,hypre,0.22820858009501668,sharp_indicator,,,False,280.6873363269988,1e-11,,,,/home/asaleh/PycharmProjects/hdgfem/run_outputs/torsion_reduced_optimizer_numerical_tests/cases/trajectory_candidate-horseshoe-9e9172e39927/attempt_001/run/out/trajectory.npz,1,,,,,,300,2.3007081954515275e-05,2.3007081954515275e-05,,,,,,,,,,,,,,,,283.18912267684937,homotopy_endpoint
,,,,,"[""unresolved_two_grid_change""]",,,,0.6,0.7,,,,,,,,,,,,,,,,,,,,,,,,,,,,,,"[""full""]",,,,,,,,,,deferred,,,,canonical 200000-DOF level is already planned,,,,,,,,160000,,,,,,,,,,,,,,,,,,,,,,,,,,,,,,smooth_star,,,,,,,,,,,,,,,,,,,,,,,,,,,,,,,,,,,,,,,,,,,,,,mesh_order_refinement-smooth_star-55d731fa244e,,,,,,,,,,,,,,,,,,,,,,,,,,,,,,,,,,,,,,,,,,,,,,,,mesh_order_refinement,,,,,,,,,,,,,,,,,,,,,,,,,,,,,,,,,,,,,,,,,2,,,,,,,,,,,,,,,,,,,,,,,,,,,,,,,,,,,,,,,,,,,,,,,,,,,,,,,,,,,,,,,,,,,,,,,,,deferred,,,,,,,,,,,,,,,,,,,,,,,,,,,,,,,,,,,,,,,,,,,,,,,,,,,,,,,
-0.3905682980078506,17,17,,,,,0.05,0.25,0.05,0.25,,0.34580394116346724,,208.0,0.587369336773725,2.1593666097444673,0.015265284847408408,0.02076565682925497,1.1233425180339618,0.176419199040669,-1,0.0,0.0,5.244119323661663,inf,0.00044002975854772505,0.12005388877868872,0.01885427691023576,4.328149120729849,0.6797291021656593,0.17285968474621002,8.701784822917938e-13,0.7749417563899688,0.005500371981846563,0.01788528666084432,0.0967122340977577,,0.4835611704887885,,"[""draft"",""full""]",3,0,1,8,5,0.001,,,0,pde_converged_with_capped_trials,6.484809917019447,-3.8383996392970463,0.0,,0.0,1,,,,,,200000,10.850829461382203,,relative,None,0.08,0.023210936183461848,0.06,,0.08,/home/asaleh/PycharmProjects/hdgfem/run_outputs/torsion_reduced_optimizer_numerical_tests/cases/coercivity-iter-a7085a87da4b/attempt_001/run/out/equilibrium.npz,/home/asaleh/PycharmProjects/hdgfem/run_outputs/torsion_reduced_optimizer_numerical_tests/cases/coercivity-iter-a7085a87da4b/attempt_001/run/out/equilibrium.npz,,,0,,None,mumps,1,1,200,1.0492539600236341,CONVERGED_RESIDUAL,1e-12,,MAX_OPT_IT,,,,,iter,file,0.07592163393717102,,,,,,,,,,,,,,,,1,0.1,gmres,1.0,hypre,0.35,0.00025,30,5.411627014895203,1,0,10,CONVERGED_LAMBDA1,2.0620428009715397,1e-11,,0.9999999999999999,10,30,0,7.887128113012295,10,,,,,,,coercivity-iter-a7085a87da4b,,,,,,,,,,,hminus1_grid_refined,0.12833363818070168,,0.6287907471035808,0.05349375972931898,-0.21170141346421323,0.32323480886327943,0.6944440617596985,homotopy,0.12833363818070168,0.5066234068431928,,,,,,,,,,,,,/home/asaleh/PycharmProjects/hdgfem/run_outputs/torsion_reduced_optimizer_numerical_tests/cases/coercivity-iter-a7085a87da4b/attempt_001/run/logs/initialization.csv,,,None,1e-08,1e-07,,,1e-07,7.788187284688729e-08,,mumps,,2.0,coercivity,2671.0,51.88974456486176,2.4869608675071504,,,,,,,/home/asaleh/PycharmProjects/hdgfem/run_outputs/torsion_reduced_optimizer_numerical_tests/meshes/iter-p4-dof200000.msh,24430,196402,,0.05468317840067455,0.5,0.00017613920138127227,196369,/home/asaleh/PycharmProjects/hdgfem/run_outputs/torsion_reduced_optimizer_numerical_tests/cases/coercivity-iter-a7085a87da4b/attempt_001/run/logs/newton.csv,,,,,,/home/asaleh/PycharmProjects/hdgfem/run_outputs/torsion_reduced_optimizer_numerical_tests/cases/coercivity-iter-a7085a87da4b/attempt_001/run/logs/newton_spd.csv,1e-08,1,0,None,3,1e-08,179,1.3066307995206434e-13,gmres,hypre,True,,0.006996850720709784,24430,,,4,,1,1.4315018260094803,1,1.126668990997132,1,49.33239730997593,1,7.910429969982943,,,1,0.08103735101758502,,,18,4.503097879962297,18,7.783219025004655,1,0.4049618449935224,1,0.7529772210109513,1,182.4070562379784,30,56.28724348999094,,,/home/asaleh/PycharmProjects/hdgfem/run_outputs/torsion_reduced_optimizer_numerical_tests/cases/coercivity-iter-a7085a87da4b/attempt_001/run/logs/phases.csv,0.3547168152945589,0.1409113611050178,,,,none,0,,,,nan,90.59546752495568,nan,16,,,,65.26167076503043,14,,,,,,,1,2.520634197719531,6.366009335078591,1.0,,/home/asaleh/PycharmProjects/hdgfem/run_outputs/torsion_reduced_optimizer_numerical_tests/cases/coercivity-iter-a7085a87da4b/attempt_001/run,,run,/home/asaleh/PycharmProjects/hdgfem/run_outputs/torsion_reduced_optimizer_numerical_tests/cases/coercivity-iter-a7085a87da4b/attempt_001/run,0.17613920138127226,0.0,gmres,cg,hypre,optimized,,trajectory_candidate-iter-9aecf30783ce,completed,,,,,,,,,,,,,,,,,cg,hypre,6.367461841695605,sharp_indicator,,,False,182.4070562379784,1e-11,,,,None,,,,,,,300,0.00040294999531819466,0.00030707970989040897,,,,,,,,,,,,,,,,184.90617036819458,
-0.6231836093190876,0,0,,,,,0.6,0.7,0.6,0.7,,5.20771951955976,,5658.0,0.0,0.06115505349508973,0.007238164095989871,0.007825709183667906,0.04119929107260481,0.1726073126868182,-1,0.04119929107260481,0.1726073126868182,0.2386879815883441,inf,4.70036070142428e-05,0.06115505349508973,0.25621337567201635,0.2386879815883441,1.0,0.0,0.0005630826611590842,1.1145213201987034,0.000587545087678035,0.0664374801849497,0.04266399189736596,,0.049774657213593615,,"[""full""]",0,0,1,8,5,0.001,,,0,pde_failure,,,2.9802322387695312e-08,,0.0,0,,,,,,500000,2.7784425269493225,,relative,None,0.08,0.0004266399189736594,0.06,,0.08,/home/asaleh/PycharmProjects/hdgfem/run_outputs/torsion_reduced_optimizer_numerical_tests/cases/reference_fit_rescue-pacman-f21d7db196dd/attempt_001/run/out/equilibrium.npz,/home/asaleh/PycharmProjects/hdgfem/run_outputs/torsion_reduced_optimizer_numerical_tests/cases/reference_fit_rescue-pacman-f21d7db196dd/attempt_001/run/out/equilibrium.npz,,,3,,None,mumps,0,0,400,2.715920756018022,FAIL_LS,1e-12,,NEWTON_NOT_CONVERGED,,,,,pacman,file,0.013096401507812739,,,,,,,,,,,,,,,,,0.1,gmres,,hypre,0.35,0.00025,,,1,,,,,1e-11,,,0,0,0,0,0,,,,,,,reference_fit_rescue-pacman-f21d7db196dd,,,,,,,,,,,target_median_area,17.29884074745286,,,,,,,legacy,,,,,,,,,,,,,,,/home/asaleh/PycharmProjects/hdgfem/run_outputs/torsion_reduced_optimizer_numerical_tests/cases/reference_fit_rescue-pacman-f21d7db196dd/attempt_001/run/logs/initialization.csv,legacy_fit_window_newton,,None,1e-08,1e-07,,,1e-07,1e-07,,mumps,,2.0,reference_fit_rescue,23479.0,870.1405308693356,99.26954057152034,,,,,,,/home/asaleh/PycharmProjects/hdgfem/run_outputs/torsion_reduced_optimizer_numerical_tests/meshes/pacman-p4-dof500000.msh,61248,491850,,0.009701779798057674,0.5,1.1680285710695023e-05,491849,/home/asaleh/PycharmProjects/hdgfem/run_outputs/torsion_reduced_optimizer_numerical_tests/cases/reference_fit_rescue-pacman-f21d7db196dd/attempt_001/run/logs/newton.csv,,,,,,None,1e-08,1,0,None,0,1e-08,594,0.0004837992762363024,gmres,hypre,,,0.004713576538217021,61248,,,4,,1,3.6613162930007093,1,3.2052080929861404,0,0.0,0,0.0,,,1,0.22802979100379162,,,1,1.3449108980130404,1,2.84932025699527,1,0.6376292530039791,1,0.7040873999940231,1,1010.2013088709791,9,449.3896791759762,,,/home/asaleh/PycharmProjects/hdgfem/run_outputs/torsion_reduced_optimizer_numerical_tests/cases/reference_fit_rescue-pacman-f21d7db196dd/attempt_001/run/logs/phases.csv,0.00833072595878674,0.00934422856855602,,,,insufficient_history,0,,,,112.90712931252848,112.90712931252848,1.0,16,,,,780.1730168530485,10,,,,mesh_order-pacman-49d2ea1d4c0f,,,1,0.45828739578559596,0.2386711535345969,0.9995193765726696,,/home/asaleh/PycharmProjects/hdgfem/run_outputs/torsion_reduced_optimizer_numerical_tests/cases/reference_fit_rescue-pacman-f21d7db196dd/attempt_001/run,,run,/home/asaleh/PycharmProjects/hdgfem/run_outputs/torsion_reduced_optimizer_numerical_tests/cases/reference_fit_rescue-pacman-f21d7db196dd/attempt_001/run,0.011680285710695024,0.0,gmres,cg,hypre,optimized,,,failed,,,,,,,,,,,,,,,,,cg,hypre,0.2386879815883441,legacy_smoothed_interpolant,,,False,1010.2013088709791,1e-11,,,,None,,,,,,,300,1.1680285710695025e-07,1.1680285710695025e-07,,,,,,,,,,,,,,,,1012.7483644485474,
,,,,,,,,,0.6,0.7,,,,,,,,,,,,,,,,,,,,,,,,,,,,,,"[""full""]",,,,,,,,,,incomplete,,,,,,,,,,,,500000,,,,,,,,,,,,,,,,,,,,,,,,,,,,,,horseshoe,,,,,,,,,,,,,,,,,,,,,,,,,,,,,,,,,,,,,,,,,,,,,,reference_fit_rescue-horseshoe-a8a65998c9f5,,,,,,,,,,,,,,,,,,,,,,,,,,,,,,,,,,,legacy_fit_window_newton,,,,,,,,,,,,,reference_fit_rescue,,,,,,,,,,,,,,,,,,,,,,,,,,,,,,,,,,,,,,,,,4,,,,,,,,,,,,,,,,,,,,,,,,,,,,,,,,,,,,,,,,,,,,,,,,,,,,,mesh_order-horseshoe-aff9aa423cb0,,,,,,,,,,,,,,,,,,,,planned,,,,,,,,,,,,,,,,,,,,,,,,,,,,,,,,,,,,,,,,,,,,,,,,,,,,,,,
,,,,,,,,,0.6,0.7,,,,,,,,,,,,,,,,,,,,,,,,,,,,,,"[""full""]",,,,,,,,,,incomplete,,,,,,,,,,,,500000,,,,,,,,,,,,,,,,,,,,,,,,,,,,,,iter,,,,,,,,,,,,,,,,,,,,,,,,,,,,,,,,,,,,,,,,,,,,,,reference_fit_rescue-iter-8300bdeb991d,,,,,,,,,,,,,,,,,,,,,,,,,,,,,,,,,,,legacy_fit_window_newton,,,,,,,,,,,,,reference_fit_rescue,,,,,,,,,,,,,,,,,,,,,,,,,,,,,,,,,,,,,,,,,4,,,,,,,,,,,,,,,,,,,,,,,,,,,,,,,,,,,,,,,,,,,,,,,,,,,,,mesh_order-iter-a06857e8531e,,,,,,,,,,,,,,,,,,,,planned,,,,,,,,,,,,,,,,,,,,,,,,,,,,,,,,,,,,,,,,,,,,,,,,,,,,,,,
,,,,,,low_dof_mumps_full_hminus1,,,0.45,0.5,,,,,,,,,,,,,,,,,,,,,,,,,,,,,,"[""v3_pilot"",""v3_full""]",,,,,,,,,,deferred,,,,superseded_by_revised_v3_protocol,,,,,,,,50000,,,,,,,,,,,,,,,,,,,,,,,,,,,,,,smooth_star,,,,,,,,,,,,,,,,,,,,,,,,,,,,,,,,,,,,,,,,,,,,,,mumps_parent-smooth_star-8bb7fa13d827,,,,,,,,,,,,,,,,,,,,,,,none,full,,,,,,,,,,,,,,,,,,,,,,,,mumps_parent,,,,,,,,,,,,,,,,,,,,,,,,,,,,,,,,,,,,,,,,,4,,,,,,,,,,,,,,,,,,,,,,,,,,,,,,,,,,,,,,,,,,,,,,,,,,,,,,,,,,,,,,,,,,,,,,,,,deferred,,,,,,,,,,,,,,,,,,,,,,,,,,,,,,,,,,,,,,,,,,,,,,,,,,,,,,,
,,,,,,transferred_mumps_parent_fast_fallback,,,0.45,0.5,,,,,,,,,,,,,,,,,,,,,,,,,,,,,,"[""v3_full""]",,,,,,,,,,deferred,,,,superseded_by_revised_v3_protocol,,,,,,,,200000,,,,,,,,,,,,,,,,,,,,,,,,,,,,,,smooth_star,,,,,,,,,,,,,,,,,,,,,,,,,,,,,,,,,,,,,,,,,,,,,,warm_started_child-smooth_star-4f454915dbeb,,,,,,,,,,,,,,,,,,,,,,,window-fit,fast,,,,,,,,,,,,,,,,,,,,,,,,warm_started_child,,,,,,,,,,,,,,,,,,,,,,,,,,,,,,,,,,,,,,,,,4,mumps_parent-smooth_star-8bb7fa13d827,,,,,,,,,,,,,,,,,,,,,,,,,,,,,,,,,,,,,,,,,,,,,,,,,,,,,,,,,,,,,,,,,,,,,,,,deferred,,,,,,,,,,,,,,,,,,,,,,,,,,,,,,,,,,,,,,,,,,,,,,,,,,,,,,,
,,,,,,low_dof_mumps_full_hminus1,,,0.6,0.7,,,,,,,,,,,,,,,,,,,,,,,,,,,,,,"[""v3_pilot"",""v3_full""]",,,,,,,,,,deferred,,,,superseded_by_revised_v3_protocol,,,,,,,,50000,,,,,,,,,,,,,,,,,,,,,,,,,,,,,,smooth_star,,,,,,,,,,,,,,,,,,,,,,,,,,,,,,,,,,,,,,,,,,,,,,mumps_parent-smooth_star-cc5793db25a7,,,,,,,,,,,,,,,,,,,,,,,none,full,,,,,,,,,,,,,,,,,,,,,,,,mumps_parent,,,,,,,,,,,,,,,,,,,,,,,,,,,,,,,,,,,,,,,,,4,,,,,,,,,,,,,,,,,,,,,,,,,,,,,,,,,,,,,,,,,,,,,,,,,,,,,,,,,,,,,,,,,,,,,,,,,deferred,,,,,,,,,,,,,,,,,,,,,,,,,,,,,,,,,,,,,,,,,,,,,,,,,,,,,,,
,,,,,,transferred_mumps_parent_fast_fallback,,,0.6,0.7,,,,,,,,,,,,,,,,,,,,,,,,,,,,,,"[""v3_full""]",,,,,,,,,,deferred,,,,superseded_by_revised_v3_protocol,,,,,,,,200000,,,,,,,,,,,,,,,,,,,,,,,,,,,,,,smooth_star,,,,,,,,,,,,,,,,,,,,,,,,,,,,,,,,,,,,,,,,,,,,,,warm_started_child-smooth_star-c743daecee11,,,,,,,,,,,,,,,,,,,,,,,window-fit,fast,,,,,,,,,,,,,,,,,,,,,,,,warm_started_child,,,,,,,,,,,,,,,,,,,,,,,,,,,,,,,,,,,,,,,,,4,mumps_parent-smooth_star-cc5793db25a7,,,,,,,,,,,,,,,,,,,,,,,,,,,,,,,,,,,,,,,,,,,,,,,,,,,,,,,,,,,,,,,,,,,,,,,,deferred,,,,,,,,,,,,,,,,,,,,,,,,,,,,,,,,,,,,,,,,,,,,,,,,,,,,,,,
,,,,,,strict_storyboard_design_v3,,,0.45,0.5,,,,,,,,,,,,,,,,,,,,,,,,,,,0.2104834024071138,,0.23387044711901533,"[""v3_pilot"",""v3_full""]",,,,,,,,,,overview_completed,,,,,,,,,,,,200000,,,,,,,,0.0018709635769521228,,,,,,0,,,,,,,,,,,,,,,hdgfem_torsion_optimizer_geometry_overview_v1,smooth_star,,,,,,,,,,,,,,,,,,,,,,,,,,,,,,,,,,,,,,,,,,,,,,geometry_overview-smooth_star-e71962c6ec4d,,,,,,,,,,,,,,,,,,,,,,,,,,,,,,,,,,,,,,,,,,,,,,,,geometry_overview,,,,,,,,,/home/asaleh/PycharmProjects/hdgfem/run_outputs/torsion_reduced_optimizer_numerical_tests/meshes/smooth_star-p4-dof200000.msh,,,,,,,,,,,,,,,,,,,,,,,,,,,,,,24713,198603,4,,,,,,,,,,,,,,,,,,,,,,,,,,,,,,,,,,,,,,,,,,,,,,,,,,,,,,,,,,,,,,,,/home/asaleh/PycharmProjects/hdgfem/run_outputs/torsion_reduced_optimizer_numerical_tests/cases/geometry_overview-smooth_star-e71962c6ec4d/attempt_001/run,,,,,,,,,completed,,,,,,,,,,,,,,,OVERVIEW_COMPLETE,,,,,,0.3319365260435487,0.017634325482049296,,,,0.46774089423803067,2.963815194001654,/home/asaleh/PycharmProjects/hdgfem/run_outputs/torsion_reduced_optimizer_numerical_tests/cases/geometry_overview-smooth_star-e71962c6ec4d/attempt_001/run/out/overview.npz,/home/asaleh/PycharmProjects/hdgfem/run_outputs/torsion_reduced_optimizer_numerical_tests/cases/geometry_overview-smooth_star-e71962c6ec4d/attempt_001/run/out/overview.npz,,,,,,,,,,,,,,,,,,,,,,,,,5.515779733657837,
,,,,,,strict_storyboard_fast_fallback,,,0.45,0.5,,,,,,,,,,,,,,,,,,,,,,,,,,,,,,"[""v3_pilot"",""v3_full""]",,,,,,,,,,deferred,,,,superseded_by_revised_v3_protocol,,,,,,,,200000,,,,,,,,,,,,,,,,,,,,,,,,,,,,,,smooth_star,,,,,,,,,,,,,,,,,,,,,,,,,,,,,,,,,,,,,,,,,,,,,,trajectory_v3-smooth_star-9a751cf89697,,,,,,,,,,,,,,,,,,,,,,,window-fit,fast,,,,,,,,,,,,,,,,,,,,,,,,trajectory_v3,,,,,,,,,,,,,,,,,,,,,,,,,,,,,,,,,,,,,,,,,4,mumps_parent-smooth_star-8bb7fa13d827,,,,,,,,,,,,,,,,,,,,,,,,,,,,,,,,,,,,,,,,,,,,,,,,,,,,,,,,,,,,,,,,,,,,,,,,deferred,,,,,,,,,,,,,,,,,,,,,,,,,,,,,,1,,,,,,,,,,,,,,,,,,,,,,,,,
,,,,,,low_dof_mumps_full_hminus1,,,0.25,0.325,,0.0013201850815676153,,2258.0,,,,,,,,,,,,,,,,,,,,,,,,,,"[""v3_pilot"",""v3_full""]",0,,,,,,,,,pde_failure,,,2.9802322387695312e-08,,,,,,,,,75000,,,,,,,,,,/home/asaleh/PycharmProjects/hdgfem/run_outputs/torsion_reduced_optimizer_numerical_tests/cases/mumps_parent-pacman-9f4980ab50f5/attempt_001/run/out/equilibrium.npz,,,,1,,,,,,,,,,,,,,,,pacman,,,,,,,,,,,,,,,,,,,,,,,,,,,,,,,,,,0.2,3,221,9,39.90232693706639,12,,,,,,,mumps_parent-pacman-9f4980ab50f5,,,,,,,,,,,,,,,,,,,,,,,none,full,,,,,,,,,,,,,,,,,,,,,,,,mumps_parent,227.0,26.138569029135397,11.769027834176086,,,,,,,,,,,,,,,,,,,,,,,,,,,,227,1.511067566122059e-13,,,,,,,,,4,,0,0.0,0,0.0,1,9.01241088999086,1,39.91199720901204,0,0.0,1,0.030229880998376757,0,0.0,0,0.0,0,0.0,1,0.3094903750170488,1,0.8376534389972221,1,50.873058995988686,0,0.0,0,0.0,,,,,,,,,,,,,,,,,,,,,,,,,,,,,,,,,,,/home/asaleh/PycharmProjects/hdgfem/run_outputs/torsion_reduced_optimizer_numerical_tests/cases/mumps_parent-pacman-9f4980ab50f5/attempt_001/run,,,,,,,,,failed,,,,,,,,,,,,,,,,,,,,,,,,50.873058995988686,,,,,,,,,,,,,,,,,,,,,,,,,,,,,,53.01334857940674,
,,,,,,transferred_mumps_parent_fast_fallback,,,0.25,0.325,,,,,,,,,,,,,,,,,,,,,,,,,,,,,,"[""v3_full""]",,,,,,,,,,deferred,,,,superseded_by_revised_v3_protocol,,,,,,,,200000,,,,,,,,,,,,,,,,,,,,,,,,,,,,,,pacman,,,,,,,,,,,,,,,,,,,,,,,,,,,,,,,,,,,,,,,,,,,,,,warm_started_child-pacman-e8c2d360d8e2,,,,,,,,,,,,,,,,,,,,,,,window-fit,fast,,,,,,,,,,,,,,,,,,,,,,,,warm_started_child,,,,,,,,,,,,,,,,,,,,,,,,,,,,,,,,,,,,,,,,,4,mumps_parent-pacman-9f4980ab50f5,,,,,,,,,,,,,,,,,,,,,,,,,,,,,,,,,,,,,,,,,,,,,,,,,,,,,,,,,,,,,,,,,,,,,,,,deferred,,,,,,,,,,,,,,,,,,,,,,,,,,,,,,,,,,,,,,,,,,,,,,,,,,,,,,,
,,,,,,low_dof_mumps_full_hminus1,,,0.45,0.5,,,,,,,,,,,,,,,,,,,,,,,,,,,,,,"[""v3_pilot"",""v3_full""]",,,,,,,,,,deferred,,,,superseded_by_revised_v3_protocol,,,,,,,,75000,,,,,,,,,,,,,,,,,,,,,,,,,,,,,,pacman,,,,,,,,,,,,,,,,,,,,,,,,,,,,,,,,,,,,,,,,,,,,,,mumps_parent-pacman-764e8f898513,,,,,,,,,,,,,,,,,,,,,,,none,full,,,,,,,,,,,,,,,,,,,,,,,,mumps_parent,,,,,,,,,,,,,,,,,,,,,,,,,,,,,,,,,,,,,,,,,4,,,,,,,,,,,,,,,,,,,,,,,,,,,,,,,,,,,,,,,,,,,,,,,,,,,,,,,,,,,,,,,,,,,,,,,,,deferred,,,,,,,,,,,,,,,,,,,,,,,,,,,,,,,,,,,,,,,,,,,,,,,,,,,,,,,
,,,,,,transferred_mumps_parent_fast_fallback,,,0.45,0.5,,,,,,,,,,,,,,,,,,,,,,,,,,,,,,"[""v3_full""]",,,,,,,,,,deferred,,,,superseded_by_revised_v3_protocol,,,,,,,,200000,,,,,,,,,,,,,,,,,,,,,,,,,,,,,,pacman,,,,,,,,,,,,,,,,,,,,,,,,,,,,,,,,,,,,,,,,,,,,,,warm_started_child-pacman-98c878081657,,,,,,,,,,,,,,,,,,,,,,,window-fit,fast,,,,,,,,,,,,,,,,,,,,,,,,warm_started_child,,,,,,,,,,,,,,,,,,,,,,,,,,,,,,,,,,,,,,,,,4,mumps_parent-pacman-764e8f898513,,,,,,,,,,,,,,,,,,,,,,,,,,,,,,,,,,,,,,,,,,,,,,,,,,,,,,,,,,,,,,,,,,,,,,,,deferred,,,,,,,,,,,,,,,,,,,,,,,,,,,,,,,,,,,,,,,,,,,,,,,,,,,,,,,
,,,,,,low_dof_mumps_full_hminus1,,,0.6,0.7,,,,,,,,,,,,,,,,,,,,,,,,,,,,,,"[""v3_pilot"",""v3_full""]",,,,,,,,,,deferred,,,,superseded_by_revised_v3_protocol,,,,,,,,75000,,,,,,,,,,,,,,,,,,,,,,,,,,,,,,pacman,,,,,,,,,,,,,,,,,,,,,,,,,,,,,,,,,,,,,,,,,,,,,,mumps_parent-pacman-4933389636e1,,,,,,,,,,,,,,,,,,,,,,,none,full,,,,,,,,,,,,,,,,,,,,,,,,mumps_parent,,,,,,,,,,,,,,,,,,,,,,,,,,,,,,,,,,,,,,,,,4,,,,,,,,,,,,,,,,,,,,,,,,,,,,,,,,,,,,,,,,,,,,,,,,,,,,,,,,,,,,,,,,,,,,,,,,,deferred,,,,,,,,,,,,,,,,,,,,,,,,,,,,,,,,,,,,,,,,,,,,,,,,,,,,,,,
,,,,,,transferred_mumps_parent_fast_fallback,,,0.6,0.7,,,,,,,,,,,,,,,,,,,,,,,,,,,,,,"[""v3_full""]",,,,,,,,,,deferred,,,,superseded_by_revised_v3_protocol,,,,,,,,200000,,,,,,,,,,,,,,,,,,,,,,,,,,,,,,pacman,,,,,,,,,,,,,,,,,,,,,,,,,,,,,,,,,,,,,,,,,,,,,,warm_started_child-pacman-e5a26f428775,,,,,,,,,,,,,,,,,,,,,,,window-fit,fast,,,,,,,,,,,,,,,,,,,,,,,,warm_started_child,,,,,,,,,,,,,,,,,,,,,,,,,,,,,,,,,,,,,,,,,4,mumps_parent-pacman-4933389636e1,,,,,,,,,,,,,,,,,,,,,,,,,,,,,,,,,,,,,,,,,,,,,,,,,,,,,,,,,,,,,,,,,,,,,,,,deferred,,,,,,,,,,,,,,,,,,,,,,,,,,,,,,,,,,,,,,,,,,,,,,,,,,,,,,,
,,,,,,strict_storyboard_design_v3,,,0.25,0.325,,,,,,,,,,,,,,,,,,,,,,,,,,,0.017776005285254207,,0.02310880687083047,"[""v3_pilot"",""v3_full""]",,,,,,,,,,overview_completed,,,,,,,,,,,,200000,,,,,,,,0.000426624126846101,,,,,,0,,,,,,,,,,,,,,,hdgfem_torsion_optimizer_geometry_overview_v1,pacman,,,,,,,,,,,,,,,,,,,,,,,,,,,,,,,,,,,,,,,,,,,,,,geometry_overview-pacman-d2ef41d38e94,,,,,,,,,,,,,,,,,,,,,,,,,,,,,,,,,,,,,,,,,,,,,,,,geometry_overview,,,,,,,,,/home/asaleh/PycharmProjects/hdgfem/run_outputs/torsion_reduced_optimizer_numerical_tests/meshes/pacman-p4-dof200000.msh,,,,,,,,,,,,,,,,,,,,,,,,,,,,,,24616,198109,4,,,,,,,,,,,,,,,,,,,,,,,,,,,,,,,,,,,,,,,,,,,,,,,,,,,,,,,,,,,,,,,,/home/asaleh/PycharmProjects/hdgfem/run_outputs/torsion_reduced_optimizer_numerical_tests/cases/geometry_overview-pacman-d2ef41d38e94/attempt_001/run,,,,,,,,,completed,,,,,,,,,,,,,,,OVERVIEW_COMPLETE,,,,,,0.19325693623426216,0.0040930030815529055,,,,0.07110402114101683,2.8756619619962294,/home/asaleh/PycharmProjects/hdgfem/run_outputs/torsion_reduced_optimizer_numerical_tests/cases/geometry_overview-pacman-d2ef41d38e94/attempt_001/run/out/overview.npz,/home/asaleh/PycharmProjects/hdgfem/run_outputs/torsion_reduced_optimizer_numerical_tests/cases/geometry_overview-pacman-d2ef41d38e94/attempt_001/run/out/overview.npz,,,,,,,,,,,,,,,,,,,,,,,,,5.4453816413879395,
,,,,,,strict_storyboard_fast_fallback,,,0.25,0.325,,,,,,,,,,,,,,,,,,,,,,,,,,,,,,"[""v3_pilot"",""v3_full""]",,,,,,,,,,deferred,,,,superseded_by_revised_v3_protocol,,,,,,,,200000,,,,,,,,,,,,,,,,,,,,,,,,,,,,,,pacman,,,,,,,,,,,,,,,,,,,,,,,,,,,,,,,,,,,,,,,,,,,,,,trajectory_v3-pacman-902559067277,,,,,,,,,,,,,,,,,,,,,,,window-fit,fast,,,,,,,,,,,,,,,,,,,,,,,,trajectory_v3,,,,,,,,,,,,,,,,,,,,,,,,,,,,,,,,,,,,,,,,,4,mumps_parent-pacman-9f4980ab50f5,,,,,,,,,,,,,,,,,,,,,,,,,,,,,,,,,,,,,,,,,,,,,,,,,,,,,,,,,,,,,,,,,,,,,,,,deferred,,,,,,,,,,,,,,,,,,,,,,,,,,,,,,1,,,,,,,,,,,,,,,,,,,,,,,,,
,,,,,,low_dof_mumps_full_hminus1,,,0.45,0.5,,,,,,,,,,,,,,,,,,,,,,,,,,,,,,"[""v3_pilot"",""v3_full""]",,,,,,,,,,deferred,,,,superseded_by_revised_v3_protocol,,,,,,,,75000,,,,,,,,,,,,,,,,,,,,,,,,,,,,,,horseshoe,,,,,,,,,,,,,,,,,,,,,,,,,,,,,,,,,,,,,,,,,,,,,,mumps_parent-horseshoe-c4fa6a55c9c6,,,,,,,,,,,,,,,,,,,,,,,none,full,,,,,,,,,,,,,,,,,,,,,,,,mumps_parent,,,,,,,,,,,,,,,,,,,,,,,,,,,,,,,,,,,,,,,,,4,,,,,,,,,,,,,,,,,,,,,,,,,,,,,,,,,,,,,,,,,,,,,,,,,,,,,,,,,,,,,,,,,,,,,,,,,deferred,,,,,,,,,,,,,,,,,,,,,,,,,,,,,,,,,,,,,,,,,,,,,,,,,,,,,,,
,,,,,,transferred_mumps_parent_fast_fallback,,,0.45,0.5,,,,,,,,,,,,,,,,,,,,,,,,,,,,,,"[""v3_full""]",,,,,,,,,,deferred,,,,superseded_by_revised_v3_protocol,,,,,,,,200000,,,,,,,,,,,,,,,,,,,,,,,,,,,,,,horseshoe,,,,,,,,,,,,,,,,,,,,,,,,,,,,,,,,,,,,,,,,,,,,,,warm_started_child-horseshoe-81f4e41d7a7c,,,,,,,,,,,,,,,,,,,,,,,window-fit,fast,,,,,,,,,,,,,,,,,,,,,,,,warm_started_child,,,,,,,,,,,,,,,,,,,,,,,,,,,,,,,,,,,,,,,,,4,mumps_parent-horseshoe-c4fa6a55c9c6,,,,,,,,,,,,,,,,,,,,,,,,,,,,,,,,,,,,,,,,,,,,,,,,,,,,,,,,,,,,,,,,,,,,,,,,deferred,,,,,,,,,,,,,,,,,,,,,,,,,,,,,,,,,,,,,,,,,,,,,,,,,,,,,,,
,,,,,,low_dof_mumps_full_hminus1,,,0.6,0.695,,,,,,,,,,,,,,,,,,,,,,,,,,,,,,"[""v3_pilot"",""v3_full""]",,,,,,,,,,deferred,,,,superseded_by_revised_v3_protocol,,,,,,,,75000,,,,,,,,,,,,,,,,,,,,,,,,,,,,,,horseshoe,,,,,,,,,,,,,,,,,,,,,,,,,,,,,,,,,,,,,,,,,,,,,,mumps_parent-horseshoe-08394f86fc64,,,,,,,,,,,,,,,,,,,,,,,none,full,,,,,,,,,,,,,,,,,,,,,,,,mumps_parent,,,,,,,,,,,,,,,,,,,,,,,,,,,,,,,,,,,,,,,,,4,,,,,,,,,,,,,,,,,,,,,,,,,,,,,,,,,,,,,,,,,,,,,,,,,,,,,,,,,,,,,,,,,,,,,,,,,deferred,,,,,,,,,,,,,,,,,,,,,,,,,,,,,,,,,,,,,,,,,,,,,,,,,,,,,,,
,,,,,,transferred_mumps_parent_fast_fallback,,,0.6,0.695,,,,,,,,,,,,,,,,,,,,,,,,,,,,,,"[""v3_full""]",,,,,,,,,,deferred,,,,superseded_by_revised_v3_protocol,,,,,,,,200000,,,,,,,,,,,,,,,,,,,,,,,,,,,,,,horseshoe,,,,,,,,,,,,,,,,,,,,,,,,,,,,,,,,,,,,,,,,,,,,,,warm_started_child-horseshoe-3c23b7ca7111,,,,,,,,,,,,,,,,,,,,,,,window-fit,fast,,,,,,,,,,,,,,,,,,,,,,,,warm_started_child,,,,,,,,,,,,,,,,,,,,,,,,,,,,,,,,,,,,,,,,,4,mumps_parent-horseshoe-08394f86fc64,,,,,,,,,,,,,,,,,,,,,,,,,,,,,,,,,,,,,,,,,,,,,,,,,,,,,,,,,,,,,,,,,,,,,,,,deferred,,,,,,,,,,,,,,,,,,,,,,,,,,,,,,,,,,,,,,,,,,,,,,,,,,,,,,,
,,,,,,low_dof_mumps_full_hminus1,,,0.6,0.7,,,,,,,,,,,,,,,,,,,,,,,,,,,,,,"[""v3_pilot"",""v3_full""]",,,,,,,,,,deferred,,,,superseded_by_revised_v3_protocol,,,,,,,,75000,,,,,,,,,,,,,,,,,,,,,,,,,,,,,,horseshoe,,,,,,,,,,,,,,,,,,,,,,,,,,,,,,,,,,,,,,,,,,,,,,mumps_parent-horseshoe-25803f033160,,,,,,,,,,,,,,,,,,,,,,,none,full,,,,,,,,,,,,,,,,,,,,,,,,mumps_parent,,,,,,,,,,,,,,,,,,,,,,,,,,,,,,,,,,,,,,,,,4,,,,,,,,,,,,,,,,,,,,,,,,,,,,,,,,,,,,,,,,,,,,,,,,,,,,,,,,,,,,,,,,,,,,,,,,,deferred,,,,,,,,,,,,,,,,,,,,,,,,,,,,,,,,,,,,,,,,,,,,,,,,,,,,,,,
,,,,,,transferred_mumps_parent_fast_fallback,,,0.6,0.7,,,,,,,,,,,,,,,,,,,,,,,,,,,,,,"[""v3_full""]",,,,,,,,,,deferred,,,,superseded_by_revised_v3_protocol,,,,,,,,200000,,,,,,,,,,,,,,,,,,,,,,,,,,,,,,horseshoe,,,,,,,,,,,,,,,,,,,,,,,,,,,,,,,,,,,,,,,,,,,,,,warm_started_child-horseshoe-a62492c34d87,,,,,,,,,,,,,,,,,,,,,,,window-fit,fast,,,,,,,,,,,,,,,,,,,,,,,,warm_started_child,,,,,,,,,,,,,,,,,,,,,,,,,,,,,,,,,,,,,,,,,4,mumps_parent-horseshoe-25803f033160,,,,,,,,,,,,,,,,,,,,,,,,,,,,,,,,,,,,,,,,,,,,,,,,,,,,,,,,,,,,,,,,,,,,,,,,deferred,,,,,,,,,,,,,,,,,,,,,,,,,,,,,,,,,,,,,,,,,,,,,,,,,,,,,,,
,,,,,,strict_storyboard_design_v3,,,0.6,0.695,,,,,,,,,,,,,,,,,,,,,,,,,,,0.03672833660307772,,0.04254365656523169,"[""v3_pilot"",""v3_full""]",,,,,,,,,,overview_completed,,,,,,,,,,,,200000,,,,,,,,0.0004652255969723174,,,,,,0,,,,,,,,,,,,,,,hdgfem_torsion_optimizer_geometry_overview_v1,horseshoe,,,,,,,,,,,,,,,,,,,,,,,,,,,,,,,,,,,,,,,,,,,,,,geometry_overview-horseshoe-f2d52d393f31,,,,,,,,,,,,,,,,,,,,,,,,,,,,,,,,,,,,,,,,,,,,,,,,geometry_overview,,,,,,,,,/home/asaleh/PycharmProjects/hdgfem/run_outputs/torsion_reduced_optimizer_numerical_tests/meshes/horseshoe-p4-dof200000.msh,,,,,,,,,,,,,,,,,,,,,,,,,,,,,,24666,198529,4,,,,,,,,,,,,,,,,,,,,,,,,,,,,,,,,,,,,,,,,,,,,,,,,,,,,,,,,,,,,,,,,/home/asaleh/PycharmProjects/hdgfem/run_outputs/torsion_reduced_optimizer_numerical_tests/cases/geometry_overview-horseshoe-f2d52d393f31/attempt_001/run,,,,,,,,,completed,,,,,,,,,,,,,,,OVERVIEW_COMPLETE,,,,,,0.2808738700036967,0.009903721279529003,,,,0.06121389433846287,2.9028844090062194,/home/asaleh/PycharmProjects/hdgfem/run_outputs/torsion_reduced_optimizer_numerical_tests/cases/geometry_overview-horseshoe-f2d52d393f31/attempt_001/run/out/overview.npz,/home/asaleh/PycharmProjects/hdgfem/run_outputs/torsion_reduced_optimizer_numerical_tests/cases/geometry_overview-horseshoe-f2d52d393f31/attempt_001/run/out/overview.npz,,,,,,,,,,,,,,,,,,,,,,,,,5.438882827758789,
,,,,,,strict_storyboard_fast_fallback,,,0.6,0.695,,,,,,,,,,,,,,,,,,,,,,,,,,,,,,"[""v3_pilot"",""v3_full""]",,,,,,,,,,deferred,,,,superseded_by_revised_v3_protocol,,,,,,,,200000,,,,,,,,,,,,,,,,,,,,,,,,,,,,,,horseshoe,,,,,,,,,,,,,,,,,,,,,,,,,,,,,,,,,,,,,,,,,,,,,,trajectory_v3-horseshoe-c1c418afef7a,,,,,,,,,,,,,,,,,,,,,,,window-fit,fast,,,,,,,,,,,,,,,,,,,,,,,,trajectory_v3,,,,,,,,,,,,,,,,,,,,,,,,,,,,,,,,,,,,,,,,,4,mumps_parent-horseshoe-08394f86fc64,,,,,,,,,,,,,,,,,,,,,,,,,,,,,,,,,,,,,,,,,,,,,,,,,,,,,,,,,,,,,,,,,,,,,,,,deferred,,,,,,,,,,,,,,,,,,,,,,,,,,,,,,1,,,,,,,,,,,,,,,,,,,,,,,,,
,,,,,,low_dof_mumps_full_hminus1,,,0.25,0.345,,,,,,,,,,,,,,,,,,,,,,,,,,,,,,"[""v3_pilot"",""v3_full""]",,,,,,,,,,deferred,,,,superseded_by_revised_v3_protocol,,,,,,,,75000,,,,,,,,,,,,,,,,,,,,,,,,,,,,,,iter,,,,,,,,,,,,,,,,,,,,,,,,,,,,,,,,,,,,,,,,,,,,,,mumps_parent-iter-124139a45d5e,,,,,,,,,,,,,,,,,,,,,,,none,full,,,,,,,,,,,,,,,,,,,,,,,,mumps_parent,,,,,,,,,,,,,,,,,,,,,,,,,,,,,,,,,,,,,,,,,4,,,,,,,,,,,,,,,,,,,,,,,,,,,,,,,,,,,,,,,,,,,,,,,,,,,,,,,,,,,,,,,,,,,,,,,,,deferred,,,,,,,,,,,,,,,,,,,,,,,,,,,,,,,,,,,,,,,,,,,,,,,,,,,,,,,
,,,,,,transferred_mumps_parent_fast_fallback,,,0.25,0.345,,,,,,,,,,,,,,,,,,,,,,,,,,,,,,"[""v3_full""]",,,,,,,,,,deferred,,,,superseded_by_revised_v3_protocol,,,,,,,,200000,,,,,,,,,,,,,,,,,,,,,,,,,,,,,,iter,,,,,,,,,,,,,,,,,,,,,,,,,,,,,,,,,,,,,,,,,,,,,,warm_started_child-iter-99acdc6b10ac,,,,,,,,,,,,,,,,,,,,,,,window-fit,fast,,,,,,,,,,,,,,,,,,,,,,,,warm_started_child,,,,,,,,,,,,,,,,,,,,,,,,,,,,,,,,,,,,,,,,,4,mumps_parent-iter-124139a45d5e,,,,,,,,,,,,,,,,,,,,,,,,,,,,,,,,,,,,,,,,,,,,,,,,,,,,,,,,,,,,,,,,,,,,,,,,deferred,,,,,,,,,,,,,,,,,,,,,,,,,,,,,,,,,,,,,,,,,,,,,,,,,,,,,,,
,,,,,,low_dof_mumps_full_hminus1,,,0.45,0.5,,,,,,,,,,,,,,,,,,,,,,,,,,,,,,"[""v3_pilot"",""v3_full""]",,,,,,,,,,deferred,,,,superseded_by_revised_v3_protocol,,,,,,,,75000,,,,,,,,,,,,,,,,,,,,,,,,,,,,,,iter,,,,,,,,,,,,,,,,,,,,,,,,,,,,,,,,,,,,,,,,,,,,,,mumps_parent-iter-52f7bbc2102d,,,,,,,,,,,,,,,,,,,,,,,none,full,,,,,,,,,,,,,,,,,,,,,,,,mumps_parent,,,,,,,,,,,,,,,,,,,,,,,,,,,,,,,,,,,,,,,,,4,,,,,,,,,,,,,,,,,,,,,,,,,,,,,,,,,,,,,,,,,,,,,,,,,,,,,,,,,,,,,,,,,,,,,,,,,deferred,,,,,,,,,,,,,,,,,,,,,,,,,,,,,,,,,,,,,,,,,,,,,,,,,,,,,,,
,,,,,,transferred_mumps_parent_fast_fallback,,,0.45,0.5,,,,,,,,,,,,,,,,,,,,,,,,,,,,,,"[""v3_full""]",,,,,,,,,,deferred,,,,superseded_by_revised_v3_protocol,,,,,,,,200000,,,,,,,,,,,,,,,,,,,,,,,,,,,,,,iter,,,,,,,,,,,,,,,,,,,,,,,,,,,,,,,,,,,,,,,,,,,,,,warm_started_child-iter-e9786802a4b0,,,,,,,,,,,,,,,,,,,,,,,window-fit,fast,,,,,,,,,,,,,,,,,,,,,,,,warm_started_child,,,,,,,,,,,,,,,,,,,,,,,,,,,,,,,,,,,,,,,,,4,mumps_parent-iter-52f7bbc2102d,,,,,,,,,,,,,,,,,,,,,,,,,,,,,,,,,,,,,,,,,,,,,,,,,,,,,,,,,,,,,,,,,,,,,,,,deferred,,,,,,,,,,,,,,,,,,,,,,,,,,,,,,,,,,,,,,,,,,,,,,,,,,,,,,,
,,,,,,low_dof_mumps_full_hminus1,,,0.6,0.7,,,,,,,,,,,,,,,,,,,,,,,,,,,,,,"[""v3_pilot"",""v3_full""]",,,,,,,,,,deferred,,,,superseded_by_revised_v3_protocol,,,,,,,,75000,,,,,,,,,,,,,,,,,,,,,,,,,,,,,,iter,,,,,,,,,,,,,,,,,,,,,,,,,,,,,,,,,,,,,,,,,,,,,,mumps_parent-iter-6e1ef586b342,,,,,,,,,,,,,,,,,,,,,,,none,full,,,,,,,,,,,,,,,,,,,,,,,,mumps_parent,,,,,,,,,,,,,,,,,,,,,,,,,,,,,,,,,,,,,,,,,4,,,,,,,,,,,,,,,,,,,,,,,,,,,,,,,,,,,,,,,,,,,,,,,,,,,,,,,,,,,,,,,,,,,,,,,,,deferred,,,,,,,,,,,,,,,,,,,,,,,,,,,,,,,,,,,,,,,,,,,,,,,,,,,,,,,
,,,,,,transferred_mumps_parent_fast_fallback,,,0.6,0.7,,,,,,,,,,,,,,,,,,,,,,,,,,,,,,"[""v3_full""]",,,,,,,,,,deferred,,,,superseded_by_revised_v3_protocol,,,,,,,,200000,,,,,,,,,,,,,,,,,,,,,,,,,,,,,,iter,,,,,,,,,,,,,,,,,,,,,,,,,,,,,,,,,,,,,,,,,,,,,,warm_started_child-iter-de9649d4f893,,,,,,,,,,,,,,,,,,,,,,,window-fit,fast,,,,,,,,,,,,,,,,,,,,,,,,warm_started_child,,,,,,,,,,,,,,,,,,,,,,,,,,,,,,,,,,,,,,,,,4,mumps_parent-iter-6e1ef586b342,,,,,,,,,,,,,,,,,,,,,,,,,,,,,,,,,,,,,,,,,,,,,,,,,,,,,,,,,,,,,,,,,,,,,,,,deferred,,,,,,,,,,,,,,,,,,,,,,,,,,,,,,,,,,,,,,,,,,,,,,,,,,,,,,,
,,,,,,strict_storyboard_design_v3,,,0.25,0.345,,,,,,,,,,,,,,,,,,,,,,,,,,,0.48356117048493363,,0.6673144152692083,"[""v3_pilot"",""v3_full""]",,,,,,,,,,overview_completed,,,,,,,,,,,,200000,,,,,,,,0.014700259582741975,,,,,,0,,,,,,,,,,,,,,,hdgfem_torsion_optimizer_geometry_overview_v1,iter,,,,,,,,,,,,,,,,,,,,,,,,,,,,,,,,,,,,,,,,,,,,,,geometry_overview-iter-69e6a3cfe0ac,,,,,,,,,,,,,,,,,,,,,,,,,,,,,,,,,,,,,,,,,,,,,,,,geometry_overview,,,,,,,,,/home/asaleh/PycharmProjects/hdgfem/run_outputs/torsion_reduced_optimizer_numerical_tests/meshes/iter-p4-dof200000.msh,,,,,,,,,,,,,,,,,,,,,,,,,,,,,,24430,196369,4,,,,,,,,,,,,,,,,,,,,,,,,,,,,,,,,,,,,,,,,,,,,,,,,,,,,,,,,,,,,,,,,/home/asaleh/PycharmProjects/hdgfem/run_outputs/torsion_reduced_optimizer_numerical_tests/cases/geometry_overview-iter-69e6a3cfe0ac/attempt_001/run,,,,,,,,,completed,,,,,,,,,,,,,,,OVERVIEW_COMPLETE,,,,,,2.9273136491588723,0.11211618693456554,,,,1.9342446819397345,3.031790249980986,/home/asaleh/PycharmProjects/hdgfem/run_outputs/torsion_reduced_optimizer_numerical_tests/cases/geometry_overview-iter-69e6a3cfe0ac/attempt_001/run/out/overview.npz,/home/asaleh/PycharmProjects/hdgfem/run_outputs/torsion_reduced_optimizer_numerical_tests/cases/geometry_overview-iter-69e6a3cfe0ac/attempt_001/run/out/overview.npz,,,,,,,,,,,,,,,,,,,,,,,,,5.54418683052063,
,,,,,,strict_storyboard_fast_fallback,,,0.25,0.345,,,,,,,,,,,,,,,,,,,,,,,,,,,,,,"[""v3_pilot"",""v3_full""]",,,,,,,,,,deferred,,,,superseded_by_revised_v3_protocol,,,,,,,,200000,,,,,,,,,,,,,,,,,,,,,,,,,,,,,,iter,,,,,,,,,,,,,,,,,,,,,,,,,,,,,,,,,,,,,,,,,,,,,,trajectory_v3-iter-109f296352a3,,,,,,,,,,,,,,,,,,,,,,,window-fit,fast,,,,,,,,,,,,,,,,,,,,,,,,trajectory_v3,,,,,,,,,,,,,,,,,,,,,,,,,,,,,,,,,,,,,,,,,4,mumps_parent-iter-124139a45d5e,,,,,,,,,,,,,,,,,,,,,,,,,,,,,,,,,,,,,,,,,,,,,,,,,,,,,,,,,,,,,,,,,,,,,,,,deferred,,,,,,,,,,,,,,,,,,,,,,,,,,,,,,1,,,,,,,,,,,,,,,,,,,,,,,,,
-1.6378037558174936,8,8,0.9068860437730509,0.006924453391709786,,fixed_triangulation_p_enrichment,0.6,0.7,0.6,0.7,,0.05493637977633625,,0.0,0.5581808769505798,0.5845110699895221,0.0409331944928406,0.047164078019666704,0.31361306223904195,0.5151597633110594,2,0.0,0.0,0.2951554879741469,0.39847708065215554,0.0004984706821460883,0.10916141717867003,0.17931513896445941,0.13341889740232843,0.21916194152212043,0.5184153992819897,1.590196252568117e-15,0.35526303540079235,0.006230883526826103,0.5840458029607248,0.28064274706323367,,0.32741653824043926,,"[""v3_pilot"",""v3_full""]",0,6,1,8,5,0.001,0.8495144361389393,0.007029434052888493,0,certified_subband_convergence,,,0.0,,0.0,0,,,,,,50000,4.849165880614782,,relative,None,0.08,0.0028064274706323354,0.06,,0.08,/home/asaleh/PycharmProjects/hdgfem/run_outputs/torsion_reduced_optimizer_numerical_tests/cases/fixed_mesh_p-smooth_star-e2e82e5a40cd/attempt_001/run/out/equilibrium.npz,/home/asaleh/PycharmProjects/hdgfem/run_outputs/torsion_reduced_optimizer_numerical_tests/cases/fixed_mesh_p-smooth_star-e2e82e5a40cd/attempt_001/run/out/equilibrium.npz,,,0,,None,mumps,1,1,200,0.3453245399869047,CONVERGED_RESIDUAL,1e-12,1e-13,CONVERGED_CERTIFIED_SUBBAND,,,,,smooth_star,file,0.03618932573194228,,,1.0,hminus1_fast_refined,29,2,10,CONVERGED_LAMBDA1,,,,,,,1,1,0.1,gmres,1.0,hypre,0.35,0.00025,29,1.263968557032058,1,2,10,CONVERGED_LAMBDA1,0.584138737001922,1e-11,,1.0,10,29,2,2.0522183279972523,12,,,,,,,fixed_mesh_p-smooth_star-e2e82e5a40cd,model_feasibility_proxy,None,4,1e-12,0,"1e-2,1e-3,1e-5,1e-7,adaptive",1,,,,hminus1_fast_refined,0.0008648174014165876,window-fit,0.8232094320466524,0.6332452785168148,-2.205195903434425,0.27713788378213944,0.45392845173548707,homotopy,0.0008648174014165876,0.04158887835507439,fast,window-fit,fast,None,0,0.0,nan,None,,,,0.0,/home/asaleh/PycharmProjects/hdgfem/run_outputs/torsion_reduced_optimizer_numerical_tests/cases/fixed_mesh_p-smooth_star-e2e82e5a40cd/attempt_001/run/logs/initialization.csv,,,None,1e-08,1e-07,,,6.886947573737137e-08,5.692529723602221e-08,,mumps,,2.0,fixed_mesh_p,441.0,4.113045920035802,0.23806091287406161,,,,,,,/home/asaleh/PycharmProjects/hdgfem/run_outputs/torsion_reduced_optimizer_numerical_tests/meshes/smooth_star-p2-dof50000.msh,24457,49501,2,0.026277307225056373,0.5,6.2313193139798e-05,49362,/home/asaleh/PycharmProjects/hdgfem/run_outputs/torsion_reduced_optimizer_numerical_tests/cases/fixed_mesh_p-smooth_star-e2e82e5a40cd/attempt_001/run/logs/newton.csv,,,,,,None,1e-08,1,0,None,0,1e-08,66,1.590196252568117e-15,gmres,hypre,,0.0037406509461504786,0.0074630001577413885,24457,,,2,,1,0.41930054599652067,1,0.4124590120045468,1,3.8991202090110164,1,2.066277108009672,0,0.0,1,0.08130647902726196,0,0.0,8,1.4887640129891224,8,1.3835833460325375,1,0.15757502100314014,1,0.167060292995302,1,35.43839913100237,12,3.3346758850093465,1,0.6574025060108397,/home/asaleh/PycharmProjects/hdgfem/run_outputs/torsion_reduced_optimizer_numerical_tests/cases/fixed_mesh_p-smooth_star-e2e82e5a40cd/attempt_001/run/logs/phases.csv,0.08522512840854977,0.0498505545118384,0.01920088243910536,0.00502448983784323,,none,0,,,,15.599162706568777,355.00199401881525,0.04394105658387376,12,,,mesh_order-smooth_star-3a23a60f39f8,8.680283541005338,4,0.01920088243910536,0.00502448983784323,,,,,1,0.772908967358175,0.6075574040609477,1.0,0.11417676150213596,/home/asaleh/PycharmProjects/hdgfem/run_outputs/torsion_reduced_optimizer_numerical_tests/cases/fixed_mesh_p-smooth_star-e2e82e5a40cd/attempt_001/run,0,run,/home/asaleh/PycharmProjects/hdgfem/run_outputs/torsion_reduced_optimizer_numerical_tests/cases/fixed_mesh_p-smooth_star-e2e82e5a40cd/attempt_001/run,0.062313193139798,0.0,gmres,cg,hypre,optimized,,,completed,,,,,,,,,,,,,,,,,cg,hypre,0.6087685502131865,sharp_indicator,,,False,35.43839913100237,1e-11,,,,None,,1.4858721223952216,0.34523907137401133,0.37202807540416194,,,300,1.577302701351137e-05,8.762792785284095e-06,,,,,,,,,,,,,,,,37.61542201042175,
-10.141204020724421,8,8,0.9193642292592723,0.006029514456348633,,fixed_triangulation_p_enrichment,0.6,0.7,0.6,0.7,,0.12903008493594825,,17.0,0.5400081916200793,0.5981043382933396,0.04182482741967409,0.048356312492778046,0.3213551864334211,0.5278580347394749,1,0.0,0.0,0.28743574840955544,0.3996901340761161,0.0005225188058483166,0.11632056682266792,0.19106816505516822,0.12700716337229706,0.2086219687306213,0.5204871488883696,5.619193961051541e-15,0.36620223095366516,0.006531485073103957,0.08660222197239872,0.28064508435703517,,0.3274192650832077,,"[""v3_pilot"",""v3_full""]",0,6,1,8,5,0.001,0.8628370847838536,0.006438806039095929,0,certified_subband_convergence,,,0.0,,0.0,0,,,,,,50000,4.849165880614782,,relative,None,0.08,0.0028064508435703506,0.06,,0.08,/home/asaleh/PycharmProjects/hdgfem/run_outputs/torsion_reduced_optimizer_numerical_tests/cases/fixed_mesh_p-smooth_star-8d370e350512/attempt_001/run/out/equilibrium.npz,/home/asaleh/PycharmProjects/hdgfem/run_outputs/torsion_reduced_optimizer_numerical_tests/cases/fixed_mesh_p-smooth_star-8d370e350512/attempt_001/run/out/equilibrium.npz,,,0,,None,mumps,1,1,200,1.0998566639900673,CONVERGED_RESIDUAL,1e-12,1e-13,CONVERGED_CERTIFIED_SUBBAND,,,,,smooth_star,file,0.03618932573194228,,,1.0,hminus1_fast_refined,29,0,8,CONVERGED_LAMBDA1,,,,,,,1,1,0.1,gmres,1.0,hypre,0.35,0.00025,29,5.586735303979367,1,0,8,CONVERGED_LAMBDA1,1.655876256962074,1e-11,,1.0,8,29,0,7.556333529937547,8,,,,,,,fixed_mesh_p-smooth_star-8d370e350512,model_feasibility_proxy,None,4,1e-12,0,"1e-2,1e-3,1e-5,1e-7,adaptive",1,,,,hminus1_fast_refined,0.0008546229748560188,window-fit,0.9073872368394934,0.004260539299822952,0.9250708395809727,0.29873463645522585,0.39134739961573256,homotopy,0.0008546229748560188,0.041343027824677255,fast,window-fit,fast,None,0,0.0,nan,None,,,,0.0,/home/asaleh/PycharmProjects/hdgfem/run_outputs/torsion_reduced_optimizer_numerical_tests/cases/fixed_mesh_p-smooth_star-8d370e350512/attempt_001/run/logs/initialization.csv,,,None,1e-08,1e-07,,,1e-07,5.709859058230229e-08,,mumps,,2.0,fixed_mesh_p,954.0,21.877852687059203,0.6664593940949999,,,,,,,/home/asaleh/PycharmProjects/hdgfem/run_outputs/torsion_reduced_optimizer_numerical_tests/meshes/smooth_star-p2-dof50000.msh,24457,49501,2,0.026277307225056373,0.5,6.231633374766127e-05,196551,/home/asaleh/PycharmProjects/hdgfem/run_outputs/torsion_reduced_optimizer_numerical_tests/cases/fixed_mesh_p-smooth_star-8d370e350512/attempt_001/run/logs/newton.csv,,,,,,None,1e-08,1,0,None,0,1e-08,90,5.619193961051541e-15,gmres,hypre,,0.003869757922921635,0.0074630001577413885,24457,,,4,,1,1.3856461069954094,1,1.1862781079835258,1,13.523786794015905,1,7.575727557996288,0,0.0,1,0.08092857399606146,0,0.0,8,2.982799870049348,8,4.157713520020479,1,0.43896297801984474,1,0.8082511909888126,1,80.0340846189938,15,16.913843000045745,1,1.120775762014091,/home/asaleh/PycharmProjects/hdgfem/run_outputs/torsion_reduced_optimizer_numerical_tests/cases/fixed_mesh_p-smooth_star-8d370e350512/attempt_001/run/logs/phases.csv,0.08523099625476578,0.04985306699812901,0.03140213299967684,0.026270508655500405,,none,0,,,,11.170963180759053,457.9338728813325,0.0243942714053255,16,,,mesh_order-smooth_star-3a23a60f39f8,22.26898102700943,7,0.03140213299967684,0.026270508655500405,,,,,1,0.7793840691782925,0.6093857324968851,1.0,0.11828022409260801,/home/asaleh/PycharmProjects/hdgfem/run_outputs/torsion_reduced_optimizer_numerical_tests/cases/fixed_mesh_p-smooth_star-8d370e350512/attempt_001/run,0,run,/home/asaleh/PycharmProjects/hdgfem/run_outputs/torsion_reduced_optimizer_numerical_tests/cases/fixed_mesh_p-smooth_star-8d370e350512/attempt_001/run,0.06231633374766127,0.0,gmres,cg,hypre,optimized,,,completed,,,,,,,,,,,,,,,,,cg,hypre,0.6087909348429761,sharp_indicator,,,False,80.0340846189938,1e-11,,,,None,,1.5249203266469666,0.35886967083709675,0.38123985800518795,,,300,1.4196439781889083e-05,1.4196439781889083e-05,,,,,,,,,,,,,,,,82.41647434234619,
-11.91523258249561,8,8,0.9201710275871539,0.005964797745507727,,fixed_triangulation_p_enrichment,0.6,0.7,0.6,0.7,,0.5473220701096579,,21.0,0.5328807731880443,0.5977498154303195,0.0418079039821026,0.048332511085561095,0.32121527386829385,0.527913308288078,2,0.0,0.0,0.287246889947836,0.3997102500630028,0.0005219685682766794,0.11624810762294864,0.19105231933218134,0.12696045600874123,0.20865793069609484,0.5141910444839743,1.4171431591539653e-14,0.3692816184377287,0.0065246071034584935,0.08626672861046525,0.2806453165236169,,0.32741953594421974,,"[""v3_pilot"",""v3_full""]",0,6,1,8,5,0.001,0.8643127586027194,0.006362695699040971,0,certified_subband_convergence,,,0.0,,0.0,0,,,,,,50000,4.849165880614782,,relative,None,0.08,0.0028064531652361702,0.06,,0.07999999999999999,/home/asaleh/PycharmProjects/hdgfem/run_outputs/torsion_reduced_optimizer_numerical_tests/cases/fixed_mesh_p-smooth_star-9e7ca70fd7f1/attempt_001/run/out/equilibrium.npz,/home/asaleh/PycharmProjects/hdgfem/run_outputs/torsion_reduced_optimizer_numerical_tests/cases/fixed_mesh_p-smooth_star-9e7ca70fd7f1/attempt_001/run/out/equilibrium.npz,,,0,,None,mumps,1,1,200,1.9383051019976847,CONVERGED_RESIDUAL,1e-12,1e-13,CONVERGED_CERTIFIED_SUBBAND,,,,,smooth_star,file,0.03618932573194228,,,1.0,hminus1_fast_refined,29,0,8,CONVERGED_LAMBDA1,,,,,,,1,1,0.1,gmres,1.0,hypre,0.35,0.00025,29,28.480241257988382,1,0,8,CONVERGED_LAMBDA1,8.253501625003992,1e-11,,1.0,8,29,0,37.39883249500417,8,,,,,,,fixed_mesh_p-smooth_star-9e7ca70fd7f1,model_feasibility_proxy,None,4,1e-12,0,"1e-2,1e-3,1e-5,1e-7,adaptive",1,,,,hminus1_fast_refined,0.00085856081619494,window-fit,0.9106512810559216,-0.019535444504415647,1.061870971205589,0.3014108349611376,0.390759553905216,homotopy,0.00085856081619494,0.04143816637340364,fast,window-fit,fast,None,0,0.0,nan,None,,,,0.0,/home/asaleh/PycharmProjects/hdgfem/run_outputs/torsion_reduced_optimizer_numerical_tests/cases/fixed_mesh_p-smooth_star-9e7ca70fd7f1/attempt_001/run/logs/initialization.csv,,,None,1e-08,1e-07,,,1e-07,5.7101464294714684e-08,,mumps,,2.0,fixed_mesh_p,1659.0,103.33589005490649,1.3280582529841922,,,,,,,/home/asaleh/PycharmProjects/hdgfem/run_outputs/torsion_reduced_optimizer_numerical_tests/meshes/smooth_star-p2-dof50000.msh,24457,49501,2,0.026277307225056373,0.5,6.228448129958622e-05,441568,/home/asaleh/PycharmProjects/hdgfem/run_outputs/torsion_reduced_optimizer_numerical_tests/cases/fixed_mesh_p-smooth_star-9e7ca70fd7f1/attempt_001/run/logs/newton.csv,,,,,,None,1e-08,1,0,None,0,1e-08,90,1.4171431591539653e-14,gmres,hypre,,0.0038479396209620547,0.0074630001577413885,24457,,,6,,1,2.5887054379854817,1,2.0529432670155074,1,80.50592998001957,1,37.437935333000496,0,0.0,1,0.08193046899395995,0,0.0,8,3.232471235067351,8,22.12635992199648,1,0.9945847060007509,1,1.6059130070207175,1,259.3249606740137,15,74.36528833102784,1,1.9152756289986428,/home/asaleh/PycharmProjects/hdgfem/run_outputs/torsion_reduced_optimizer_numerical_tests/cases/fixed_mesh_p-smooth_star-9e7ca70fd7f1/attempt_001/run/logs/phases.csv,0.08518183885015433,0.04982758503966898,0.030839483302506306,0.025727688164083367,,none,0,,,,10.978674425364815,453.7670638979883,0.024194515862510767,20,,,mesh_order-smooth_star-3a23a60f39f8,58.0853911449376,7,0.030839483302506306,0.025727688164083367,,,,,1,0.7802323673013943,0.6089479572698939,1.0,0.11681438524711753,/home/asaleh/PycharmProjects/hdgfem/run_outputs/torsion_reduced_optimizer_numerical_tests/cases/fixed_mesh_p-smooth_star-9e7ca70fd7f1/attempt_001/run,0,run,/home/asaleh/PycharmProjects/hdgfem/run_outputs/torsion_reduced_optimizer_numerical_tests/cases/fixed_mesh_p-smooth_star-9e7ca70fd7f1/attempt_001/run,0.06228448129958622,0.0,gmres,cg,hypre,optimized,,,completed,,,,,,,,,,,,,,,,,cg,hypre,0.6084621638161265,sharp_indicator,,,False,259.3249606740137,1e-11,,,,None,,1.5241522951828255,0.35870256920097465,0.3810304948151923,,,300,1.4189183396061988e-05,1.4189183396061988e-05,,,,,,,,,,,,,,,,261.73423624038696,
-2.625968712884681,8,8,,,,low_dof_inexact_newton_screen,0.6,0.7,0.6,0.7,,0.14484658907167614,,0.0,0.5666992170311563,0.584994337445055,0.04092232557914271,0.04715231131627917,0.3153599998478608,0.5181372252309575,2,0.0,0.0,0.2932818511739207,0.39921388044689576,0.0004983988589709171,0.10966538072210713,0.18018047976490884,0.13331289429882637,0.21903340047192227,0.5222211273279488,2.76937644727945e-15,0.3664219780346686,0.006229985737136463,0.5841166014630355,0.2807970942386594,,0.32759660994510265,,"[""v3_pilot"",""v3_full""]",0,6,1,8,5,0.001,,,0,certified_subband_convergence,,,0.0,superseded_by_revised_v3_protocol,0.0,0,,,,,easy,50000,4.849243843176703,,relative,None,0.08,0.002807970942386595,0.06,,0.08,/home/asaleh/PycharmProjects/hdgfem/run_outputs/torsion_reduced_optimizer_numerical_tests/cases/inner_newton_policy_v3-smooth_star-16bcc42e8b5a/attempt_001/run/out/equilibrium.npz,/home/asaleh/PycharmProjects/hdgfem/run_outputs/torsion_reduced_optimizer_numerical_tests/cases/inner_newton_policy_v3-smooth_star-16bcc42e8b5a/attempt_001/run/out/equilibrium.npz,,,0,,None,mumps,1,1,200,0.2756839020003099,CONVERGED_RESIDUAL,1e-12,1e-13,CONVERGED_CERTIFIED_SUBBAND,,,,,smooth_star,file,0.06918991233972438,,,1.0,hminus1_fast_refined,29,2,10,CONVERGED_LAMBDA1,,,,,,,1,1,0.1,gmres,1.0,hypre,0.35,0.00025,29,2.2600635970011353,1,2,10,CONVERGED_LAMBDA1,1.022246788983466,1e-11,,1.0,10,29,2,3.488612549030222,12,,,,,,,inner_newton_policy_v3-smooth_star-16bcc42e8b5a,model_feasibility_proxy,/home/asaleh/PycharmProjects/hdgfem/run_outputs/torsion_reduced_optimizer_numerical_tests/cases/inner_newton_policy_v3-smooth_star-16bcc42e8b5a/attempt_001/run/logs/inexact_newton.csv,4,1e-12,60,"1e-2,1e-3,1e-5,1e-7,adaptive",1,True,"{""one-correction|unknown"":{""admissible"":true,""decision_agreement"":1.0,""gradient_angle_max_degrees"":0.1250599398665124,""gradient_error_max"":0.013201752796800992,""reason"":""passed"",""runtime_total"":17.07378176585189,""snapshot_count"":20,""trust_step_error_max"":0.0021827072797335474},""raw|unknown"":{""admissible"":false,""decision_agreement"":1.0,""gradient_angle_max_degrees"":4.312026192074513,""gradient_error_max"":0.3194517914280393,""reason"":""snapshot_gate_failed"",""runtime_total"":11.645742858963786,""snapshot_count"":20,""trust_step_error_max"":0.07524129483878716},""reassembled|unknown"":{""admissible"":true,""decision_agreement"":1.0,""gradient_angle_max_degrees"":0.0,""gradient_error_max"":0.0,""reason"":""passed"",""runtime_total"":15.354438085050788,""snapshot_count"":20,""trust_step_error_max"":0.0}}",60,hminus1_fast_refined,0.0008639635794916352,window-fit,0.8234709819322401,0.6325262520126824,-2.2019582912685047,0.2777158399054109,0.45424485797317077,homotopy,0.0008639635794916352,0.041568343231156935,fast,window-fit,fast,None,0,0.0,nan,None,,,,0.0,/home/asaleh/PycharmProjects/hdgfem/run_outputs/torsion_reduced_optimizer_numerical_tests/cases/inner_newton_policy_v3-smooth_star-16bcc42e8b5a/attempt_001/run/logs/initialization.csv,,,None,1e-08,1e-07,adaptive,,6.954724540411454e-08,5.703055434955653e-08,,mumps,,2.0,inner_newton_policy_v3,707.0,12.921531806903658,0.30487169488333166,,,,,,,/home/asaleh/PycharmProjects/hdgfem/run_outputs/torsion_reduced_optimizer_numerical_tests/meshes/smooth_star-p4-dof50000.msh,6008,48644,,0.05336080021888727,0.5,6.231450217779745e-05,48505,/home/asaleh/PycharmProjects/hdgfem/run_outputs/torsion_reduced_optimizer_numerical_tests/cases/inner_newton_policy_v3-smooth_star-16bcc42e8b5a/attempt_001/run/logs/newton.csv,,,,,,None,1e-08,1,0,None,0,1e-08,118,2.714781919157431e-15,gmres,hypre,,,0.014268185840371886,6008,,,4,,1,0.3375120849814266,1,0.33886118698865175,1,4.746987397986231,1,3.501099768996937,1,53.527531539002666,1,0.02163400300196372,0,0.0,8,1.4086177869758103,8,1.9879793180152774,1,0.16457052901387215,1,0.20703727801446803,1,97.40568821801571,15,5.047029165987624,1,0.3695157300098799,/home/asaleh/PycharmProjects/hdgfem/run_outputs/torsion_reduced_optimizer_numerical_tests/cases/inner_newton_policy_v3-smooth_star-16bcc42e8b5a/attempt_001/run/logs/phases.csv,0.08523327728823264,0.049851601742237954,,,,none,0,,,,13.452272983421885,361.48199974510356,0.03721422641489108,16,,,,14.794499543961138,7,,,,,,,1,0.776818512450654,0.6072294311061934,1.0,,/home/asaleh/PycharmProjects/hdgfem/run_outputs/torsion_reduced_optimizer_numerical_tests/cases/inner_newton_policy_v3-smooth_star-16bcc42e8b5a/attempt_001/run,1,run,/home/asaleh/PycharmProjects/hdgfem/run_outputs/torsion_reduced_optimizer_numerical_tests/cases/inner_newton_policy_v3-smooth_star-16bcc42e8b5a/attempt_001/run,0.062314502177797444,0.0,gmres,cg,hypre,optimized,,,completed,,,,,,,,,,,,,,,,,cg,hypre,0.6086418510217836,sharp_indicator,,,False,97.40568821801571,1e-11,,,,None,,,,,,,300,1.2776420274641532e-05,7.09801126368974e-06,,,,,,,,,,,,,,,,99.60269379615784,
,,,,,,low_dof_inexact_newton_screen,,,0.6,0.7,,,,,,,,,,,,,,,,,,,,,,,,,,,,,,"[""v3_pilot"",""v3_full""]",,,,,,,,,,incomplete,,,,,,,,,,,easy,50000,,,,,,,,,,,,,,,,,,,,,,,,,,,,,,smooth_star,,,,,,,,,,,,,,,,,,,,,,,,,,,,,,,,,,,,,,,,,,,,,,inner_newton_policy_v3-smooth_star-49642606cd61,,,,,,,,,,,,,,,,,,,,,,,window-fit,fast,,,,,,,,,,,,,,,,fixed_1e-3,0.001,,,,,,,inner_newton_policy_v3,,,,,,,,,,,,,,,,,,,,,,,,,,,,,,,,,,,,,,,,,4,,,,,,,,,,,,,,,,,,,,,,,,,,,,,,,,,,,,,,,,,,,,,,,,,,,,,,,,,,,,,,,,,,,,,,,,,planned,,,,,,,,,,,,,,,,,,,,,,,,,,,,,,,,,,,,,,,,,,,,,,,,,,,,,,,
,,,,,,low_dof_inexact_newton_screen,,,0.6,0.7,,,,,,,,,,,,,,,,,,,,,,,,,,,,,,"[""v3_pilot"",""v3_full""]",,,,,,,,,,incomplete,,,,,,,,,,,easy,50000,,,,,,,,,,,,,,,,,,,,,,,,,,,,,,smooth_star,,,,,,,,,,,,,,,,,,,,,,,,,,,,,,,,,,,,,,,,,,,,,,inner_newton_policy_v3-smooth_star-05e68a1a00d7,,,,,,,,,,,,,,,,,,,,,,,window-fit,fast,,,,,,,,,,,,,,,,fixed_1e-5,1e-05,,,,,,,inner_newton_policy_v3,,,,,,,,,,,,,,,,,,,,,,,,,,,,,,,,,,,,,,,,,4,,,,,,,,,,,,,,,,,,,,,,,,,,,,,,,,,,,,,,,,,,,,,,,,,,,,,,,,,,,,,,,,,,,,,,,,,planned,,,,,,,,,,,,,,,,,,,,,,,,,,,,,,,,,,,,,,,,,,,,,,,,,,,,,,,
,,,,,,low_dof_inexact_newton_screen,,,0.6,0.7,,,,,,,,,,,,,,,,,,,,,,,,,,,,,,"[""v3_pilot"",""v3_full""]",,,,,,,,,,incomplete,,,,,,,,,,,easy,50000,,,,,,,,,,,,,,,,,,,,,,,,,,,,,,smooth_star,,,,,,,,,,,,,,,,,,,,,,,,,,,,,,,,,,,,,,,,,,,,,,inner_newton_policy_v3-smooth_star-5eb72f5ae00a,,,,,,,,,,,,,,,,,,,,,,,window-fit,fast,,,,,,,,,,,,,,,,fixed_1e-7,1e-07,,,,,,,inner_newton_policy_v3,,,,,,,,,,,,,,,,,,,,,,,,,,,,,,,,,,,,,,,,,4,,,,,,,,,,,,,,,,,,,,,,,,,,,,,,,,,,,,,,,,,,,,,,,,,,,,,,,,,,,,,,,,,,,,,,,,,planned,,,,,,,,,,,,,,,,,,,,,,,,,,,,,,,,,,,,,,,,,,,,,,,,,,,,,,,
,,,,,,low_dof_inexact_newton_screen,,,0.45,0.5,,0.0018662746588233858,,1853.0,,,,,,,,,,,,,,,,,,,,,,,,,,"[""v3_pilot"",""v3_full""]",0,,,,,,,,,pde_failure,,,0.0,,,,,,,,difficult,50000,,,,,,,,,,/home/asaleh/PycharmProjects/hdgfem/run_outputs/torsion_reduced_optimizer_numerical_tests/cases/inner_newton_policy_v3-smooth_star-a1f7f8bd1a12/attempt_001/run/out/equilibrium.npz,,,,1,,,,,,,,,,,,,,,,smooth_star,,,,,,,,,,,,,,,,,,,,,,,,,,,,,,,,,,0.5011589050292965,63,363,18,60.44311568699777,81,,,,,,,inner_newton_policy_v3-smooth_star-a1f7f8bd1a12,,,,,,,,,,,,,,,,,,,,,,,window-fit,fast,,,,,,,,,,,,,,,,adaptive,,,,,,,,inner_newton_policy_v3,8969.0,45.171829806640744,6.760460138175404,,,,,,,,,,,,,,,,,,,,,,,,,,,,380,2.512915722476935e-13,,,,,,,,,4,,0,0.0,0,0.0,1,5.17884536497877,2,60.496614240983035,0,0.0,1,0.021665068983566016,0,0.0,0,0.0,0,0.0,1,0.3470418570213951,1,0.6103750710026361,1,67.41467595499125,0,0.0,1,0.36299718599184416,,,,,,,,,,,,,,,,,,,,,,,,,,,,,,,,,,,/home/asaleh/PycharmProjects/hdgfem/run_outputs/torsion_reduced_optimizer_numerical_tests/cases/inner_newton_policy_v3-smooth_star-a1f7f8bd1a12/attempt_001/run,,,,,,,,,failed,,,,,,,,,,,,,,,,,,,,,,,,67.41467595499125,,,,,,,,,,,,,,,,,,,,,,,,,,,,,,69.56457161903381,
,,,,,,low_dof_inexact_newton_screen,,,0.45,0.5,,,,,,,,,,,,,,,,,,,,,,,,,,,,,,"[""v3_pilot"",""v3_full""]",,,,,,,,,,deferred,,,,,,,,,,,difficult,50000,,,,,,,,,,,,,,,,,,,,,,,,,,,,,,smooth_star,,,,,,,,,,,,,,,,,,,,,,,,,,,,,,,,,,,,,,,,,,,,,,inner_newton_policy_v3-smooth_star-f849f69e7883,,,,,,,,,,,,,,,,,,,,,,,window-fit,fast,,,,,,,,,,,,,,,,fixed_1e-3,0.001,,,,,,,inner_newton_policy_v3,,,,,,,,,,,,,,,,,,,,,,,,,,,,,,,,,,,,,,,,,4,,,,,,,,,,,,,,,,,,,,,,,,,,,,,,,,,,,,,,,,,,,,,,,,,,,,,,,,,,,,,,,,,,,,,,,,,deferred,,,,,,,,,,,,,,,,,,,,,,,,,,,,,,,,,,,,,,,,,,,,,,,,,,,,,,,
,,,,,,low_dof_inexact_newton_screen,,,0.45,0.5,,,,,,,,,,,,,,,,,,,,,,,,,,,,,,"[""v3_pilot"",""v3_full""]",,,,,,,,,,deferred,,,,,,,,,,,difficult,50000,,,,,,,,,,,,,,,,,,,,,,,,,,,,,,smooth_star,,,,,,,,,,,,,,,,,,,,,,,,,,,,,,,,,,,,,,,,,,,,,,inner_newton_policy_v3-smooth_star-37ec43d1df39,,,,,,,,,,,,,,,,,,,,,,,window-fit,fast,,,,,,,,,,,,,,,,fixed_1e-5,1e-05,,,,,,,inner_newton_policy_v3,,,,,,,,,,,,,,,,,,,,,,,,,,,,,,,,,,,,,,,,,4,,,,,,,,,,,,,,,,,,,,,,,,,,,,,,,,,,,,,,,,,,,,,,,,,,,,,,,,,,,,,,,,,,,,,,,,,deferred,,,,,,,,,,,,,,,,,,,,,,,,,,,,,,,,,,,,,,,,,,,,,,,,,,,,,,,
,,,,,,low_dof_inexact_newton_screen,,,0.45,0.5,,,,,,,,,,,,,,,,,,,,,,,,,,,,,,"[""v3_pilot"",""v3_full""]",,,,,,,,,,deferred,,,,,,,,,,,difficult,50000,,,,,,,,,,,,,,,,,,,,,,,,,,,,,,smooth_star,,,,,,,,,,,,,,,,,,,,,,,,,,,,,,,,,,,,,,,,,,,,,,inner_newton_policy_v3-smooth_star-fa008e73a55e,,,,,,,,,,,,,,,,,,,,,,,window-fit,fast,,,,,,,,,,,,,,,,fixed_1e-7,1e-07,,,,,,,inner_newton_policy_v3,,,,,,,,,,,,,,,,,,,,,,,,,,,,,,,,,,,,,,,,,4,,,,,,,,,,,,,,,,,,,,,,,,,,,,,,,,,,,,,,,,,,,,,,,,,,,,,,,,,,,,,,,,,,,,,,,,,deferred,,,,,,,,,,,,,,,,,,,,,,,,,,,,,,,,,,,,,,,,,,,,,,,,,,,,,,,
,,,,,,full_hminus1,,,0.6,0.7,,,,,,,,,,,,,,,,,,,,,,,,,,,,,,"[""v3_pilot"",""v3_full""]",,,,,,,,,,incomplete,,,,,,,,,,,easy,50000,,,,,,,,,,,,,,,,,,,,,,,,,,,1e-11,,,smooth_star,,,,,,,,,,,,,,,,,,,,,,,,,,,,,,,,,,,,,,,,,,,,,,initialization_policy_v3-smooth_star-1fdee30deee3,,,,,,,,,,,,,,,,,,,,,,,none,full,,,,,,,,,,,,,,,,,,,,,,,,initialization_policy_v3,,,,,,,0,,,,,,,,,,,,,,,,,,,,,,,,,,,,,,,,,,4,,,,,,,,,,,,,,,,,,,,,,,,,,,,,,,,,,,,,,,,,,,,,,,,,,,,,,,,,,,,,,,,,,,,,,,,,planned,,,,,,,,,,,,,,,,,,,,,,,,,,,,,,,,,,,,,,,,,,,,,,,,,,,,,,,
,,,,,,fast_hminus1,,,0.6,0.7,,,,,,,,,,,,,,,,,,,,,,,,,,,,,,"[""v3_pilot"",""v3_full""]",,,,,,,,,,incomplete,,,,,,,,,,,easy,50000,,,,,,,,,,,,,,,,,,,,,,,,,,,1e-11,,,smooth_star,,,,,,,,,,,,,,,,,,,,,,,,,,,,,,,,,,,,,,,,,,,,,,initialization_policy_v3-smooth_star-66abb50d13e3,,,,,,,,,,,,,,,,,,,,,,,none,fast,,,,,,,,,,,,,,,,,,,,,,,,initialization_policy_v3,,,,,,,0,,,,,,,,,,,,,,,,,,,,,,,,,,,,,,,,,,4,,,,,,,,,,,,,,,,,,,,,,,,,,,,,,,,,,,,,,,,,,,,,,,,,,,,,,,,,,,,,,,,,,,,,,,,,planned,,,,,,,,,,,,,,,,,,,,,,,,,,,,,,,,,,,,,,,,,,,,,,,,,,,,,,,
,,,,,,fast_window_fit_fallback,,,0.6,0.7,,,,,,,,,,,,,,,,,,,,,,,,,,,,,,"[""v3_pilot"",""v3_full""]",,,,,,,,,,incomplete,,,,,,,,,,,easy,50000,,,,,,,,,,,,,,,,,,,,,,,,,,,1e-11,,,smooth_star,,,,,,,,,,,,,,,,,,,,,,,,,,,,,,,,,,,,,,,,,,,,,,initialization_policy_v3-smooth_star-afa785d57a2c,,,,,,,,,,,,,,,,,,,,,,,window-fit,fast,,,,,,,,,,,,,,,,,,,,,,,,initialization_policy_v3,,,,,,,0,,,,,,,,,,,,,,,,,,,,,,,,,,,,,,,,,,4,,,,,,,,,,,,,,,,,,,,,,,,,,,,,,,,,,,,,,,,,,,,,,,,,,,,,,,,,,,,,,,,,,,,,,,,,planned,,,,,,,,,,,,,,,,,,,,,,,,,,,,,,,,,,,,,,,,,,,,,,,,,,,,,,,
,,,,,,window_fit_only,,,0.6,0.7,,,,,,,,,,,,,,,,,,,,,,,,,,,,,,"[""v3_pilot"",""v3_full""]",,,,,,,,,,incomplete,,,,,,,,,,,easy,50000,,,,,,,,,,,,,,,,,,,,,,,,,,,1e-11,,,smooth_star,,,,,,,,,,,,,,,,,,,,,,,,,,,,,,,,,,,,,,,,,,,,,,initialization_policy_v3-smooth_star-db8e1562d28a,,,,,,,,,,,,,,,,,,,,,,,none,fast,,,,,,,,,,,legacy_fit_window_newton,,,,,,,,,,,,,initialization_policy_v3,,,,,,,0,,,,,,,,,,,,,,,,,,,,,,,,,,,,,,,,,,4,,,,,,,,,,,,,,,,,,,,,,,,,,,,,,,,,,,,,,,,,,,,,,,,,,,,,,,,,,,,,,,,,,,,,,,,,planned,,,,,,,,,,,,,,,,,,,,,,,,,,,,,,,,,,,,,,,,,,,,,,,,,,,,,,,
,,,,,,full_hminus1,,,0.45,0.5,,,,,,,,,,,,,,,,,,,,,,,,,,,,,,"[""v3_pilot"",""v3_full""]",,,,,,,,,,incomplete,,,,,,,,,,,difficult,50000,,,,,,,,,,,,,,,,,,,,,,,,,,,1e-11,,,smooth_star,,,,,,,,,,,,,,,,,,,,,,,,,,,,,,,,,,,,,,,,,,,,,,initialization_policy_v3-smooth_star-6d27db807ee9,,,,,,,,,,,,,,,,,,,,,,,none,full,,,,,,,,,,,,,,,,,,,,,,,,initialization_policy_v3,,,,,,,0,,,,,,,,,,,,,,,,,,,,,,,,,,,,,,,,,,4,,,,,,,,,,,,,,,,,,,,,,,,,,,,,,,,,,,,,,,,,,,,,,,,,,,,,,,,,,,,,,,,,,,,,,,,,planned,,,,,,,,,,,,,,,,,,,,,,,,,,,,,,,,,,,,,,,,,,,,,,,,,,,,,,,
,,,,,,fast_hminus1,,,0.45,0.5,,,,,,,,,,,,,,,,,,,,,,,,,,,,,,"[""v3_pilot"",""v3_full""]",,,,,,,,,,incomplete,,,,,,,,,,,difficult,50000,,,,,,,,,,,,,,,,,,,,,,,,,,,1e-11,,,smooth_star,,,,,,,,,,,,,,,,,,,,,,,,,,,,,,,,,,,,,,,,,,,,,,initialization_policy_v3-smooth_star-a2b5bd6329e8,,,,,,,,,,,,,,,,,,,,,,,none,fast,,,,,,,,,,,,,,,,,,,,,,,,initialization_policy_v3,,,,,,,0,,,,,,,,,,,,,,,,,,,,,,,,,,,,,,,,,,4,,,,,,,,,,,,,,,,,,,,,,,,,,,,,,,,,,,,,,,,,,,,,,,,,,,,,,,,,,,,,,,,,,,,,,,,,planned,,,,,,,,,,,,,,,,,,,,,,,,,,,,,,,,,,,,,,,,,,,,,,,,,,,,,,,
,,,,,,fast_window_fit_fallback,,,0.45,0.5,,,,,,,,,,,,,,,,,,,,,,,,,,,,,,"[""v3_pilot"",""v3_full""]",,,,,,,,,,incomplete,,,,,,,,,,,difficult,50000,,,,,,,,,,,,,,,,,,,,,,,,,,,1e-11,,,smooth_star,,,,,,,,,,,,,,,,,,,,,,,,,,,,,,,,,,,,,,,,,,,,,,initialization_policy_v3-smooth_star-b805de815862,,,,,,,,,,,,,,,,,,,,,,,window-fit,fast,,,,,,,,,,,,,,,,,,,,,,,,initialization_policy_v3,,,,,,,0,,,,,,,,,,,,,,,,,,,,,,,,,,,,,,,,,,4,,,,,,,,,,,,,,,,,,,,,,,,,,,,,,,,,,,,,,,,,,,,,,,,,,,,,,,,,,,,,,,,,,,,,,,,,planned,,,,,,,,,,,,,,,,,,,,,,,,,,,,,,,,,,,,,,,,,,,,,,,,,,,,,,,
,,,,,,window_fit_only,,,0.45,0.5,,,,,,,,,,,,,,,,,,,,,,,,,,,,,,"[""v3_pilot"",""v3_full""]",,,,,,,,,,incomplete,,,,,,,,,,,difficult,50000,,,,,,,,,,,,,,,,,,,,,,,,,,,1e-11,,,smooth_star,,,,,,,,,,,,,,,,,,,,,,,,,,,,,,,,,,,,,,,,,,,,,,initialization_policy_v3-smooth_star-5f884a34ca2d,,,,,,,,,,,,,,,,,,,,,,,none,fast,,,,,,,,,,,legacy_fit_window_newton,,,,,,,,,,,,,initialization_policy_v3,,,,,,,0,,,,,,,,,,,,,,,,,,,,,,,,,,,,,,,,,,4,,,,,,,,,,,,,,,,,,,,,,,,,,,,,,,,,,,,,,,,,,,,,,,,,,,,,,,,,,,,,,,,,,,,,,,,,planned,,,,,,,,,,,,,,,,,,,,,,,,,,,,,,,,,,,,,,,,,,,,,,,,,,,,,,,
,,,,,,full_hminus1,,,0.25,0.325,,,,,,,,,,,,,,,,,,,,,,,,,,,,,,"[""v3_pilot"",""v3_full""]",,,,,,,,,,deferred,,,,superseded_by_revised_v3_protocol,,,,,,,storyboard,75000,,,,,,,,,,,,,,,,,,,,,,,,,,,1e-11,,,pacman,,,,,,,,,,,,,,,,,,,,,,,,,,,,,,,,,,,,,,,,,,,,,,initialization_policy_v3-pacman-ea6ae7e16bcf,,,,,,,,,,,,,,,,,,,,,,,none,full,,,,,,,,,,,,,,,,,,,,,,,,initialization_policy_v3,,,,,,,0,,,,,,,,,,,,,,,,,,,,,,,,,,,,,,,,,,4,,,,,,,,,,,,,,,,,,,,,,,,,,,,,,,,,,,,,,,,,,,,,,,,,,,,,,,,,,,,,,,,,,,,,,,,,deferred,,,,,,,,,,,,,,,,,,,,,,,,,,,,,,,,,,,,,,,,,,,,,,,,,,,,,,,
,,,,,,fast_hminus1,,,0.25,0.325,,,,,,,,,,,,,,,,,,,,,,,,,,,,,,"[""v3_pilot"",""v3_full""]",,,,,,,,,,deferred,,,,superseded_by_revised_v3_protocol,,,,,,,storyboard,75000,,,,,,,,,,,,,,,,,,,,,,,,,,,1e-11,,,pacman,,,,,,,,,,,,,,,,,,,,,,,,,,,,,,,,,,,,,,,,,,,,,,initialization_policy_v3-pacman-dafd4141439a,,,,,,,,,,,,,,,,,,,,,,,none,fast,,,,,,,,,,,,,,,,,,,,,,,,initialization_policy_v3,,,,,,,0,,,,,,,,,,,,,,,,,,,,,,,,,,,,,,,,,,4,,,,,,,,,,,,,,,,,,,,,,,,,,,,,,,,,,,,,,,,,,,,,,,,,,,,,,,,,,,,,,,,,,,,,,,,,deferred,,,,,,,,,,,,,,,,,,,,,,,,,,,,,,,,,,,,,,,,,,,,,,,,,,,,,,,
,,,,,,fast_window_fit_fallback,,,0.25,0.325,,,,,,,,,,,,,,,,,,,,,,,,,,,,,,"[""v3_pilot"",""v3_full""]",,,,,,,,,,deferred,,,,superseded_by_revised_v3_protocol,,,,,,,storyboard,75000,,,,,,,,,,,,,,,,,,,,,,,,,,,1e-11,,,pacman,,,,,,,,,,,,,,,,,,,,,,,,,,,,,,,,,,,,,,,,,,,,,,initialization_policy_v3-pacman-8803c43a85ae,,,,,,,,,,,,,,,,,,,,,,,window-fit,fast,,,,,,,,,,,,,,,,,,,,,,,,initialization_policy_v3,,,,,,,0,,,,,,,,,,,,,,,,,,,,,,,,,,,,,,,,,,4,,,,,,,,,,,,,,,,,,,,,,,,,,,,,,,,,,,,,,,,,,,,,,,,,,,,,,,,,,,,,,,,,,,,,,,,,deferred,,,,,,,,,,,,,,,,,,,,,,,,,,,,,,,,,,,,,,,,,,,,,,,,,,,,,,,
nan,0,0,,,,window_fit_only,0.25,0.325,0.25,0.325,,0.03149008014588617,,508.0,0.0,0.040849004865510886,0.0034159360334419546,0.004075350363012771,0.02753999272422449,0.14261776851769722,-1,0.02753999272422449,0.14261776851769722,0.1931035172577889,inf,5.2753146365665317e-05,0.040849004865510886,0.21153941391434303,0.1931035172577889,1.0,0.0,0.00013959144542281254,1.0976938828795266,0.0006594143295708165,1.0,0.017774670330635126,,0.023107071429825665,,"[""v3_pilot"",""v3_full""]",0,0,1,8,5,0.001,,,0,pde_failure,,,2.9802322387695312e-08,,0.0,0,,,,,storyboard,75000,2.778358688778696,,relative,None,0.08,0.00031994406595143226,0.06,,0.08,/home/asaleh/PycharmProjects/hdgfem/run_outputs/torsion_reduced_optimizer_numerical_tests/cases/initialization_policy_v3-pacman-ffc084570d2a/attempt_001/run/out/equilibrium.npz,/home/asaleh/PycharmProjects/hdgfem/run_outputs/torsion_reduced_optimizer_numerical_tests/cases/initialization_policy_v3-pacman-ffc084570d2a/attempt_001/run/out/equilibrium.npz,,,3,,None,mumps,0,0,200,0.4171232460066676,FAIL_LS,1e-11,,NEWTON_NOT_CONVERGED,,1e-11,,,pacman,file,0.034466546794390006,,,,,,,,,,,,,,,0,,0.1,gmres,,hypre,0.35,0.00025,,,1,,,,,1e-11,,,0,0,0,0,0,,,,,,,initialization_policy_v3-pacman-ffc084570d2a,model_feasibility_proxy,None,4,1e-12,0,"1e-2,1e-3,1e-5,1e-7,adaptive",1,,,,density_l2,17.275536653083428,none,,,,,,legacy,,,fast,none,fast,None,0,0.0,nan,None,,,,0.0,/home/asaleh/PycharmProjects/hdgfem/run_outputs/torsion_reduced_optimizer_numerical_tests/cases/initialization_policy_v3-pacman-ffc084570d2a/attempt_001/run/logs/initialization.csv,legacy_fit_window_newton,,None,1e-08,1e-07,,,1e-07,1e-07,,mumps,,2.0,initialization_policy_v3,2396.0,23.592311239859555,2.7693762299313676,,,,0,,,/home/asaleh/PycharmProjects/hdgfem/run_outputs/torsion_reduced_optimizer_numerical_tests/meshes/pacman-p4-dof75000.msh,9232,74578,,0.025262868008205246,0.5,5.09355955236144e-06,74577,/home/asaleh/PycharmProjects/hdgfem/run_outputs/torsion_reduced_optimizer_numerical_tests/cases/initialization_policy_v3-pacman-ffc084570d2a/attempt_001/run/logs/newton.csv,,,,,,None,1e-08,1,0,None,0,1e-08,78,0.00013959144542281254,gmres,hypre,,,0.012405362537815707,9232,,,4,,1,0.5021382579870988,1,0.5905788739910349,0,0.0,0,0.0,0,0.0,1,0.03253799301455729,0,0.0,0,0.0,0,0.0,1,0.38666057400405407,1,0.6991560850001406,1,31.79972538500442,0,0.0,1,0.6083731389953755,/home/asaleh/PycharmProjects/hdgfem/run_outputs/torsion_reduced_optimizer_numerical_tests/cases/initialization_policy_v3-pacman-ffc084570d2a/attempt_001/run/logs/phases.csv,0.002755988986673729,0.004074847641889152,,,,insufficient_history,0,,,,nan,nan,nan,16,,,,15.62547078501666,1,,,,,,,1,0.4122822372806516,0.19350069593227415,0.9995193765497267,,/home/asaleh/PycharmProjects/hdgfem/run_outputs/torsion_reduced_optimizer_numerical_tests/cases/initialization_policy_v3-pacman-ffc084570d2a/attempt_001/run,0,run,/home/asaleh/PycharmProjects/hdgfem/run_outputs/torsion_reduced_optimizer_numerical_tests/cases/initialization_policy_v3-pacman-ffc084570d2a/attempt_001/run,0.00509355955236144,0.0,gmres,cg,hypre,optimized,,,failed,,,,,,,,,,,,,,,,,cg,hypre,0.1931035172577889,legacy_smoothed_interpolant,,,False,31.79972538500442,1e-11,,,,None,,,,,,,300,2.5467797761807198e-05,2.5467797761807198e-05,,,,,,,,,,,,,,,,33.97740626335144,
,,,,,,full_hminus1,,,0.6,0.695,,,,,,,,,,,,,,,,,,,,,,,,,,,,,,"[""v3_pilot"",""v3_full""]",,,,,,,,,,deferred,,,,superseded_by_revised_v3_protocol,,,,,,,storyboard,75000,,,,,,,,,,,,,,,,,,,,,,,,,,,1e-11,,,horseshoe,,,,,,,,,,,,,,,,,,,,,,,,,,,,,,,,,,,,,,,,,,,,,,initialization_policy_v3-horseshoe-52c72ba343c4,,,,,,,,,,,,,,,,,,,,,,,none,full,,,,,,,,,,,,,,,,,,,,,,,,initialization_policy_v3,,,,,,,0,,,,,,,,,,,,,,,,,,,,,,,,,,,,,,,,,,4,,,,,,,,,,,,,,,,,,,,,,,,,,,,,,,,,,,,,,,,,,,,,,,,,,,,,,,,,,,,,,,,,,,,,,,,,deferred,,,,,,,,,,,,,,,,,,,,,,,,,,,,,,,,,,,,,,,,,,,,,,,,,,,,,,,
,,,,,,fast_hminus1,,,0.6,0.695,,,,,,,,,,,,,,,,,,,,,,,,,,,,,,"[""v3_pilot"",""v3_full""]",,,,,,,,,,deferred,,,,superseded_by_revised_v3_protocol,,,,,,,storyboard,75000,,,,,,,,,,,,,,,,,,,,,,,,,,,1e-11,,,horseshoe,,,,,,,,,,,,,,,,,,,,,,,,,,,,,,,,,,,,,,,,,,,,,,initialization_policy_v3-horseshoe-75636c96e309,,,,,,,,,,,,,,,,,,,,,,,none,fast,,,,,,,,,,,,,,,,,,,,,,,,initialization_policy_v3,,,,,,,0,,,,,,,,,,,,,,,,,,,,,,,,,,,,,,,,,,4,,,,,,,,,,,,,,,,,,,,,,,,,,,,,,,,,,,,,,,,,,,,,,,,,,,,,,,,,,,,,,,,,,,,,,,,,deferred,,,,,,,,,,,,,,,,,,,,,,,,,,,,,,,,,,,,,,,,,,,,,,,,,,,,,,,
,,,,,,fast_window_fit_fallback,,,0.6,0.695,,,,,,,,,,,,,,,,,,,,,,,,,,,,,,"[""v3_pilot"",""v3_full""]",,,,,,,,,,deferred,,,,superseded_by_revised_v3_protocol,,,,,,,storyboard,75000,,,,,,,,,,,,,,,,,,,,,,,,,,,1e-11,,,horseshoe,,,,,,,,,,,,,,,,,,,,,,,,,,,,,,,,,,,,,,,,,,,,,,initialization_policy_v3-horseshoe-da4c6880c5bb,,,,,,,,,,,,,,,,,,,,,,,window-fit,fast,,,,,,,,,,,,,,,,,,,,,,,,initialization_policy_v3,,,,,,,0,,,,,,,,,,,,,,,,,,,,,,,,,,,,,,,,,,4,,,,,,,,,,,,,,,,,,,,,,,,,,,,,,,,,,,,,,,,,,,,,,,,,,,,,,,,,,,,,,,,,,,,,,,,,deferred,,,,,,,,,,,,,,,,,,,,,,,,,,,,,,,,,,,,,,,,,,,,,,,,,,,,,,,
,,,,,,window_fit_only,,,0.6,0.695,,,,,,,,,,,,,,,,,,,,,,,,,,,,,,"[""v3_pilot"",""v3_full""]",,,,,,,,,,deferred,,,,superseded_by_revised_v3_protocol,,,,,,,storyboard,75000,,,,,,,,,,,,,,,,,,,,,,,,,,,1e-11,,,horseshoe,,,,,,,,,,,,,,,,,,,,,,,,,,,,,,,,,,,,,,,,,,,,,,initialization_policy_v3-horseshoe-eeb1baf3ad3f,,,,,,,,,,,,,,,,,,,,,,,none,fast,,,,,,,,,,,legacy_fit_window_newton,,,,,,,,,,,,,initialization_policy_v3,,,,,,,0,,,,,,,,,,,,,,,,,,,,,,,,,,,,,,,,,,4,,,,,,,,,,,,,,,,,,,,,,,,,,,,,,,,,,,,,,,,,,,,,,,,,,,,,,,,,,,,,,,,,,,,,,,,,deferred,,,,,,,,,,,,,,,,,,,,,,,,,,,,,,,,,,,,,,,,,,,,,,,,,,,,,,,
,,,,,,full_hminus1,,,0.25,0.345,,,,,,,,,,,,,,,,,,,,,,,,,,,,,,"[""v3_pilot"",""v3_full""]",,,,,,,,,,incomplete,,,,,,,,,,,storyboard,75000,,,,,,,,,,,,,,,,,,,,,,,,,,,1e-11,,,iter,,,,,,,,,,,,,,,,,,,,,,,,,,,,,,,,,,,,,,,,,,,,,,initialization_policy_v3-iter-0a57fc09331b,,,,,,,,,,,,,,,,,,,,,,,none,full,,,,,,,,,,,,,,,,,,,,,,,,initialization_policy_v3,,,,,,,0,,,,,,,,,,,,,,,,,,,,,,,,,,,,,,,,,,4,,,,,,,,,,,,,,,,,,,,,,,,,,,,,,,,,,,,,,,,,,,,,,,,,,,,,,,,,,,,,,,,,,,,,,,,,planned,,,,,,,,,,,,,,,,,,,,,,,,,,,,,,,,,,,,,,,,,,,,,,,,,,,,,,,
,,,,,,fast_hminus1,,,0.25,0.345,,,,,,,,,,,,,,,,,,,,,,,,,,,,,,"[""v3_pilot"",""v3_full""]",,,,,,,,,,incomplete,,,,,,,,,,,storyboard,75000,,,,,,,,,,,,,,,,,,,,,,,,,,,1e-11,,,iter,,,,,,,,,,,,,,,,,,,,,,,,,,,,,,,,,,,,,,,,,,,,,,initialization_policy_v3-iter-4ff2022748a4,,,,,,,,,,,,,,,,,,,,,,,none,fast,,,,,,,,,,,,,,,,,,,,,,,,initialization_policy_v3,,,,,,,0,,,,,,,,,,,,,,,,,,,,,,,,,,,,,,,,,,4,,,,,,,,,,,,,,,,,,,,,,,,,,,,,,,,,,,,,,,,,,,,,,,,,,,,,,,,,,,,,,,,,,,,,,,,,planned,,,,,,,,,,,,,,,,,,,,,,,,,,,,,,,,,,,,,,,,,,,,,,,,,,,,,,,
,,,,,,fast_window_fit_fallback,,,0.25,0.345,,,,,,,,,,,,,,,,,,,,,,,,,,,,,,"[""v3_pilot"",""v3_full""]",,,,,,,,,,incomplete,,,,,,,,,,,storyboard,75000,,,,,,,,,,,,,,,,,,,,,,,,,,,1e-11,,,iter,,,,,,,,,,,,,,,,,,,,,,,,,,,,,,,,,,,,,,,,,,,,,,initialization_policy_v3-iter-848735fa9351,,,,,,,,,,,,,,,,,,,,,,,window-fit,fast,,,,,,,,,,,,,,,,,,,,,,,,initialization_policy_v3,,,,,,,0,,,,,,,,,,,,,,,,,,,,,,,,,,,,,,,,,,4,,,,,,,,,,,,,,,,,,,,,,,,,,,,,,,,,,,,,,,,,,,,,,,,,,,,,,,,,,,,,,,,,,,,,,,,,planned,,,,,,,,,,,,,,,,,,,,,,,,,,,,,,,,,,,,,,,,,,,,,,,,,,,,,,,
,,,,,,window_fit_only,,,0.25,0.345,,,,,,,,,,,,,,,,,,,,,,,,,,,,,,"[""v3_pilot"",""v3_full""]",,,,,,,,,,incomplete,,,,,,,,,,,storyboard,75000,,,,,,,,,,,,,,,,,,,,,,,,,,,1e-11,,,iter,,,,,,,,,,,,,,,,,,,,,,,,,,,,,,,,,,,,,,,,,,,,,,initialization_policy_v3-iter-d1ce9bf0029a,,,,,,,,,,,,,,,,,,,,,,,none,fast,,,,,,,,,,,legacy_fit_window_newton,,,,,,,,,,,,,initialization_policy_v3,,,,,,,0,,,,,,,,,,,,,,,,,,,,,,,,,,,,,,,,,,4,,,,,,,,,,,,,,,,,,,,,,,,,,,,,,,,,,,,,,,,,,,,,,,,,,,,,,,,,,,,,,,,,,,,,,,,,planned,,,,,,,,,,,,,,,,,,,,,,,,,,,,,,,,,,,,,,,,,,,,,,,,,,,,,,,
-3.642260878801547,9,9,,,,low_dof_mumps_full_hminus1_window_fit_fallback,0.45,0.5,0.45,0.5,,0.20083926714141853,,91.0,0.6016738801526207,0.2968131518746422,0.013336752930568083,0.014325740223617201,0.15621899245819498,0.47139057686649716,-1,0.005307332253819333,0.016014867164244218,0.18048866921382897,inf,7.911898344392945e-05,0.07433984299371588,0.2243203654149176,0.10892702053727726,0.32868712209340795,0.3945268406216134,8.870332816571337e-16,0.5325620478479755,0.0009889872930491182,0.038270936092761866,0.21059782068792207,,0.23399757854213563,,"[""v3_pilot"",""v3_full""]",0,0,1,8,5,0.001,,,0,geometrically_unsuccessful_pde_converged,,,0.0,,0.0,0,,,,,,50000,4.849243843176703,,relative,None,0.08,0.0014039854712528132,0.06,,0.08,/home/asaleh/PycharmProjects/hdgfem/run_outputs/torsion_reduced_optimizer_numerical_tests/cases/mumps_parent-smooth_star-21345849dc41/attempt_001/run/out/equilibrium.npz,/home/asaleh/PycharmProjects/hdgfem/run_outputs/torsion_reduced_optimizer_numerical_tests/cases/mumps_parent-smooth_star-21345849dc41/attempt_001/run/out/equilibrium.npz,,,0,,None,mumps,1,1,200,0.2792191629996523,CONVERGED_RESIDUAL,1e-12,1e-13,STEP_TOO_SMALL,,,,,smooth_star,file,0.06918991233972438,,,1.0,hminus1_full_refined,40,0,10,CONVERGED_LAMBDA1,,,,,,,1,1,0.1,None,1.0,mumps,0.35,0.00025,40,3.131145769992145,1,0,10,CONVERGED_LAMBDA1,0.9578940300270915,1e-11,,0.9999999999999999,10,40,0,4.299717625952326,10,,,,,,,mumps_parent-smooth_star-21345849dc41,model_feasibility_proxy,None,4,1e-12,0,"1e-2,1e-3,1e-5,1e-7,adaptive",1,,,,hminus1_full_refined,0.0004598539128045777,window-fit,0.7805609697184188,0.4918085106355259,-0.8392361448680419,0.5608976070069636,0.7803366372885447,homotopy,0.0004598539128045777,0.03032668504154642,full,window-fit,full,None,0,0.0,nan,None,,,,0.0,/home/asaleh/PycharmProjects/hdgfem/run_outputs/torsion_reduced_optimizer_numerical_tests/cases/mumps_parent-smooth_star-21345849dc41/attempt_001/run/logs/initialization.csv,,,None,1e-08,1e-07,,,1e-07,7.894028766398423e-08,,mumps,,2.0,mumps_parent,150.0,34.442527404025896,0.7738721670466475,,,,,,,/home/asaleh/PycharmProjects/hdgfem/run_outputs/torsion_reduced_optimizer_numerical_tests/meshes/smooth_star-p4-dof50000.msh,6008,48644,,0.05336080021888727,0.5,2.2035429079750885e-05,48505,/home/asaleh/PycharmProjects/hdgfem/run_outputs/torsion_reduced_optimizer_numerical_tests/cases/mumps_parent-smooth_star-21345849dc41/attempt_001/run/logs/newton.csv,,,,,,None,1e-08,1,0,None,0,1e-08,170,8.870332816571337e-16,None,mumps,,,0.014268185840371886,6008,,,4,,1,0.3513153769890778,1,0.34472987000481226,1,6.02389141000458,1,4.31003837598837,0,0.0,1,0.02100347599480301,0,0.0,10,2.929545011022128,10,3.212531232042238,1,0.3244718119967729,1,0.7694642739952542,1,85.30273104200023,19,32.99419528798899,0,0.0,/home/asaleh/PycharmProjects/hdgfem/run_outputs/torsion_reduced_optimizer_numerical_tests/cases/mumps_parent-smooth_star-21345849dc41/attempt_001/run/logs/phases.csv,0.031647932607888465,0.017628343263800708,,,,none,0,,,,26.777541907180773,720.6461029218623,0.03715768641308283,16,,,,42.40459632402053,11,,,,,,,1,0.5718262446766823,0.33211562419372703,1.0,,/home/asaleh/PycharmProjects/hdgfem/run_outputs/torsion_reduced_optimizer_numerical_tests/cases/mumps_parent-smooth_star-21345849dc41/attempt_001/run,0,run,/home/asaleh/PycharmProjects/hdgfem/run_outputs/torsion_reduced_optimizer_numerical_tests/cases/mumps_parent-smooth_star-21345849dc41/attempt_001/run,0.022035429079750885,0.0,gmres,None,mumps,optimized,,,completed,,,,,,,,,,,,,,,,,None,mumps,0.3314003294182053,sharp_indicator,,,False,85.30273104200023,1e-11,,,,None,,,,,,,300,2.2035429079750887e-07,2.2035429079750887e-07,,,,,,,,,,,,,,,,87.4959659576416,
,,,,,,transferred_mumps_parent_fast_fallback,,,0.45,0.5,,,,,,,,,,,,,,,,,,,,,,,,,,,,,,"[""v3_full""]",,,,,,,,,,incomplete,,,,,,,,,,,,200000,,,,,,,,,,,,,,,,,,,,,,,,,,,,,,smooth_star,,,,,,,,,,,,,,,,,,,,,,,,,,,,,,,,,,,,,,,,,,,,,,warm_started_child-smooth_star-51773a879021,,,,,,,,,,,,,,,,,,,,,,,window-fit,fast,,,,,,,,,,,,,,,,,,,,,,,,warm_started_child,,,,,,,,,,,,,,,,,,,,,,,,,,,,,,,,,,,,,,,,,4,mumps_parent-smooth_star-21345849dc41,,,,,,,,,,,,,,,,,,,,,,,,,,,,,,,,,,,,,,,,,,,,,,,,,,,,,,,,,,,,,,,,,,,,,,,,planned,,,,,,,,,,,,,,,,,,,,,,,,,,,,,,,,,,,,,,,,,,,,,,,,,,,,,,,
,,,,,,low_dof_mumps_full_hminus1_window_fit_fallback,,,0.6,0.7,,,,,,,,,,,,,,,,,,,,,,,,,,,,,,"[""v3_pilot"",""v3_full""]",,,,,,,,,,incomplete,,,,,,,,,,,,50000,,,,,,,,,,,,,,,,,,,,,,,,,,,,,,smooth_star,,,,,,,,,,,,,,,,,,,,,,,,,,,,,,,,,,,,,,,,,,,,,,mumps_parent-smooth_star-535a82b2d59e,,,,,,,,,,,,,,,,,,,,,,,window-fit,full,,,,,,,,,,,,,,,,,,,,,,,,mumps_parent,,,,,,,,,,,,,,,,,,,,,,,,,,,,,,,,,,,,,,,,,4,,,,,,,,,,,,,,,,,,,,,,,,,,,,,,,,,,,,,,,,,,,,,,,,,,,,,,,,,,,,,,,,,,,,,,,,,planned,,,,,,,,,,,,,,,,,,,,,,,,,,,,,,,,,,,,,,,,,,,,,,,,,,,,,,,
,,,,,,transferred_mumps_parent_fast_fallback,,,0.6,0.7,,,,,,,,,,,,,,,,,,,,,,,,,,,,,,"[""v3_full""]",,,,,,,,,,incomplete,,,,,,,,,,,,200000,,,,,,,,,,,,,,,,,,,,,,,,,,,,,,smooth_star,,,,,,,,,,,,,,,,,,,,,,,,,,,,,,,,,,,,,,,,,,,,,,warm_started_child-smooth_star-8c8f2cf5c461,,,,,,,,,,,,,,,,,,,,,,,window-fit,fast,,,,,,,,,,,,,,,,,,,,,,,,warm_started_child,,,,,,,,,,,,,,,,,,,,,,,,,,,,,,,,,,,,,,,,,4,mumps_parent-smooth_star-535a82b2d59e,,,,,,,,,,,,,,,,,,,,,,,,,,,,,,,,,,,,,,,,,,,,,,,,,,,,,,,,,,,,,,,,,,,,,,,,planned,,,,,,,,,,,,,,,,,,,,,,,,,,,,,,,,,,,,,,,,,,,,,,,,,,,,,,,
,,,,,,strict_storyboard_fast_fallback,,,0.45,0.5,,,,,,,,,,,,,,,,,,,,,,,,,,,,,,"[""v3_pilot"",""v3_full""]",,,,,,,,,,incomplete,,,,,,,,,,,,200000,,,,,,,,,,,,,,,,,,,,,,,,,,,,,,smooth_star,,,,,,,,,,,,,,,,,,,,,,,,,,,,,,,,,,,,,,,,,,,,,,trajectory_v3-smooth_star-45704de10c51,,,,,,,,,,,,,,,,,,,,,,,window-fit,fast,,,,,,,,,,,,,,,,,,,,,,,,trajectory_v3,,,,,,,,,,,,,,,,,,,,,,,,,,,,,,,,,,,,,,,,,4,mumps_parent-smooth_star-21345849dc41,,,,,,,,,,,,,,,,,,,,,,,,,,,,,,,,,,,,,,,,,,,,,,,,,,,,,,,,,,,,,,,,,,,,,,,,planned,,,,,,,,,,,,,,,,,,,,,,,,,,,,,,1,,,,,,,,,,,,,,,,,,,,,,,,,
nan,0,0,,,,low_dof_mumps_full_hminus1_window_fit_fallback,0.25,0.325,0.25,0.325,,0.011052676825784147,,2602.0,0.0,0.0,0.0033797493528477046,0.00409480990779296,0.0,0.0,-1,0.0,0.0,0.1931035172577889,inf,5.7204844395620445e-05,0.0,0.0,0.1931035172577889,1.0,0.0,1.6371072706225816e-14,1.0,0.0007150605549452555,1.0,0.01777467033044631,,0.0231070714295802,,"[""v3_pilot"",""v3_full""]",0,0,1,8,5,0.001,,,0,geometrically_unsuccessful_pde_converged,,,0.0,,0.0,0,,,,,,75000,2.778358688778696,,relative,None,0.08,0.00031994406594803356,0.06,,0.08,/home/asaleh/PycharmProjects/hdgfem/run_outputs/torsion_reduced_optimizer_numerical_tests/cases/mumps_parent-pacman-0a2c19983157/attempt_001/run/out/equilibrium.npz,/home/asaleh/PycharmProjects/hdgfem/run_outputs/torsion_reduced_optimizer_numerical_tests/cases/mumps_parent-pacman-0a2c19983157/attempt_001/run/out/equilibrium.npz,,,0,,None,mumps,1,0,200,0.0,CONVERGED_RESIDUAL,1e-12,,STEP_TOO_SMALL,,,,,pacman,file,0.034466546794390006,,,0.10664062500000002,hminus1_full_refined,227,9,3,FAIL_MIN_STEP,1.0,window_fit_fallback,40,2,11,CONVERGED_LAMBDA1,2,1,0.1,None,1.0,mumps,0.35,0.00025,40,4.88258937507635,1,2,11,CONVERGED_LAMBDA1,1.6042604480462614,1e-11,,1.0,14,267,11,49.34575297101401,25,,,,,,,mumps_parent-pacman-0a2c19983157,model_feasibility_proxy,None,4,1e-12,0,"1e-2,1e-3,1e-5,1e-7,adaptive",1,,,,window_fit_fallback,2.5801761124578904,window-fit,0.55020525336169,-0.2465177995371864,0.006014283630946723,0.3095461952653054,0.7593409419036153,homotopy,0.00012956469129643837,0.0160974961591198,full,window-fit,full,None,0,0.0,nan,None,,,,0.0,/home/asaleh/PycharmProjects/hdgfem/run_outputs/torsion_reduced_optimizer_numerical_tests/cases/mumps_parent-pacman-0a2c19983157/attempt_001/run/logs/initialization.csv,,,None,1e-08,1e-07,,,1e-07,1e-07,,mumps,,2.0,mumps_parent,275.0,32.22526768100215,13.401210013806121,,,,,,,/home/asaleh/PycharmProjects/hdgfem/run_outputs/torsion_reduced_optimizer_numerical_tests/meshes/pacman-p4-dof75000.msh,9232,74578,,0.025262868008205246,0.5,5.117081745254097e-06,74577,/home/asaleh/PycharmProjects/hdgfem/run_outputs/torsion_reduced_optimizer_numerical_tests/cases/mumps_parent-pacman-0a2c19983157/attempt_001/run/logs/newton.csv,,,,,,None,1e-08,1,0,None,0,1e-08,279,9.289030405620032e-17,None,mumps,,,0.012405362537815707,9232,,,4,,1,0.510707284003729,1,0.057149050990119576,1,8.69413541801623,2,49.37104462101706,0,0.0,1,0.030807974020717666,0,0.0,1,1.3051220849738456,1,0.43973360597738065,1,0.13208241399843246,1,0.4610153269895818,1,63.350203678011894,0,0.0,1,0.552358004002599,/home/asaleh/PycharmProjects/hdgfem/run_outputs/torsion_reduced_optimizer_numerical_tests/cases/mumps_parent-pacman-0a2c19983157/attempt_001/run/logs/phases.csv,0.002751376544633688,0.0040936653962032775,,,,insufficient_history,0,,,,0.0,0.0,0.0,16,,,,2.8997756759927142,1,,,,,,,1,0.43834528627559866,0.1942991334025787,1.0,,/home/asaleh/PycharmProjects/hdgfem/run_outputs/torsion_reduced_optimizer_numerical_tests/cases/mumps_parent-pacman-0a2c19983157/attempt_001/run,0,run,/home/asaleh/PycharmProjects/hdgfem/run_outputs/torsion_reduced_optimizer_numerical_tests/cases/mumps_parent-pacman-0a2c19983157/attempt_001/run,0.005117081745254097,0.0,gmres,None,mumps,optimized,,,completed,,,,,,,,,,,,,,,,,None,mumps,0.1931035172577889,sharp_indicator,,,False,63.350203678011894,1e-11,,,,None,,,,,,,300,2.5585408726270487e-05,2.5585408726270487e-05,,,,,,,,,,,,,,,,65.54338598251343,
,,,,,,transferred_mumps_parent_fast_fallback,,,0.25,0.325,,,,,,,,,,,,,,,,,,,,,,,,,,,,,,"[""v3_full""]",,,,,,,,,,deferred,,,,superseded_by_revised_v3_protocol,,,,,,,,200000,,,,,,,,,,,,,,,,,,,,,,,,,,,,,,pacman,,,,,,,,,,,,,,,,,,,,,,,,,,,,,,,,,,,,,,,,,,,,,,warm_started_child-pacman-ec96530a6dba,,,,,,,,,,,,,,,,,,,,,,,window-fit,fast,,,,,,,,,,,,,,,,,,,,,,,,warm_started_child,,,,,,,,,,,,,,,,,,,,,,,,,,,,,,,,,,,,,,,,,4,mumps_parent-pacman-0a2c19983157,,,,,,,,,,,,,,,,,,,,,,,,,,,,,,,,,,,,,,,,,,,,,,,,,,,,,,,,,,,,,,,,,,,,,,,,deferred,,,,,,,,,,,,,,,,,,,,,,,,,,,,,,,,,,,,,,,,,,,,,,,,,,,,,,,
,,,,,,low_dof_mumps_full_hminus1_window_fit_fallback,,,0.45,0.5,,,,,,,,,,,,,,,,,,,,,,,,,,,,,,"[""v3_pilot"",""v3_full""]",,,,,,,,,,incomplete,,,,,,,,,,,,75000,,,,,,,,,,,,,,,,,,,,,,,,,,,,,,pacman,,,,,,,,,,,,,,,,,,,,,,,,,,,,,,,,,,,,,,,,,,,,,,mumps_parent-pacman-2d4759df603a,,,,,,,,,,,,,,,,,,,,,,,window-fit,full,,,,,,,,,,,,,,,,,,,,,,,,mumps_parent,,,,,,,,,,,,,,,,,,,,,,,,,,,,,,,,,,,,,,,,,4,,,,,,,,,,,,,,,,,,,,,,,,,,,,,,,,,,,,,,,,,,,,,,,,,,,,,,,,,,,,,,,,,,,,,,,,,planned,,,,,,,,,,,,,,,,,,,,,,,,,,,,,,,,,,,,,,,,,,,,,,,,,,,,,,,
,,,,,,transferred_mumps_parent_fast_fallback,,,0.45,0.5,,,,,,,,,,,,,,,,,,,,,,,,,,,,,,"[""v3_full""]",,,,,,,,,,incomplete,,,,,,,,,,,,200000,,,,,,,,,,,,,,,,,,,,,,,,,,,,,,pacman,,,,,,,,,,,,,,,,,,,,,,,,,,,,,,,,,,,,,,,,,,,,,,warm_started_child-pacman-b682482e4a54,,,,,,,,,,,,,,,,,,,,,,,window-fit,fast,,,,,,,,,,,,,,,,,,,,,,,,warm_started_child,,,,,,,,,,,,,,,,,,,,,,,,,,,,,,,,,,,,,,,,,4,mumps_parent-pacman-2d4759df603a,,,,,,,,,,,,,,,,,,,,,,,,,,,,,,,,,,,,,,,,,,,,,,,,,,,,,,,,,,,,,,,,,,,,,,,,planned,,,,,,,,,,,,,,,,,,,,,,,,,,,,,,,,,,,,,,,,,,,,,,,,,,,,,,,
,,,,,,low_dof_mumps_full_hminus1_window_fit_fallback,,,0.6,0.7,,,,,,,,,,,,,,,,,,,,,,,,,,,,,,"[""v3_pilot"",""v3_full""]",,,,,,,,,,incomplete,,,,,,,,,,,,75000,,,,,,,,,,,,,,,,,,,,,,,,,,,,,,pacman,,,,,,,,,,,,,,,,,,,,,,,,,,,,,,,,,,,,,,,,,,,,,,mumps_parent-pacman-0c6577052ce3,,,,,,,,,,,,,,,,,,,,,,,window-fit,full,,,,,,,,,,,,,,,,,,,,,,,,mumps_parent,,,,,,,,,,,,,,,,,,,,,,,,,,,,,,,,,,,,,,,,,4,,,,,,,,,,,,,,,,,,,,,,,,,,,,,,,,,,,,,,,,,,,,,,,,,,,,,,,,,,,,,,,,,,,,,,,,,planned,,,,,,,,,,,,,,,,,,,,,,,,,,,,,,,,,,,,,,,,,,,,,,,,,,,,,,,
,,,,,,transferred_mumps_parent_fast_fallback,,,0.6,0.7,,,,,,,,,,,,,,,,,,,,,,,,,,,,,,"[""v3_full""]",,,,,,,,,,incomplete,,,,,,,,,,,,200000,,,,,,,,,,,,,,,,,,,,,,,,,,,,,,pacman,,,,,,,,,,,,,,,,,,,,,,,,,,,,,,,,,,,,,,,,,,,,,,warm_started_child-pacman-74155c0e7853,,,,,,,,,,,,,,,,,,,,,,,window-fit,fast,,,,,,,,,,,,,,,,,,,,,,,,warm_started_child,,,,,,,,,,,,,,,,,,,,,,,,,,,,,,,,,,,,,,,,,4,mumps_parent-pacman-0c6577052ce3,,,,,,,,,,,,,,,,,,,,,,,,,,,,,,,,,,,,,,,,,,,,,,,,,,,,,,,,,,,,,,,,,,,,,,,,planned,,,,,,,,,,,,,,,,,,,,,,,,,,,,,,,,,,,,,,,,,,,,,,,,,,,,,,,
,,,,,,strict_storyboard_fast_fallback,,,0.25,0.325,,,,,,,,,,,,,,,,,,,,,,,,,,,,,,"[""v3_pilot"",""v3_full""]",,,,,,,,,,deferred,,,,superseded_by_revised_v3_protocol,,,,,,,,200000,,,,,,,,,,,,,,,,,,,,,,,,,,,,,,pacman,,,,,,,,,,,,,,,,,,,,,,,,,,,,,,,,,,,,,,,,,,,,,,trajectory_v3-pacman-8271196a68ca,,,,,,,,,,,,,,,,,,,,,,,window-fit,fast,,,,,,,,,,,,,,,,,,,,,,,,trajectory_v3,,,,,,,,,,,,,,,,,,,,,,,,,,,,,,,,,,,,,,,,,4,mumps_parent-pacman-0a2c19983157,,,,,,,,,,,,,,,,,,,,,,,,,,,,,,,,,,,,,,,,,,,,,,,,,,,,,,,,,,,,,,,,,,,,,,,,deferred,,,,,,,,,,,,,,,,,,,,,,,,,,,,,,1,,,,,,,,,,,,,,,,,,,,,,,,,
-19.86941310744573,14,14,,,,low_dof_mumps_full_hminus1_window_fit_fallback,0.45,0.5,0.45,0.5,,4.18921664764639,,21296.0,0.0,0.009110411307611952,0.001483290629431771,0.003552022114326491,0.0,0.0,-1,0.0,0.0,0.12603984955581216,inf,0.00016549851879157763,0.009062718301577084,0.07190359504169345,0.12599215654977758,0.9996216037530776,0.0,7.702826559394607e-07,1.003670069574835,0.00206873148489472,0.024887612621232603,0.027550447149052245,,0.03061160794339138,,"[""v3_pilot"",""v3_full""]",0,0,1,8,5,0.001,,,0,pde_failure,,,0.0,,0.0,0,,,,,,75000,3.0572480225793255,,relative,None,0.08,0.00018366964766034817,0.06,,0.08,/home/asaleh/PycharmProjects/hdgfem/run_outputs/torsion_reduced_optimizer_numerical_tests/cases/mumps_parent-horseshoe-04bb2ccdad44/attempt_001/run/out/equilibrium.npz,/home/asaleh/PycharmProjects/hdgfem/run_outputs/torsion_reduced_optimizer_numerical_tests/cases/mumps_parent-horseshoe-04bb2ccdad44/attempt_001/run/out/equilibrium.npz,,,3,,None,mumps,0,200,200,79.23162511404371,MAX_NEWTON,1e-12,1e-13,NEWTON_NOT_CONVERGED,,,,,horseshoe,file,0.03575819126118521,,,1.0,hminus1_full_refined,527,7,16,CONVERGED_LAMBDA1,,,,,,,1,1,0.1,None,1.0,mumps,0.35,0.00025,527,60.59467677818611,1,7,16,CONVERGED_LAMBDA1,3.016504246974364,1e-11,,1.0,16,527,7,72.37597036591615,23,,,,,,,mumps_parent-horseshoe-04bb2ccdad44,model_feasibility_proxy,None,4,1e-12,0,"1e-2,1e-3,1e-5,1e-7,adaptive",1,,,,hminus1_full_refined,7.827445037272706e-05,window-fit,0.21908958160141995,0.005665954919042305,-0.006264590432246837,0.14092658479764486,0.9218370031962249,homotopy,7.827445037272706e-05,0.012511950317414712,full,window-fit,full,None,0,0.0,nan,None,,,,0.0,/home/asaleh/PycharmProjects/hdgfem/run_outputs/torsion_reduced_optimizer_numerical_tests/cases/mumps_parent-horseshoe-04bb2ccdad44/attempt_001/run/logs/initialization.csv,,,None,1e-08,1e-07,,,1e-07,1e-07,,mumps,,2.0,mumps_parent,2262.0,756.8665312373487,115.11727457531379,,,,,,,/home/asaleh/PycharmProjects/hdgfem/run_outputs/torsion_reduced_optimizer_numerical_tests/meshes/horseshoe-p4-dof75000.msh,9034,73348,,0.026852374196707447,0.5,4.122865617023232e-06,72997,/home/asaleh/PycharmProjects/hdgfem/run_outputs/torsion_reduced_optimizer_numerical_tests/cases/mumps_parent-horseshoe-04bb2ccdad44/attempt_001/run/logs/newton.csv,,,,,,None,1e-08,1,0,None,0,1e-08,2274,2.2936503267262547e-16,None,mumps,,,0.011696202269849501,9034,,,4,,1,0.49088264399324544,1,98.38791158699314,1,8.612041738000698,1,72.39919864499825,0,0.0,1,0.03190665500005707,0,0.0,14,4.814313093898818,14,6.543303311947966,1,0.3376903790049255,1,0.8546002279908862,1,960.23758292399,30,400.6902964829351,0,0.0,/home/asaleh/PycharmProjects/hdgfem/run_outputs/torsion_reduced_optimizer_numerical_tests/cases/mumps_parent-horseshoe-04bb2ccdad44/attempt_001/run/logs/phases.csv,0.002455825614696604,0.0032982924936185852,,,,none,0,,,,nan,8.44884628889047,nan,16,,,,535.5937286020198,17,,,,,,,1,0.35088903801911425,0.1255967170300328,1.0,,/home/asaleh/PycharmProjects/hdgfem/run_outputs/torsion_reduced_optimizer_numerical_tests/cases/mumps_parent-horseshoe-04bb2ccdad44/attempt_001/run,0,run,/home/asaleh/PycharmProjects/hdgfem/run_outputs/torsion_reduced_optimizer_numerical_tests/cases/mumps_parent-horseshoe-04bb2ccdad44/attempt_001/run,0.004122865617023232,0.0,gmres,None,mumps,optimized,,,failed,,,,,,,,,,,,,,,,,None,mumps,0.12603984955581216,sharp_indicator,,,False,960.23758292399,1e-11,,,,None,,,,,,,300,3.274928508344974e-07,3.274928508344974e-07,,,,,,,,,,,,,,,,962.4195301532745,
,,,,,,transferred_mumps_parent_fast_fallback,,,0.45,0.5,,,,,,,,,,,,,,,,,,,,,,,,,,,,,,"[""v3_full""]",,,,,,,,,,incomplete,,,,,,,,,,,,200000,,,,,,,,,,,,,,,,,,,,,,,,,,,,,,horseshoe,,,,,,,,,,,,,,,,,,,,,,,,,,,,,,,,,,,,,,,,,,,,,,warm_started_child-horseshoe-4117812cb2c3,,,,,,,,,,,,,,,,,,,,,,,window-fit,fast,,,,,,,,,,,,,,,,,,,,,,,,warm_started_child,,,,,,,,,,,,,,,,,,,,,,,,,,,,,,,,,,,,,,,,,4,mumps_parent-horseshoe-04bb2ccdad44,,,,,,,,,,,,,,,,,,,,,,,,,,,,,,,,,,,,,,,,,,,,,,,,,,,,,,,,,,,,,,,,,,,,,,,,planned,,,,,,,,,,,,,,,,,,,,,,,,,,,,,,,,,,,,,,,,,,,,,,,,,,,,,,,
nan,0,0,,,,low_dof_mumps_full_hminus1_window_fit_fallback,0.6,0.695,0.6,0.695,,0.010395232064183801,,3046.0,0.0,0.0,0.008993961538185102,0.009901609032864335,0.0,0.0,-1,0.0,0.0,0.2810007039813105,inf,7.261179957433861e-05,0.0,0.0,0.2810007039813105,1.0,0.0,2.7570647390915898e-15,1.0,0.0009076474946792326,1.0,0.03673392953206966,,0.04255013504131402,,"[""v3_pilot"",""v3_full""]",0,0,1,8,5,0.001,,,0,geometrically_unsuccessful_pde_converged,,,0.0,,0.0,0,,,,,,75000,3.0572480225793255,,relative,None,0.08,0.00034897233055466157,0.06,,0.08,/home/asaleh/PycharmProjects/hdgfem/run_outputs/torsion_reduced_optimizer_numerical_tests/cases/mumps_parent-horseshoe-6f688a438224/attempt_001/run/out/equilibrium.npz,/home/asaleh/PycharmProjects/hdgfem/run_outputs/torsion_reduced_optimizer_numerical_tests/cases/mumps_parent-horseshoe-6f688a438224/attempt_001/run/out/equilibrium.npz,,,0,,None,mumps,1,0,200,0.0,CONVERGED_RESIDUAL,1e-12,,STEP_TOO_SMALL,,,,,horseshoe,file,0.03575819126118521,,,0.21484375000000003,hminus1_full_refined,326,9,5,FAIL_MIN_STEP,1.0,window_fit_fallback,9,0,6,CONVERGED_LAMBDA1,2,1,0.1,None,1.0,mumps,0.35,0.00025,9,1.0238995270628948,1,0,6,CONVERGED_LAMBDA1,0.7235271980171092,1e-11,,1.0,11,335,9,56.66158722995897,20,,,,,,,mumps_parent-horseshoe-6f688a438224,model_feasibility_proxy,None,4,1e-12,0,"1e-2,1e-3,1e-5,1e-7,adaptive",1,,,,window_fit_fallback,2.725252263119783,window-fit,0.5901947527704634,-0.3826009373702466,-0.021484411920589256,0.34915046522997767,0.7589557124595142,homotopy,0.0005996666547204155,0.034631391965106326,full,window-fit,full,None,0,0.0,nan,None,,,,0.0,/home/asaleh/PycharmProjects/hdgfem/run_outputs/torsion_reduced_optimizer_numerical_tests/cases/mumps_parent-horseshoe-6f688a438224/attempt_001/run/logs/initialization.csv,,,None,1e-08,1e-07,,,1e-07,1e-07,,mumps,,2.0,mumps_parent,338.0,38.02976439311169,15.570650342153385,,,,,,,/home/asaleh/PycharmProjects/hdgfem/run_outputs/torsion_reduced_optimizer_numerical_tests/meshes/horseshoe-p4-dof75000.msh,9034,73348,,0.026852374196707447,0.5,1.2376723415264966e-05,72997,/home/asaleh/PycharmProjects/hdgfem/run_outputs/torsion_reduced_optimizer_numerical_tests/cases/mumps_parent-horseshoe-6f688a438224/attempt_001/run/logs/newton.csv,,,,,,None,1e-08,1,0,None,0,1e-08,343,3.408139220484089e-16,None,mumps,,,0.011696202269849501,9034,,,4,,1,0.4930543910013512,1,0.05483842999092303,1,8.298346724011935,2,56.681639034010004,0,0.0,1,0.03126742201857269,0,0.0,1,1.2813110320130363,1,0.4312996340158861,1,0.307972479989985,1,0.8165631929878145,1,71.28241168099339,0,0.0,1,0.5101163789804559,/home/asaleh/PycharmProjects/hdgfem/run_outputs/torsion_reduced_optimizer_numerical_tests/cases/mumps_parent-horseshoe-6f688a438224/attempt_001/run/logs/phases.csv,0.0076922102632557806,0.009901378732211972,,,,insufficient_history,0,,,,0.0,0.0,0.0,16,,,,2.830898641026579,1,,,,,,,1,0.5281408134512968,0.2816720727981751,1.0,,/home/asaleh/PycharmProjects/hdgfem/run_outputs/torsion_reduced_optimizer_numerical_tests/cases/mumps_parent-horseshoe-6f688a438224/attempt_001/run,0,run,/home/asaleh/PycharmProjects/hdgfem/run_outputs/torsion_reduced_optimizer_numerical_tests/cases/mumps_parent-horseshoe-6f688a438224/attempt_001/run,0.012376723415264966,0.0,gmres,None,mumps,optimized,,,completed,,,,,,,,,,,,,,,,,None,mumps,0.2810007039813105,sharp_indicator,,,False,71.28241168099339,1e-11,,,,None,,,,,,,300,6.188361707632483e-05,6.188361707632483e-05,,,,,,,,,,,,,,,,73.45003390312195,
,,,,,,transferred_mumps_parent_fast_fallback,,,0.6,0.695,,,,,,,,,,,,,,,,,,,,,,,,,,,,,,"[""v3_full""]",,,,,,,,,,deferred,,,,superseded_by_revised_v3_protocol,,,,,,,,200000,,,,,,,,,,,,,,,,,,,,,,,,,,,,,,horseshoe,,,,,,,,,,,,,,,,,,,,,,,,,,,,,,,,,,,,,,,,,,,,,,warm_started_child-horseshoe-e0bfa4d8c09b,,,,,,,,,,,,,,,,,,,,,,,window-fit,fast,,,,,,,,,,,,,,,,,,,,,,,,warm_started_child,,,,,,,,,,,,,,,,,,,,,,,,,,,,,,,,,,,,,,,,,4,mumps_parent-horseshoe-6f688a438224,,,,,,,,,,,,,,,,,,,,,,,,,,,,,,,,,,,,,,,,,,,,,,,,,,,,,,,,,,,,,,,,,,,,,,,,deferred,,,,,,,,,,,,,,,,,,,,,,,,,,,,,,,,,,,,,,,,,,,,,,,,,,,,,,,
,,,,,,low_dof_mumps_full_hminus1_window_fit_fallback,,,0.6,0.7,,,,,,,,,,,,,,,,,,,,,,,,,,,,,,"[""v3_pilot"",""v3_full""]",,,,,,,,,,incomplete,,,,,,,,,,,,75000,,,,,,,,,,,,,,,,,,,,,,,,,,,,,,horseshoe,,,,,,,,,,,,,,,,,,,,,,,,,,,,,,,,,,,,,,,,,,,,,,mumps_parent-horseshoe-66d7e5aa82bb,,,,,,,,,,,,,,,,,,,,,,,window-fit,full,,,,,,,,,,,,,,,,,,,,,,,,mumps_parent,,,,,,,,,,,,,,,,,,,,,,,,,,,,,,,,,,,,,,,,,4,,,,,,,,,,,,,,,,,,,,,,,,,,,,,,,,,,,,,,,,,,,,,,,,,,,,,,,,,,,,,,,,,,,,,,,,,planned,,,,,,,,,,,,,,,,,,,,,,,,,,,,,,,,,,,,,,,,,,,,,,,,,,,,,,,
,,,,,,transferred_mumps_parent_fast_fallback,,,0.6,0.7,,,,,,,,,,,,,,,,,,,,,,,,,,,,,,"[""v3_full""]",,,,,,,,,,incomplete,,,,,,,,,,,,200000,,,,,,,,,,,,,,,,,,,,,,,,,,,,,,horseshoe,,,,,,,,,,,,,,,,,,,,,,,,,,,,,,,,,,,,,,,,,,,,,,warm_started_child-horseshoe-57988d22d071,,,,,,,,,,,,,,,,,,,,,,,window-fit,fast,,,,,,,,,,,,,,,,,,,,,,,,warm_started_child,,,,,,,,,,,,,,,,,,,,,,,,,,,,,,,,,,,,,,,,,4,mumps_parent-horseshoe-66d7e5aa82bb,,,,,,,,,,,,,,,,,,,,,,,,,,,,,,,,,,,,,,,,,,,,,,,,,,,,,,,,,,,,,,,,,,,,,,,,planned,,,,,,,,,,,,,,,,,,,,,,,,,,,,,,,,,,,,,,,,,,,,,,,,,,,,,,,
,,,,,,strict_storyboard_fast_fallback,,,0.6,0.695,,,,,,,,,,,,,,,,,,,,,,,,,,,,,,"[""v3_pilot"",""v3_full""]",,,,,,,,,,deferred,,,,superseded_by_revised_v3_protocol,,,,,,,,200000,,,,,,,,,,,,,,,,,,,,,,,,,,,,,,horseshoe,,,,,,,,,,,,,,,,,,,,,,,,,,,,,,,,,,,,,,,,,,,,,,trajectory_v3-horseshoe-268ba1b20759,,,,,,,,,,,,,,,,,,,,,,,window-fit,fast,,,,,,,,,,,,,,,,,,,,,,,,trajectory_v3,,,,,,,,,,,,,,,,,,,,,,,,,,,,,,,,,,,,,,,,,4,mumps_parent-horseshoe-6f688a438224,,,,,,,,,,,,,,,,,,,,,,,,,,,,,,,,,,,,,,,,,,,,,,,,,,,,,,,,,,,,,,,,,,,,,,,,deferred,,,,,,,,,,,,,,,,,,,,,,,,,,,,,,1,,,,,,,,,,,,,,,,,,,,,,,,,
nan,0,0,,,,low_dof_mumps_full_hminus1_window_fit_fallback,0.25,0.345,0.25,0.345,,0.008438652439508587,,4033.0,0.0,0.0,0.10410681108942274,0.11237916639337989,0.0,0.0,-1,0.0,0.0,2.9294620351091076,inf,0.0006617884243165717,0.0,0.0,2.9294620351091076,1.0,0.0,4.840433488803705e-12,1.0,0.008272355303957146,1.0,0.48355600890131706,,0.6673072922838175,,"[""v3_pilot"",""v3_full""]",0,0,1,8,5,0.001,,,0,geometrically_unsuccessful_pde_converged,,,0.0,,0.0,0,,,,,,75000,10.850829461382203,,relative,None,0.08,0.011025077002950023,0.06,,0.08,/home/asaleh/PycharmProjects/hdgfem/run_outputs/torsion_reduced_optimizer_numerical_tests/cases/mumps_parent-iter-0f4430ed9fd2/attempt_001/run/out/equilibrium.npz,/home/asaleh/PycharmProjects/hdgfem/run_outputs/torsion_reduced_optimizer_numerical_tests/cases/mumps_parent-iter-0f4430ed9fd2/attempt_001/run/out/equilibrium.npz,,,3,,None,mumps,0,0,200,0.4027435200114269,FAIL_STEP_STAGNATION,1e-12,,NEWTON_NOT_CONVERGED,,,,,iter,file,0.11822188121332863,,,0.6875,hminus1_full_refined,402,9,9,FAIL_MIN_STEP,1.0,window_fit_fallback,6,0,6,CONVERGED_LAMBDA1,2,1,0.1,None,1.0,mumps,0.35,0.00025,6,0.7476721769780852,1,0,6,CONVERGED_LAMBDA1,0.7774257099663373,1e-11,,1.0,15,408,9,74.95954744005576,24,,,,,,,mumps_parent-iter-0f4430ed9fd2,model_feasibility_proxy,None,4,1e-12,0,"1e-2,1e-3,1e-5,1e-7,adaptive",1,,,,window_fit_fallback,2.7442001058658456,window-fit,0.3851969712124361,-0.08939505682340079,-0.12854740083286692,0.21650120204670942,0.8313042308342733,homotopy,0.05124601377032446,0.3201437607398416,full,window-fit,full,None,0,0.0,nan,None,,,,0.0,/home/asaleh/PycharmProjects/hdgfem/run_outputs/torsion_reduced_optimizer_numerical_tests/cases/mumps_parent-iter-0f4430ed9fd2/attempt_001/run/logs/initialization.csv,,,None,1e-08,1e-07,,,1e-07,1e-07,,mumps,,2.0,mumps_parent,411.0,51.53717401903123,19.91669082044973,,,,,,,/home/asaleh/PycharmProjects/hdgfem/run_outputs/torsion_reduced_optimizer_numerical_tests/meshes/iter-p4-dof75000.msh,8888,71694,,0.09189341652153325,0.5,0.00014046823503796181,71661,/home/asaleh/PycharmProjects/hdgfem/run_outputs/torsion_reduced_optimizer_numerical_tests/cases/mumps_parent-iter-0f4430ed9fd2/attempt_001/run/logs/newton.csv,,,,,,None,1e-08,1,0,None,0,1e-08,416,4.7178801090650776e-15,None,mumps,,,0.010895193001979893,8888,,,4,,1,0.5117207140137907,1,0.4615049799904227,1,7.4170704830030445,2,74.98331667398452,0,0.0,1,0.03212605501175858,0,0.0,1,1.2894683409831487,1,0.44502943399129435,1,0.3141839609888848,1,0.844947392004542,1,89.15923545300029,0,0.0,1,0.4982166940171737,/home/asaleh/PycharmProjects/hdgfem/run_outputs/torsion_reduced_optimizer_numerical_tests/cases/mumps_parent-iter-0f4430ed9fd2/attempt_001/run/logs/phases.csv,0.3300462734408861,0.11237458803036947,,,,insufficient_history,0,,,,0.0,0.0,0.0,16,,,,2.841515320003964,1,,,,,,,1,1.7021971911747689,2.918970781926437,1.0,,/home/asaleh/PycharmProjects/hdgfem/run_outputs/torsion_reduced_optimizer_numerical_tests/cases/mumps_parent-iter-0f4430ed9fd2/attempt_001/run,0,run,/home/asaleh/PycharmProjects/hdgfem/run_outputs/torsion_reduced_optimizer_numerical_tests/cases/mumps_parent-iter-0f4430ed9fd2/attempt_001/run,0.14046823503796182,0.0,gmres,None,mumps,optimized,,,failed,,,,,,,,,,,,,,,,,None,mumps,2.9294620351091076,sharp_indicator,,,False,89.15923545300029,1e-11,,,,None,,,,,,,300,0.0007023411751898092,0.0007023411751898092,,,,,,,,,,,,,,,,91.27780175209045,
,,,,,,transferred_mumps_parent_fast_fallback,,,0.25,0.345,,,,,,,,,,,,,,,,,,,,,,,,,,,,,,"[""v3_full""]",,,,,,,,,,incomplete,,,,,,,,,,,,200000,,,,,,,,,,,,,,,,,,,,,,,,,,,,,,iter,,,,,,,,,,,,,,,,,,,,,,,,,,,,,,,,,,,,,,,,,,,,,,warm_started_child-iter-e77ef1b93097,,,,,,,,,,,,,,,,,,,,,,,window-fit,fast,,,,,,,,,,,,,,,,,,,,,,,,warm_started_child,,,,,,,,,,,,,,,,,,,,,,,,,,,,,,,,,,,,,,,,,4,mumps_parent-iter-0f4430ed9fd2,,,,,,,,,,,,,,,,,,,,,,,,,,,,,,,,,,,,,,,,,,,,,,,,,,,,,,,,,,,,,,,,,,,,,,,,planned,,,,,,,,,,,,,,,,,,,,,,,,,,,,,,,,,,,,,,,,,,,,,,,,,,,,,,,
,,,,,,low_dof_mumps_full_hminus1_window_fit_fallback,,,0.45,0.5,,,,,,,,,,,,,,,,,,,,,,,,,,,,,,"[""v3_pilot"",""v3_full""]",,,,,,,,,,incomplete,,,,,,,,,,,,75000,,,,,,,,,,,,,,,,,,,,,,,,,,,,,,iter,,,,,,,,,,,,,,,,,,,,,,,,,,,,,,,,,,,,,,,,,,,,,,mumps_parent-iter-bf137971ce69,,,,,,,,,,,,,,,,,,,,,,,window-fit,full,,,,,,,,,,,,,,,,,,,,,,,,mumps_parent,,,,,,,,,,,,,,,,,,,,,,,,,,,,,,,,,,,,,,,,,4,,,,,,,,,,,,,,,,,,,,,,,,,,,,,,,,,,,,,,,,,,,,,,,,,,,,,,,,,,,,,,,,,,,,,,,,,planned,,,,,,,,,,,,,,,,,,,,,,,,,,,,,,,,,,,,,,,,,,,,,,,,,,,,,,,
,,,,,,transferred_mumps_parent_fast_fallback,,,0.45,0.5,,,,,,,,,,,,,,,,,,,,,,,,,,,,,,"[""v3_full""]",,,,,,,,,,incomplete,,,,,,,,,,,,200000,,,,,,,,,,,,,,,,,,,,,,,,,,,,,,iter,,,,,,,,,,,,,,,,,,,,,,,,,,,,,,,,,,,,,,,,,,,,,,warm_started_child-iter-9450bb34fe25,,,,,,,,,,,,,,,,,,,,,,,window-fit,fast,,,,,,,,,,,,,,,,,,,,,,,,warm_started_child,,,,,,,,,,,,,,,,,,,,,,,,,,,,,,,,,,,,,,,,,4,mumps_parent-iter-bf137971ce69,,,,,,,,,,,,,,,,,,,,,,,,,,,,,,,,,,,,,,,,,,,,,,,,,,,,,,,,,,,,,,,,,,,,,,,,planned,,,,,,,,,,,,,,,,,,,,,,,,,,,,,,,,,,,,,,,,,,,,,,,,,,,,,,,
,,,,,,low_dof_mumps_full_hminus1_window_fit_fallback,,,0.6,0.7,,,,,,,,,,,,,,,,,,,,,,,,,,,,,,"[""v3_pilot"",""v3_full""]",,,,,,,,,,incomplete,,,,,,,,,,,,75000,,,,,,,,,,,,,,,,,,,,,,,,,,,,,,iter,,,,,,,,,,,,,,,,,,,,,,,,,,,,,,,,,,,,,,,,,,,,,,mumps_parent-iter-e936eaeddc7c,,,,,,,,,,,,,,,,,,,,,,,window-fit,full,,,,,,,,,,,,,,,,,,,,,,,,mumps_parent,,,,,,,,,,,,,,,,,,,,,,,,,,,,,,,,,,,,,,,,,4,,,,,,,,,,,,,,,,,,,,,,,,,,,,,,,,,,,,,,,,,,,,,,,,,,,,,,,,,,,,,,,,,,,,,,,,,planned,,,,,,,,,,,,,,,,,,,,,,,,,,,,,,,,,,,,,,,,,,,,,,,,,,,,,,,
,,,,,,transferred_mumps_parent_fast_fallback,,,0.6,0.7,,,,,,,,,,,,,,,,,,,,,,,,,,,,,,"[""v3_full""]",,,,,,,,,,incomplete,,,,,,,,,,,,200000,,,,,,,,,,,,,,,,,,,,,,,,,,,,,,iter,,,,,,,,,,,,,,,,,,,,,,,,,,,,,,,,,,,,,,,,,,,,,,warm_started_child-iter-f0096e1a8b01,,,,,,,,,,,,,,,,,,,,,,,window-fit,fast,,,,,,,,,,,,,,,,,,,,,,,,warm_started_child,,,,,,,,,,,,,,,,,,,,,,,,,,,,,,,,,,,,,,,,,4,mumps_parent-iter-e936eaeddc7c,,,,,,,,,,,,,,,,,,,,,,,,,,,,,,,,,,,,,,,,,,,,,,,,,,,,,,,,,,,,,,,,,,,,,,,,planned,,,,,,,,,,,,,,,,,,,,,,,,,,,,,,,,,,,,,,,,,,,,,,,,,,,,,,,
,,,,,,strict_storyboard_fast_fallback,,,0.25,0.345,,,,,,,,,,,,,,,,,,,,,,,,,,,,,,"[""v3_pilot"",""v3_full""]",,,,,,,,,,deferred,,,,superseded_by_revised_v3_protocol,,,,,,,,200000,,,,,,,,,,,,,,,,,,,,,,,,,,,,,,iter,,,,,,,,,,,,,,,,,,,,,,,,,,,,,,,,,,,,,,,,,,,,,,trajectory_v3-iter-36a0dd3d08e1,,,,,,,,,,,,,,,,,,,,,,,window-fit,fast,,,,,,,,,,,,,,,,,,,,,,,,trajectory_v3,,,,,,,,,,,,,,,,,,,,,,,,,,,,,,,,,,,,,,,,,4,mumps_parent-iter-0f4430ed9fd2,,,,,,,,,,,,,,,,,,,,,,,,,,,,,,,,,,,,,,,,,,,,,,,,,,,,,,,,,,,,,,,,,,,,,,,,deferred,,,,,,,,,,,,,,,,,,,,,,,,,,,,,,1,,,,,,,,,,,,,,,,,,,,,,,,,
nan,0,0,,,,low_dof_mumps_full_hminus1_window_fit_fallback,0.6,0.695,0.6,0.695,,0.009842853498412296,,2287.0,0.0,0.0,0.008395480492323167,0.008871769394089174,0.0,0.0,-1,0.0,0.0,0.22653958870999732,inf,3.8103112141280593e-05,0.0,0.0,0.22653958870999732,1.0,0.0,3.751251748615361e-15,1.0,0.0004762889017660074,1.0,0.04265920879307114,,0.04941358351864073,,"[""v3_pilot"",""v3_full""]",0,0,1,8,5,0.001,,,0,geometrically_unsuccessful_pde_converged,,,0.0,,0.0,0,,,,,,75000,2.778358688778696,,relative,None,0.08,0.00040526248353417546,0.06,,0.08,/home/asaleh/PycharmProjects/hdgfem/run_outputs/torsion_reduced_optimizer_numerical_tests/cases/mumps_parent-pacman-bddb202f569c/attempt_001/run/out/equilibrium.npz,/home/asaleh/PycharmProjects/hdgfem/run_outputs/torsion_reduced_optimizer_numerical_tests/cases/mumps_parent-pacman-bddb202f569c/attempt_001/run/out/equilibrium.npz,,,0,,None,mumps,1,0,200,0.0,CONVERGED_RESIDUAL,1e-12,,STEP_TOO_SMALL,,,,,pacman,file,0.034466546794390006,,,0.6458984375000001,hminus1_full_refined,234,10,10,FAIL_MIN_STEP,1.0,window_fit_fallback,4,0,6,CONVERGED_LAMBDA1,2,1,0.1,None,1.0,mumps,0.35,0.00025,4,0.47113888000603765,1,0,6,CONVERGED_LAMBDA1,0.7363879470212851,1e-11,,1.0,16,238,10,44.269523164985,26,,,,,,,mumps_parent-pacman-bddb202f569c,model_feasibility_proxy,None,4,1e-12,0,"1e-2,1e-3,1e-5,1e-7,adaptive",1,,,,window_fit_fallback,2.645418881317023,window-fit,0.6437546518536156,0.06308915903181381,-0.026922766351208688,0.3716710420458844,0.7279163901922688,homotopy,0.0002463719908732654,0.0221978373213818,full,window-fit,full,None,0,0.0,nan,None,,,,0.0,/home/asaleh/PycharmProjects/hdgfem/run_outputs/torsion_reduced_optimizer_numerical_tests/cases/mumps_parent-pacman-bddb202f569c/attempt_001/run/logs/initialization.csv,,,None,1e-08,1e-07,,,1e-07,1e-07,,mumps,,2.0,mumps_parent,246.0,28.604152980900835,11.842782039166195,,,,,,,/home/asaleh/PycharmProjects/hdgfem/run_outputs/torsion_reduced_optimizer_numerical_tests/meshes/pacman-p4-dof75000.msh,9232,74578,,0.025262868008205246,0.5,1.1086019518813376e-05,74577,/home/asaleh/PycharmProjects/hdgfem/run_outputs/torsion_reduced_optimizer_numerical_tests/cases/mumps_parent-pacman-bddb202f569c/attempt_001/run/logs/newton.csv,,,,,,None,1e-08,1,0,None,0,1e-08,252,4.48632158495843e-16,None,mumps,,,0.012405362537815707,9232,,,4,,1,0.502793991996441,1,0.054954568011453375,1,9.028398278984241,2,44.29699410498142,0,0.0,1,0.0314441169903148,0,0.0,1,1.2817120479885489,1,0.43780208597308956,1,0.31206118297996,1,0.8350784590002149,1,59.60266780201346,0,0.0,1,0.47064801800297573,/home/asaleh/PycharmProjects/hdgfem/run_outputs/torsion_reduced_optimizer_numerical_tests/cases/mumps_parent-pacman-bddb202f569c/attempt_001/run/logs/phases.csv,0.007869314209142993,0.008868815615050702,,,,insufficient_history,0,,,,0.0,0.0,0.0,16,,,,2.830786798003828,1,,,,,,,1,0.4748592295833151,0.22733505300637308,1.0,,/home/asaleh/PycharmProjects/hdgfem/run_outputs/torsion_reduced_optimizer_numerical_tests/cases/mumps_parent-pacman-bddb202f569c/attempt_001/run,0,run,/home/asaleh/PycharmProjects/hdgfem/run_outputs/torsion_reduced_optimizer_numerical_tests/cases/mumps_parent-pacman-bddb202f569c/attempt_001/run,0.011086019518813377,0.0,gmres,None,mumps,optimized,,,completed,,,,,,,,,,,,,,,,,None,mumps,0.22653958870999732,sharp_indicator,,,False,59.60266780201346,1e-11,,,,None,,,,,,,300,5.5430097594066884e-05,5.5430097594066884e-05,,,,,,,,,,,,,,,,61.77605390548706,
,,,,,,transferred_mumps_parent_fast_fallback,,,0.6,0.695,,,,,,,,,,,,,,,,,,,,,,,,,,,,,,"[""v3_full""]",,,,,,,,,,incomplete,,,,,,,,,,,,200000,,,,,,,,,,,,,,,,,,,,,,,,,,,,,,pacman,,,,,,,,,,,,,,,,,,,,,,,,,,,,,,,,,,,,,,,,,,,,,,warm_started_child-pacman-fa06db0a3dfb,,,,,,,,,,,,,,,,,,,,,,,window-fit,fast,,,,,,,,,,,,,,,,,,,,,,,,warm_started_child,,,,,,,,,,,,,,,,,,,,,,,,,,,,,,,,,,,,,,,,,4,mumps_parent-pacman-bddb202f569c,,,,,,,,,,,,,,,,,,,,,,,,,,,,,,,,,,,,,,,,,,,,,,,,,,,,,,,,,,,,,,,,,,,,,,,,planned,,,,,,,,,,,,,,,,,,,,,,,,,,,,,,,,,,,,,,,,,,,,,,,,,,,,,,,
,,,,,,strict_storyboard_design_v3,,,0.6,0.695,,,,,,,,,,,,,,,,,,,,,,,,,,,0.04266241268461327,,0.04941729469301038,"[""v3_pilot"",""v3_full""]",,,,,,,,,,overview_completed,,,,,,,,,,,,200000,,,,,,,,0.0005403905606717685,,,,,,0,,,,,,,,,,,,,,,hdgfem_torsion_optimizer_geometry_overview_v1,pacman,,,,,,,,,,,,,,,,,,,,,,,,,,,,,,,,,,,,,,,,,,,,,,geometry_overview-pacman-73e88dfff494,,,,,,,,,,,,,,,,,,,,,,,,,,,,,,,,,,,,,,,,,,,,,,,,geometry_overview,,,,,,,,,/home/asaleh/PycharmProjects/hdgfem/run_outputs/torsion_reduced_optimizer_numerical_tests/meshes/pacman-p4-dof200000.msh,,,,,,,,,,,,,,,,,,,,,,,,,,,,,,24616,198109,4,,,,,,,,,,,,,,,,,,,,,,,,,,,,,,,,,,,,,,,,,,,,,,,,,,,,,,,,,,,,,,,,/home/asaleh/PycharmProjects/hdgfem/run_outputs/torsion_reduced_optimizer_numerical_tests/cases/geometry_overview-pacman-73e88dfff494/attempt_001/run,,,,,,,,,completed,,,,,,,,,,,,,,,OVERVIEW_COMPLETE,,,,,,0.22675223501766972,0.008880375846881713,,,,0.07110402114102213,2.8496022949984763,/home/asaleh/PycharmProjects/hdgfem/run_outputs/torsion_reduced_optimizer_numerical_tests/cases/geometry_overview-pacman-73e88dfff494/attempt_001/run/out/overview.npz,/home/asaleh/PycharmProjects/hdgfem/run_outputs/torsion_reduced_optimizer_numerical_tests/cases/geometry_overview-pacman-73e88dfff494/attempt_001/run/out/overview.npz,,,,,,,,,,,,,,,,,,,,,,,,,5.3792195320129395,
,,,,,,strict_storyboard_fast_fallback,,,0.6,0.695,,,,,,,,,,,,,,,,,,,,,,,,,,,,,,"[""v3_pilot"",""v3_full""]",,,,,,,,,,deferred,,,,superseded_by_revised_v3_protocol,,,,,,,,200000,,,,,,,,,,,,,,,,,,,,,,,,,,,,,,pacman,,,,,,,,,,,,,,,,,,,,,,,,,,,,,,,,,,,,,,,,,,,,,,trajectory_v3-pacman-ccbabe8664b8,,,,,,,,,,,,,,,,,,,,,,,window-fit,fast,,,,,,,,,,,,,,,,,,,,,,,,trajectory_v3,,,,,,,,,,,,,,,,,,,,,,,,,,,,,,,,,,,,,,,,,4,mumps_parent-pacman-bddb202f569c,,,,,,,,,,,,,,,,,,,,,,,,,,,,,,,,,,,,,,,,,,,,,,,,,,,,,,,,,,,,,,,,,,,,,,,,deferred,,,,,,,,,,,,,,,,,,,,,,,,,,,,,,1,,,,,,,,,,,,,,,,,,,,,,,,,
,,,,,,full_hminus1,,,0.6,0.695,,,,,,,,,,,,,,,,,,,,,,,,,,,,,,"[""v3_pilot"",""v3_full""]",,,,,,,,,,incomplete,,,,,,,,,,,storyboard,75000,,,,,,,,,,,,,,,,,,,,,,,,,,,1e-11,,,pacman,,,,,,,,,,,,,,,,,,,,,,,,,,,,,,,,,,,,,,,,,,,,,,initialization_policy_v3-pacman-bdd569b87786,,,,,,,,,,,,,,,,,,,,,,,none,full,,,,,,,,,,,,,,,,,,,,,,,,initialization_policy_v3,,,,,,,0,,,,,,,,,,,,,,,,,,,,,,,,,,,,,,,,,,4,,,,,,,,,,,,,,,,,,,,,,,,,,,,,,,,,,,,,,,,,,,,,,,,,,,,,,,,,,,,,,,,,,,,,,,,,planned,,,,,,,,,,,,,,,,,,,,,,,,,,,,,,,,,,,,,,,,,,,,,,,,,,,,,,,
,,,,,,fast_hminus1,,,0.6,0.695,,,,,,,,,,,,,,,,,,,,,,,,,,,,,,"[""v3_pilot"",""v3_full""]",,,,,,,,,,incomplete,,,,,,,,,,,storyboard,75000,,,,,,,,,,,,,,,,,,,,,,,,,,,1e-11,,,pacman,,,,,,,,,,,,,,,,,,,,,,,,,,,,,,,,,,,,,,,,,,,,,,initialization_policy_v3-pacman-c5b099b76020,,,,,,,,,,,,,,,,,,,,,,,none,fast,,,,,,,,,,,,,,,,,,,,,,,,initialization_policy_v3,,,,,,,0,,,,,,,,,,,,,,,,,,,,,,,,,,,,,,,,,,4,,,,,,,,,,,,,,,,,,,,,,,,,,,,,,,,,,,,,,,,,,,,,,,,,,,,,,,,,,,,,,,,,,,,,,,,,planned,,,,,,,,,,,,,,,,,,,,,,,,,,,,,,,,,,,,,,,,,,,,,,,,,,,,,,,
,,,,,,fast_window_fit_fallback,,,0.6,0.695,,,,,,,,,,,,,,,,,,,,,,,,,,,,,,"[""v3_pilot"",""v3_full""]",,,,,,,,,,incomplete,,,,,,,,,,,storyboard,75000,,,,,,,,,,,,,,,,,,,,,,,,,,,1e-11,,,pacman,,,,,,,,,,,,,,,,,,,,,,,,,,,,,,,,,,,,,,,,,,,,,,initialization_policy_v3-pacman-181e7db6489f,,,,,,,,,,,,,,,,,,,,,,,window-fit,fast,,,,,,,,,,,,,,,,,,,,,,,,initialization_policy_v3,,,,,,,0,,,,,,,,,,,,,,,,,,,,,,,,,,,,,,,,,,4,,,,,,,,,,,,,,,,,,,,,,,,,,,,,,,,,,,,,,,,,,,,,,,,,,,,,,,,,,,,,,,,,,,,,,,,,planned,,,,,,,,,,,,,,,,,,,,,,,,,,,,,,,,,,,,,,,,,,,,,,,,,,,,,,,
,,,,,,window_fit_only,,,0.6,0.695,,,,,,,,,,,,,,,,,,,,,,,,,,,,,,"[""v3_pilot"",""v3_full""]",,,,,,,,,,incomplete,,,,,,,,,,,storyboard,75000,,,,,,,,,,,,,,,,,,,,,,,,,,,1e-11,,,pacman,,,,,,,,,,,,,,,,,,,,,,,,,,,,,,,,,,,,,,,,,,,,,,initialization_policy_v3-pacman-0fa64f7a3c51,,,,,,,,,,,,,,,,,,,,,,,none,fast,,,,,,,,,,,legacy_fit_window_newton,,,,,,,,,,,,,initialization_policy_v3,,,,,,,0,,,,,,,,,,,,,,,,,,,,,,,,,,,,,,,,,,4,,,,,,,,,,,,,,,,,,,,,,,,,,,,,,,,,,,,,,,,,,,,,,,,,,,,,,,,,,,,,,,,,,,,,,,,,planned,,,,,,,,,,,,,,,,,,,,,,,,,,,,,,,,,,,,,,,,,,,,,,,,,,,,,,,
-4.002061069287695,26,26,,,,strict_storyboard_fast_fallback,0.6,0.695,0.6,0.695,,0.29970805821358226,,0.0,0.2705072818558838,0.1516772552747175,0.008530899459876623,0.010342178370832301,0.08187830797749245,0.36109151458247835,-1,0.001357214464533151,0.005985451320589584,0.14623114150471087,inf,0.00014490231287645427,0.05564997687463307,0.24542195524686464,0.1307249566175825,0.5765101129318337,0.3501115459673813,1.2441997772627179e-11,0.8017801119111547,0.0018112789109556784,0.7273155308519449,0.04266241268389901,,0.04941729469218302,,"[""v3_pilot"",""v3_full""]",0,0,1,8,5,0.001,,,0,pde_failure,,,0.0,,0.0,0,,,,,,200000,2.7784429481292796,,relative,None,0.08,0.00040529292049704054,0.06,,0.08,/home/asaleh/PycharmProjects/hdgfem/run_outputs/torsion_reduced_optimizer_numerical_tests/cases/trajectory_v3-pacman-822f380f34d3/attempt_001/run/out/equilibrium.npz,/home/asaleh/PycharmProjects/hdgfem/run_outputs/torsion_reduced_optimizer_numerical_tests/cases/trajectory_v3-pacman-822f380f34d3/attempt_001/run/out/equilibrium.npz,,,3,"[""trajectory-pacman-f64373773ee3""]",None,mumps,0,1,200,2.0999282099946868,FAIL_STEP_STAGNATION,1e-12,,NEWTON_NOT_CONVERGED,,,,,pacman,file,0.01985157273528982,,,,,,,,,,,,,,,0,,0.1,gmres,,hypre,0.35,0.00025,,,1,,,,,1e-11,,,0,0,0,0,0,,,,,,,trajectory_v3-pacman-822f380f34d3,model_feasibility_proxy,None,4,1e-12,0,"1e-2,1e-3,1e-5,1e-7,adaptive",1,,,,checkpoint_transfer,nan,window-fit,,,,,,homotopy,,,fast,window-fit,fast,/home/asaleh/PycharmProjects/hdgfem/run_outputs/torsion_reduced_optimizer_numerical_tests/cases/trajectory-pacman-f64373773ee3/attempt_001/run/out/equilibrium.npz,1,0.0,2.482534153247273e-16,coordinate_match,0,6.6505419900975684e-12,CONVERGED_RESIDUAL,0.0,/home/asaleh/PycharmProjects/hdgfem/run_outputs/torsion_reduced_optimizer_numerical_tests/cases/trajectory_v3-pacman-822f380f34d3/attempt_001/run/logs/initialization.csv,,,None,1e-08,1e-07,,,1e-07,1e-07,,mumps,,2.0,trajectory_v3,406.0,11.841708054940682,0.23176238403539173,,,,,,,/home/asaleh/PycharmProjects/hdgfem/run_outputs/torsion_reduced_optimizer_numerical_tests/meshes/pacman-p4-dof200000.msh,24616,198110,,0.015339860759635334,0.5,1.1100469809049927e-05,198109,/home/asaleh/PycharmProjects/hdgfem/run_outputs/torsion_reduced_optimizer_numerical_tests/cases/trajectory_v3-pacman-822f380f34d3/attempt_001/run/logs/newton.csv,,,,,,None,1e-08,1,0,None,0,1e-08,66,6.6505419900975684e-12,gmres,hypre,,,0.007144855268183875,24616,,,4,mumps_parent-pacman-bddb202f569c,2,5.329344933008542,1,2.188107541995123,0,0.0,0,0.0,0,0.0,1,0.08627925501787104,2,0.19045571598690003,26,6.364771378051955,26,12.642035625991412,1,0.42351246398175135,1,0.7879822069953661,1,100.86357781599509,30,12.074652515962953,0,0.0,/home/asaleh/PycharmProjects/hdgfem/run_outputs/torsion_reduced_optimizer_numerical_tests/cases/trajectory_v3-pacman-822f380f34d3/attempt_001/run/logs/phases.csv,0.007877412203298002,0.00888037584723994,,,,none,0,,,,nan,11.190178969774538,nan,16,,,,12.69030574298813,5,,,,,,,1,0.4752293234020182,0.2269120400589825,1.0,,/home/asaleh/PycharmProjects/hdgfem/run_outputs/torsion_reduced_optimizer_numerical_tests/cases/trajectory_v3-pacman-822f380f34d3/attempt_001/run,0,run,/home/asaleh/PycharmProjects/hdgfem/run_outputs/torsion_reduced_optimizer_numerical_tests/cases/trajectory_v3-pacman-822f380f34d3/attempt_001/run,0.011100469809049926,0.0,gmres,cg,hypre,optimized,,,failed,,,,,,,,,,,,,,,,,cg,hypre,0.22675223501766972,sharp_indicator,,,False,100.86357781599509,1e-11,,,,/home/asaleh/PycharmProjects/hdgfem/run_outputs/torsion_reduced_optimizer_numerical_tests/cases/trajectory_v3-pacman-822f380f34d3/attempt_001/run/out/trajectory.npz,1,,,,,,300,1.0115303113496746e-05,6.937793630656204e-06,,,,,,,,,,,,,,,,103.16284942626953,
-148.05850278848757,,6,,,,strict_storyboard_fast_fallback,,,0.6,0.695,,31.548633631522534,,7180.0,,,,,,,,,,,,,,,,,,,,,0.01365169575226992,,,,,"[""v3_pilot"",""v3_full""]",0,,,,,,,,,pde_failure,,,0.0,superseded_by_revised_v3_protocol,,,,,,,,200000,,,,,,,,,,,,,,,"[""trajectory_candidate-horseshoe-9e9172e39927""]",,,,,,,,,,,,,,,horseshoe,,,,,,,,,,,,,,,,,,,,,,,,,,,,,,,,,,,0,0,0,0,0,,,,,,,trajectory_v3-horseshoe-77ab99c2da6f,,,,,,,,,,,,,,,,,,,,,,,window-fit,fast,,,,,,,,,,,,,,,,,,1e-07,1e-07,,,,,trajectory_v3,33806.0,444.02341193074244,55.368558693357045,,,,,,,,,,,,,,,,,,,,,,,,,,,,643,1.54031495390254e-12,,,,,,,,,4,mumps_parent-horseshoe-6f688a438224,,,,,,,,,,,,,,,,,,,,,,,,,,,,,,,,,,,none,,,,,2.7254422046042377,8.201012142167228,0.3323299804167834,,,,,456.88724181902944,9,,,,,,,,,,,,,,,/home/asaleh/PycharmProjects/hdgfem/run_outputs/torsion_reduced_optimizer_numerical_tests/cases/trajectory_v3-horseshoe-77ab99c2da6f/attempt_001/run,,,,,,,,,failed,,,,,,,,,,,,,,,,,,,,,,,False,,,,,,,1,,,,,,,4.1119090160498064e-06,4.1119090160498064e-06,,,,,,,,,,,,,,,,,
,,,,,,strict_storyboard_fast_fallback,,,0.25,0.345,,,,,,,,,,,,,,,,,,,,,,,,,,,,,,"[""v3_pilot"",""v3_full""]",,,,,,,,,,deferred,,,,superseded_by_revised_v3_protocol,,,,,,,,200000,,,,,,,,,,,,,,,"[""trajectory_candidate-iter-9aecf30783ce""]",,,,,,,,,,,,,,,iter,,,,,,,,,,,,,,,,,,,,,,,,,,,,,,,,,,,,,,,,,,,,,,trajectory_v3-iter-ee30a07d5cd9,,,,,,,,,,,,,,,,,,,,,,,window-fit,fast,,,,,,,,,,,,,,,,,,,,,,,,trajectory_v3,,,,,,,,,,,,,,,,,,,,,,,,,,,,,,,,,,,,,,,,,4,mumps_parent-iter-0f4430ed9fd2,,,,,,,,,,,,,,,,,,,,,,,,,,,,,,,,,,,,,,,,,,,,,,,,,,,,,,,,,,,,,,,,,,,,,,,,deferred,,,,,,,,,,,,,,,,,,,,,,,,,,,,,,1,,,,,,,,,,,,,,,,,,,,,,,,,
-3.999849697683232,26,26,,,,strict_storyboard_fast_fallback,0.6,0.695,0.6,0.695,,0.3910367601783946,,0.0,0.27051885331655173,0.15167720887507585,0.008530839690864983,0.010342102206353773,0.08188159794490116,0.3611060236672883,-1,0.001357214464533151,0.005985451320589584,0.14622785153730217,inf,0.00014490100123910318,0.055649220397096556,0.24541861910538645,0.13072424653968984,0.5765069814174185,0.35011922591693323,9.66955252998718e-16,0.801776041926012,0.0018112625154887898,0.727509541916175,0.042662412683899,,0.049417294692183006,,"[""v3_pilot"",""v3_full""]",0,0,1,8,5,0.001,,,0,geometrically_unsuccessful_pde_converged,,,0.0,,0.0,0,,,,,,200000,2.7784429481292796,,relative,None,0.08,0.00040529292049704054,0.06,,0.08,/home/asaleh/PycharmProjects/hdgfem/run_outputs/torsion_reduced_optimizer_numerical_tests/cases/trajectory_v3-pacman-4d5357771618/attempt_002/run/out/equilibrium.npz,/home/asaleh/PycharmProjects/hdgfem/run_outputs/torsion_reduced_optimizer_numerical_tests/cases/trajectory_v3-pacman-4d5357771618/attempt_002/run/out/equilibrium.npz,,,0,"[""trajectory-pacman-f64373773ee3""]",None,mumps,1,1,200,1.0499007499893196,CONVERGED_RESIDUAL,1e-12,1e-13,MAX_OPT_IT,,,,,pacman,file,0.01985157273528982,,,,,,,,,,,,,,,0,,0.1,gmres,,hypre,0.35,0.00025,,,1,,,,,1e-11,,,0,0,0,0,0,,,,,,,trajectory_v3-pacman-4d5357771618,model_feasibility_proxy,None,4,1e-12,0,"1e-2,1e-3,1e-5,1e-7,adaptive",1,,,,checkpoint_transfer,nan,window-fit,,,,,,homotopy,,,fast,window-fit,fast,/home/asaleh/PycharmProjects/hdgfem/run_outputs/torsion_reduced_optimizer_numerical_tests/cases/trajectory-pacman-f64373773ee3/attempt_001/run/out/equilibrium.npz,1,0.0,2.482534153247273e-16,coordinate_match,0,6.6505419900975684e-12,CONVERGED_RESIDUAL,0.0,/home/asaleh/PycharmProjects/hdgfem/run_outputs/torsion_reduced_optimizer_numerical_tests/cases/trajectory_v3-pacman-4d5357771618/attempt_002/run/logs/initialization.csv,,,1e-10,1e-08,1e-07,,1e-10,1e-10,1e-10,,none,none,2.0,trajectory_v3,725.0,20.893007668782957,0.4808011340792291,,,,,,,/home/asaleh/PycharmProjects/hdgfem/run_outputs/torsion_reduced_optimizer_numerical_tests/meshes/pacman-p4-dof200000.msh,24616,198110,,0.015339860759635334,0.5,1.110046980904993e-05,198109,/home/asaleh/PycharmProjects/hdgfem/run_outputs/torsion_reduced_optimizer_numerical_tests/cases/trajectory_v3-pacman-4d5357771618/attempt_002/run/logs/newton.csv,,,,,,None,1e-08,1,0,None,0,1e-08,97,9.66955252998718e-16,gmres,hypre,,,0.007144855268183875,24616,,,4,mumps_parent-pacman-bddb202f569c,2,5.264309940015664,1,1.1325026309932582,0,0.0,0,0.0,0,0.0,1,0.08277442798134871,2,0.19898546396871097,26,5.676786714961054,26,13.193944534956245,1,0.24606157498783432,1,0.3458799590007402,1,104.42530080402503,30,22.778792509954656,0,0.0,/home/asaleh/PycharmProjects/hdgfem/run_outputs/torsion_reduced_optimizer_numerical_tests/cases/trajectory_v3-pacman-4d5357771618/attempt_002/run/logs/phases.csv,0.007877412203297995,0.008880375847239944,,,,none,0,,,,nan,11.190178969774538,nan,16,,,,10.54894440897624,5,,,,,,,1,0.4752293234020182,0.2269120400589825,1.0,,/home/asaleh/PycharmProjects/hdgfem/run_outputs/torsion_reduced_optimizer_numerical_tests/cases/trajectory_v3-pacman-4d5357771618/attempt_002/run,0,run,/home/asaleh/PycharmProjects/hdgfem/run_outputs/torsion_reduced_optimizer_numerical_tests/cases/trajectory_v3-pacman-4d5357771618/attempt_002/run,0.01110046980904993,0.0,gmres,cg,hypre,optimized,,,completed,,,,,,,,,,,,,,,,,cg,hypre,0.22675223501766972,sharp_indicator,,,False,104.42530080402503,1e-11,,,,/home/asaleh/PycharmProjects/hdgfem/run_outputs/torsion_reduced_optimizer_numerical_tests/cases/trajectory_v3-pacman-4d5357771618/attempt_002/run/out/trajectory.npz,1,,,,,,300,1.011530311349675e-05,6.9377936306562064e-06,,,,,,,,,,,,,,,,106.83458089828491,
-156.72126066269664,,6,,,,strict_storyboard_fast_fallback,,,0.6,0.695,,1.2043713346065488,,5023.0,,,,,,,,,,,,,,,,,,,,,0.013798364451341524,,,,,"[""v3_pilot"",""v3_full""]",0,,,,,,,,,pde_failure,,,0.0,,,,,,,,,200000,,,,,,,,,,,,,,,"[""trajectory_candidate-horseshoe-9e9172e39927""]",,,,,,,,,,,,,,,horseshoe,,,,,,,,,,,,,,,,,,,,,,,,,,,,,,,,,,,0,0,0,0,0,,,,,,,trajectory_v3-horseshoe-f95e112ebc4d,,,,,,,,,,,,,,,,,,,,,,,window-fit,fast,,,,,,,,,,,,,,,,,,1e-07,1e-07,,,none,,trajectory_v3,24595.0,310.07880809906055,39.17231389685185,,,,,,,,,,,,,,,,,,,,,,,,,,,,478,1.54031495390254e-12,,,,,,,,,4,mumps_parent-horseshoe-6f688a438224,,,,,,,,,,,,,,,,,,,,,,,,,,,,,,,,,,,none,,,,,2.719621892969039,8.201012142167228,0.3316202739154026,,,,,295.4639369439683,7,,,,,,,,,,,,,,,/home/asaleh/PycharmProjects/hdgfem/run_outputs/torsion_reduced_optimizer_numerical_tests/cases/trajectory_v3-horseshoe-f95e112ebc4d/attempt_002/run,,,,,,,,,failed,,,,,,,,,,,,,,,,,,,,,,,False,,,,,,,1,,,,,,,1.6447636064199226e-05,1.6447636064199226e-05,,,,,,,,,,,,,,,,,
-9.660152582159322,15,15,,,,strict_storyboard_fast_fallback,0.25,0.345,0.25,0.345,,0.5734177682024892,,31.0,0.31277343777333233,0.8584785515937994,0.017580947350250127,0.018654186618645704,0.4439693337682645,0.15166442239485803,-1,0.1324621717168266,0.045250419870411895,2.6158064871074336,inf,8.585914147164614e-05,0.29995132336516417,0.10246641095372595,2.368786420930228,0.8092014402388585,0.08361426293848241,4.873341969902806e-13,0.9084139624314181,0.0010732392683955767,0.01181845395177814,0.48356117048878783,,0.6673144152745272,,"[""v3_pilot"",""v3_full""]",4,0,1,8,5,0.001,,,0,pde_converged_with_capped_trials,,,0.0,,0.0,0,,,,,,200000,10.850829461382203,,relative,None,0.08,0.01102519468714436,0.06,,0.08,/home/asaleh/PycharmProjects/hdgfem/run_outputs/torsion_reduced_optimizer_numerical_tests/cases/trajectory_v3-iter-6c99c035c109/attempt_001/run/out/equilibrium.npz,/home/asaleh/PycharmProjects/hdgfem/run_outputs/torsion_reduced_optimizer_numerical_tests/cases/trajectory_v3-iter-6c99c035c109/attempt_001/run/out/equilibrium.npz,,,0,"[""trajectory_candidate-iter-9aecf30783ce""]",None,mumps,1,1,200,1.06497083499562,CONVERGED_RESIDUAL,1e-12,,MAX_OPT_IT,,,,,iter,file,0.07592163393717102,,,,,,,,,,,,,,,0,,0.1,gmres,,hypre,0.35,0.00025,,,1,,,,,1e-11,,,0,0,0,0,0,,,,,,,trajectory_v3-iter-6c99c035c109,model_feasibility_proxy,None,4,1e-12,0,"1e-2,1e-3,1e-5,1e-7,adaptive",1,,,,checkpoint_transfer,nan,window-fit,,,,,,homotopy,,,fast,window-fit,fast,/home/asaleh/PycharmProjects/hdgfem/run_outputs/torsion_reduced_optimizer_numerical_tests/cases/trajectory_candidate-iter-9aecf30783ce/attempt_001/run/out/equilibrium.npz,1,0.0,1.9860273225978185e-15,coordinate_match,0,8.701772536206001e-13,CONVERGED_RESIDUAL,0.0,/home/asaleh/PycharmProjects/hdgfem/run_outputs/torsion_reduced_optimizer_numerical_tests/cases/trajectory_v3-iter-6c99c035c109/attempt_001/run/logs/initialization.csv,,,None,1e-08,1e-07,,,1e-07,1e-07,,none,none,2.0,trajectory_v3,3135.0,57.514587044977816,1.1350143550953362,,,,,,,/home/asaleh/PycharmProjects/hdgfem/run_outputs/torsion_reduced_optimizer_numerical_tests/meshes/iter-p4-dof200000.msh,24430,196402,,0.05468317840067455,0.5,0.00014014523366917352,196369,/home/asaleh/PycharmProjects/hdgfem/run_outputs/torsion_reduced_optimizer_numerical_tests/cases/trajectory_v3-iter-6c99c035c109/attempt_001/run/logs/newton.csv,,,,,,None,1e-08,1,0,None,0,1e-08,165,4.873341969902806e-13,gmres,hypre,,,0.006996850720709784,24430,,,4,mumps_parent-iter-0f4430ed9fd2,2,5.529142494022381,1,1.1463625580072403,0,0.0,0,0.0,0,0.0,1,0.08384548997855745,2,0.19285774699528702,15,4.291725529008545,15,8.086864818935283,1,0.43429830300738104,1,0.798654604004696,1,138.5393263619917,30,60.16464668905246,0,0.0,/home/asaleh/PycharmProjects/hdgfem/run_outputs/torsion_reduced_optimizer_numerical_tests/cases/trajectory_v3-iter-6c99c035c109/attempt_001/run/logs/phases.csv,0.3297802878640978,0.11211618693533881,,,,none,0,,,,nan,299.23925404356874,nan,16,,,,71.20275152201066,16,,,,,,,1,1.707916786696308,2.9293075660130086,1.0,,/home/asaleh/PycharmProjects/hdgfem/run_outputs/torsion_reduced_optimizer_numerical_tests/cases/trajectory_v3-iter-6c99c035c109/attempt_001/run,0,run,/home/asaleh/PycharmProjects/hdgfem/run_outputs/torsion_reduced_optimizer_numerical_tests/cases/trajectory_v3-iter-6c99c035c109/attempt_001/run,0.14014523366917353,0.0,gmres,cg,hypre,optimized,,,completed,,,,,,,,,,,,,,,,,cg,hypre,2.9273136491588723,sharp_indicator,,,False,138.5393263619917,1e-11,,,,/home/asaleh/PycharmProjects/hdgfem/run_outputs/torsion_reduced_optimizer_numerical_tests/cases/trajectory_v3-iter-6c99c035c109/attempt_001/run/out/trajectory.npz,1,,,,,,300,3.4358640091324766e-06,1.9088133384069313e-06,,,,,,,,,,,,,,,,140.92612266540527,
-39.026808937942654,,8,,,,low_dof_mumps_full_hminus1_window_fit_fallback,,,0.2,0.295,,1.4927007718069945,,8042.0,,,,,,,,,,,,,,,,,,,,,0.026469046314174748,,,,,"[""v3_pilot"",""v3_full""]",0,,,,,,,,,pde_failure,,,0.0,,,,,,,,,75000,,,,,,,,,,,,,,,,,,,,,,,,,,,,,,horseshoe,,,,,,,,,,,,,,,,,,,,,,,,,,,,,,,,,,1.0,22,557,7,77.19596211492899,29,,,,,,,mumps_parent-horseshoe-832dce4fde81,,,,,,,,,,,,,,,,,,,,,,,window-fit,full,,,,,,,,,,,,,,,,,,1e-07,1e-07,,,,,mumps_parent,1137.0,292.15481486852514,44.208792559511494,,,,,,,,,,,,,,,,,,,,,,,,,,,,1146,8.46137824200287e-17,,,,,,,,,4,,,,,,,,,,,,,,,,,,,,,,,,,,,,,,,,,,,,none,,,,,3.3441242868523755,8.000911982583506,0.4179678884272081,,,,,212.38073316702503,7,,,,,,,,,,,,,,,/home/asaleh/PycharmProjects/hdgfem/run_outputs/torsion_reduced_optimizer_numerical_tests/cases/mumps_parent-horseshoe-832dce4fde81/attempt_001/run,,,,,,,,,failed,,,,,,,,,,,,,,,,,,,,,,,False,,,,,,,,,,,,,,1.8750230639970266e-05,1.8750230639970266e-05,,,,,,,,,,,,,,,,,
,,,,,,transferred_mumps_parent_fast_fallback,,,0.2,0.295,,,,,,,,,,,,,,,,,,,,,,,,,,,,,,"[""v3_full""]",,,,,,,,,,incomplete,,,,,,,,,,,,200000,,,,,,,,,,,,,,,,,,,,,,,,,,,,,,horseshoe,,,,,,,,,,,,,,,,,,,,,,,,,,,,,,,,,,,,,,,,,,,,,,warm_started_child-horseshoe-f5bb3c899b25,,,,,,,,,,,,,,,,,,,,,,,window-fit,fast,,,,,,,,,,,,,,,,,,,,,,,,warm_started_child,,,,,,,,,,,,,,,,,,,,,,,,,,,,,,,,,,,,,,,,,4,mumps_parent-horseshoe-832dce4fde81,,,,,,,,,,,,,,,,,,,,,,,,,,,,,,,,,,,,,,,,,,,,,,,,,,,,,,,,,,,,,,,,,,,,,,,,planned,,,,,,,,,,,,,,,,,,,,,,,,,,,,,,,,,,,,,,,,,,,,,,,,,,,,,,,
,,,,,,strict_storyboard_design_v3,,,0.2,0.295,,,,,,,,,,,,,,,,,,,,,,,,,,,0.012242778867692046,,0.018058098829845763,"[""v3_pilot"",""v3_full""]",,,,,,,,,,overview_completed,,,,,,,,,,,,200000,,,,,,,,0.0004652255969722974,,,,,,0,,,,,,,,,,,,,,,hdgfem_torsion_optimizer_geometry_overview_v1,horseshoe,,,,,,,,,,,,,,,,,,,,,,,,,,,,,,,,,,,,,,,,,,,,,,geometry_overview-horseshoe-7ab26ebe5ed8,,,,,,,,,,,,,,,,,,,,,,,,,,,,,,,,,,,,,,,,,,,,,,,,geometry_overview,,,,,,,,,/home/asaleh/PycharmProjects/hdgfem/run_outputs/torsion_reduced_optimizer_numerical_tests/meshes/horseshoe-p4-dof200000.msh,,,,,,,,,,,,,,,,,,,,,,,,,,,,,,24666,198529,4,,,,,,,,,,,,,,,,,,,,,,,,,,,,,,,,,,,,,,,,,,,,,,,,,,,,,,,,,,,,,,,,/home/asaleh/PycharmProjects/hdgfem/run_outputs/torsion_reduced_optimizer_numerical_tests/cases/geometry_overview-horseshoe-7ab26ebe5ed8/attempt_001/run,,,,,,,,,completed,,,,,,,,,,,,,,,OVERVIEW_COMPLETE,,,,,,0.2165237257936638,0.0034830343751030765,,,,0.06121389433846022,2.817864222015487,/home/asaleh/PycharmProjects/hdgfem/run_outputs/torsion_reduced_optimizer_numerical_tests/cases/geometry_overview-horseshoe-7ab26ebe5ed8/attempt_001/run/out/overview.npz,/home/asaleh/PycharmProjects/hdgfem/run_outputs/torsion_reduced_optimizer_numerical_tests/cases/geometry_overview-horseshoe-7ab26ebe5ed8/attempt_001/run/out/overview.npz,,,,,,,,,,,,,,,,,,,,,,,,,5.380629301071167,
,,,,,,strict_storyboard_fast_fallback,,,0.2,0.295,,,,,,,,,,,,,,,,,,,,,,,,,,,,,,"[""v3_pilot"",""v3_full""]",,,,,,,,,,deferred,,,,superseded_by_revised_v3_protocol,,,,,,,,200000,,,,,,,,,,,,,,,"[""trajectory_candidate-horseshoe-9e9172e39927""]",,,,,,,,,,,,,,,horseshoe,,,,,,,,,,,,,,,,,,,,,,,,,,,,,,,,,,,,,,,,,,,,,,trajectory_v3-horseshoe-b9fa3deecb1e,,,,,,,,,,,,,,,,,,,,,,,window-fit,fast,,,,,,,,,,,,,,,,,,,,,,none,,trajectory_v3,,,,,,,,,,,,,,,,,,,,,,,,,,,,,,,,,,,,,,,,,4,mumps_parent-horseshoe-832dce4fde81,,,,,,,,,,,,,,,,,,,,,,,,,,,,,,,,,,,,,,,,,,,,,,,,,,,,,,,,,,,,,,,,,,,,,,,,deferred,,,,,,,,,,,,,,,,,,,,,,,,,,,,,,1,,,,,,,,,,,,,,,,,,,,,,,,,
,,,,,,full_hminus1,,,0.2,0.295,,,,,,,,,,,,,,,,,,,,,,,,,,,,,,"[""v3_pilot"",""v3_full""]",,,,,,,,,,incomplete,,,,,,,,,,,storyboard,75000,,,,,,,,,,,,,,,,,,,,,,,,,,,1e-11,,,horseshoe,,,,,,,,,,,,,,,,,,,,,,,,,,,,,,,,,,,,,,,,,,,,,,initialization_policy_v3-horseshoe-cec4d0109280,,,,,,,,,,,,,,,,,,,,,,,none,full,,,,,,,,,,,,,,,,,,,,,,,,initialization_policy_v3,,,,,,,0,,,,,,,,,,,,,,,,,,,,,,,,,,,,,,,,,,4,,,,,,,,,,,,,,,,,,,,,,,,,,,,,,,,,,,,,,,,,,,,,,,,,,,,,,,,,,,,,,,,,,,,,,,,,planned,,,,,,,,,,,,,,,,,,,,,,,,,,,,,,,,,,,,,,,,,,,,,,,,,,,,,,,
,,,,,,fast_hminus1,,,0.2,0.295,,,,,,,,,,,,,,,,,,,,,,,,,,,,,,"[""v3_pilot"",""v3_full""]",,,,,,,,,,incomplete,,,,,,,,,,,storyboard,75000,,,,,,,,,,,,,,,,,,,,,,,,,,,1e-11,,,horseshoe,,,,,,,,,,,,,,,,,,,,,,,,,,,,,,,,,,,,,,,,,,,,,,initialization_policy_v3-horseshoe-704071d360ef,,,,,,,,,,,,,,,,,,,,,,,none,fast,,,,,,,,,,,,,,,,,,,,,,,,initialization_policy_v3,,,,,,,0,,,,,,,,,,,,,,,,,,,,,,,,,,,,,,,,,,4,,,,,,,,,,,,,,,,,,,,,,,,,,,,,,,,,,,,,,,,,,,,,,,,,,,,,,,,,,,,,,,,,,,,,,,,,planned,,,,,,,,,,,,,,,,,,,,,,,,,,,,,,,,,,,,,,,,,,,,,,,,,,,,,,,
,,,,,,fast_window_fit_fallback,,,0.2,0.295,,,,,,,,,,,,,,,,,,,,,,,,,,,,,,"[""v3_pilot"",""v3_full""]",,,,,,,,,,incomplete,,,,,,,,,,,storyboard,75000,,,,,,,,,,,,,,,,,,,,,,,,,,,1e-11,,,horseshoe,,,,,,,,,,,,,,,,,,,,,,,,,,,,,,,,,,,,,,,,,,,,,,initialization_policy_v3-horseshoe-2fdb736382c6,,,,,,,,,,,,,,,,,,,,,,,window-fit,fast,,,,,,,,,,,,,,,,,,,,,,,,initialization_policy_v3,,,,,,,0,,,,,,,,,,,,,,,,,,,,,,,,,,,,,,,,,,4,,,,,,,,,,,,,,,,,,,,,,,,,,,,,,,,,,,,,,,,,,,,,,,,,,,,,,,,,,,,,,,,,,,,,,,,,planned,,,,,,,,,,,,,,,,,,,,,,,,,,,,,,,,,,,,,,,,,,,,,,,,,,,,,,,
,,,,,,window_fit_only,,,0.2,0.295,,,,,,,,,,,,,,,,,,,,,,,,,,,,,,"[""v3_pilot"",""v3_full""]",,,,,,,,,,incomplete,,,,,,,,,,,storyboard,75000,,,,,,,,,,,,,,,,,,,,,,,,,,,1e-11,,,horseshoe,,,,,,,,,,,,,,,,,,,,,,,,,,,,,,,,,,,,,,,,,,,,,,initialization_policy_v3-horseshoe-92e6bf2ec5da,,,,,,,,,,,,,,,,,,,,,,,none,fast,,,,,,,,,,,legacy_fit_window_newton,,,,,,,,,,,,,initialization_policy_v3,,,,,,,0,,,,,,,,,,,,,,,,,,,,,,,,,,,,,,,,,,4,,,,,,,,,,,,,,,,,,,,,,,,,,,,,,,,,,,,,,,,,,,,,,,,,,,,,,,,,,,,,,,,,,,,,,,,,planned,,,,,,,,,,,,,,,,,,,,,,,,,,,,,,,,,,,,,,,,,,,,,,,,,,,,,,,
0.7060839414540176,17,17,,,,strict_storyboard_fast_fallback,0.2,0.295,0.2,0.295,,1.8282892925781198,,3778.0,0.0,0.009992622346638606,0.0016845268022749203,0.0038722168478619915,0.0,0.0,-1,0.0,0.0,0.2165237257936638,inf,0.0001750152036469657,0.009971288765600425,0.046051714328537656,0.21650239221262502,0.9999014723168993,0.0,1.0118119470521397e-14,1.0041966720889348,0.0021876900455870714,0.11508034946120815,0.01224277886784133,,0.01805809883006596,,"[""v3_pilot"",""v3_full""]",0,0,1,8,5,0.001,,,0,geometrically_unsuccessful_pde_converged,,,0.0,,0.0,0,,,,,,200000,3.057265785075925,,relative,None,0.08,0.00034891919773347776,0.06,,0.08,/home/asaleh/PycharmProjects/hdgfem/run_outputs/torsion_reduced_optimizer_numerical_tests/cases/trajectory_v3-horseshoe-b52bd3f19442/attempt_001/run/out/equilibrium.npz,/home/asaleh/PycharmProjects/hdgfem/run_outputs/torsion_reduced_optimizer_numerical_tests/cases/trajectory_v3-horseshoe-b52bd3f19442/attempt_001/run/out/equilibrium.npz,,,0,"[""trajectory_candidate-horseshoe-9e9172e39927""]",None,mumps,1,1,200,1.0402933029981796,CONVERGED_RESIDUAL,1e-12,,MAX_OPT_IT,,,,,horseshoe,file,0.02204841713221762,,,,,,,,,,,,,,,0,,0.1,gmres,,hypre,0.35,0.00025,,,1,,,,,1e-11,,,0,0,0,0,0,,,,,,,trajectory_v3-horseshoe-b52bd3f19442,model_feasibility_proxy,None,4,1e-12,0,"1e-2,1e-3,1e-5,1e-7,adaptive",1,,,,checkpoint_transfer,nan,window-fit,,,,,,homotopy,,,fast,window-fit,fast,/home/asaleh/PycharmProjects/hdgfem/run_outputs/torsion_reduced_optimizer_numerical_tests/cases/trajectory_candidate-horseshoe-9e9172e39927/attempt_001/run/out/equilibrium.npz,1,0.0,2.482534153247273e-16,coordinate_match,5,4.806252687430365e-12,CONVERGED_RESIDUAL,0.0,/home/asaleh/PycharmProjects/hdgfem/run_outputs/torsion_reduced_optimizer_numerical_tests/cases/trajectory_v3-horseshoe-b52bd3f19442/attempt_001/run/logs/initialization.csv,,,1e-10,1e-08,1e-07,,1e-10,1e-10,1e-10,,none,none,2.0,trajectory_v3,39631.0,482.10365075804293,31.570547921495745,,,,,,,/home/asaleh/PycharmProjects/hdgfem/run_outputs/torsion_reduced_optimizer_numerical_tests/meshes/horseshoe-p4-dof200000.msh,24666,198880,,0.016201887910826933,0.5,4.353792968819738e-06,198529,/home/asaleh/PycharmProjects/hdgfem/run_outputs/torsion_reduced_optimizer_numerical_tests/cases/trajectory_v3-horseshoe-b52bd3f19442/attempt_001/run/logs/newton.csv,,,,,,None,1e-08,1,0,None,0,1e-08,673,1.0118119470521397e-14,gmres,hypre,,,0.007211809074581347,24666,,,4,mumps_parent-horseshoe-832dce4fde81,2,4.613219772989396,1,1.1247617100016214,0,0.0,0,0.0,0,0.0,1,0.08865562398568727,2,2.164373767998768,17,4.782076064031571,17,19.52816289497423,1,0.43601382899214514,1,0.7944058759894688,1,612.3698149450065,30,514.4204432420083,0,0.0,/home/asaleh/PycharmProjects/hdgfem/run_outputs/torsion_reduced_optimizer_numerical_tests/cases/trajectory_v3-horseshoe-b52bd3f19442/attempt_001/run/logs/phases.csv,0.0021735214084189084,0.00348303437505579,,,,none,0,,,,nan,7.866382096203099,nan,16,,,,436.3129306260089,14,,,,,,,1,0.4633048695459367,0.216663558037212,1.0,,/home/asaleh/PycharmProjects/hdgfem/run_outputs/torsion_reduced_optimizer_numerical_tests/cases/trajectory_v3-horseshoe-b52bd3f19442/attempt_001/run,0,run,/home/asaleh/PycharmProjects/hdgfem/run_outputs/torsion_reduced_optimizer_numerical_tests/cases/trajectory_v3-horseshoe-b52bd3f19442/attempt_001/run,0.0043537929688197375,0.0,gmres,cg,hypre,optimized,,,completed,,,,,,,,,,,,,,,,,cg,hypre,0.2165237257936638,sharp_indicator,,,False,612.3698149450065,1e-11,,,,/home/asaleh/PycharmProjects/hdgfem/run_outputs/torsion_reduced_optimizer_numerical_tests/cases/trajectory_v3-horseshoe-b52bd3f19442/attempt_001/run/out/trajectory.npz,1,,,,,,300,5.808719713899006e-05,2.459279460235992e-05,,,,,,,,,,,,,,,,614.7394225597382,
-121.77796967117904,0,0,,,,low_dof_inexact_newton_screen,0.45,0.5,0.45,0.5,,0.11462127894628793,,23.0,0.6016738801526207,0.29681315187464175,0.013336752930568085,0.014325740223617201,0.15621899245819498,0.47139057686649716,-1,0.005307332253819333,0.016014867164244218,0.18048866921382897,inf,7.911898344392932e-05,0.07433984299371567,0.22432036541491696,0.10892702053727749,0.3286871220934086,0.3945268406216134,8.871208800703216e-16,0.5325620478479761,0.0009889872930491164,0.11540376119922541,0.21059782067899455,,0.23399757853221617,,"[""v3_pilot"",""v3_full""]",0,0,1,8,5,0.001,,,0,geometrically_unsuccessful_pde_converged,,,0.0,superseded_by_revised_v3_protocol,0.0,0,,,,,difficult,50000,4.849243843176703,,relative,None,0.08,0.0014039854711932974,0.06,,0.08,/home/asaleh/PycharmProjects/hdgfem/run_outputs/torsion_reduced_optimizer_numerical_tests/cases/inner_newton_policy_v3-smooth_star-c0cfa6d89bfb/attempt_002/run/out/equilibrium.npz,/home/asaleh/PycharmProjects/hdgfem/run_outputs/torsion_reduced_optimizer_numerical_tests/cases/inner_newton_policy_v3-smooth_star-c0cfa6d89bfb/attempt_002/run/out/equilibrium.npz,,,0,,None,mumps,1,0,200,0.0,CONVERGED_RESIDUAL,1e-12,1e-13,STEP_TOO_SMALL,,,,,smooth_star,file,0.06918991233972438,,,,,,,,,,,,,,,0,,0.1,gmres,,hypre,0.35,0.00025,,,1,,,,,1e-11,,,0,0,0,0,0,,,,,,,inner_newton_policy_v3-smooth_star-c0cfa6d89bfb,model_feasibility_proxy,/home/asaleh/PycharmProjects/hdgfem/run_outputs/torsion_reduced_optimizer_numerical_tests/cases/inner_newton_policy_v3-smooth_star-c0cfa6d89bfb/attempt_002/run/logs/inexact_newton.csv,4,1e-12,15,"1e-2,1e-3,1e-5,1e-7,adaptive",1,True,"{""one-correction|unknown"":{""admissible"":true,""decision_agreement"":1.0,""gradient_angle_max_degrees"":0.0,""gradient_error_max"":9.772883989743805e-11,""reason"":""passed"",""runtime_total"":2.950274663948221,""snapshot_count"":5,""trust_step_error_max"":2.0194139064601903e-11},""raw|unknown"":{""admissible"":true,""decision_agreement"":1.0,""gradient_angle_max_degrees"":0.0,""gradient_error_max"":9.772883989743805e-11,""reason"":""passed"",""runtime_total"":2.656664861977333,""snapshot_count"":5,""trust_step_error_max"":2.0194139064601903e-11},""reassembled|unknown"":{""admissible"":true,""decision_agreement"":1.0,""gradient_angle_max_degrees"":0.0,""gradient_error_max"":0.0,""reason"":""passed"",""runtime_total"":2.745839609997347,""snapshot_count"":5,""trust_step_error_max"":0.0}}",15,checkpoint_transfer,nan,window-fit,,,,,,homotopy,,,fast,window-fit,fast,/home/asaleh/PycharmProjects/hdgfem/run_outputs/torsion_reduced_optimizer_numerical_tests/cases/mumps_parent-smooth_star-21345849dc41/attempt_001/run/out/equilibrium.npz,1,0.0,2.482534153247273e-16,coordinate_match,0,8.871208800703216e-16,CONVERGED_RESIDUAL,0.0,/home/asaleh/PycharmProjects/hdgfem/run_outputs/torsion_reduced_optimizer_numerical_tests/cases/inner_newton_policy_v3-smooth_star-c0cfa6d89bfb/attempt_002/run/logs/initialization.csv,,,None,1e-08,1e-07,adaptive,,1e-07,7.90010696440465e-08,,mumps,,2.0,inner_newton_policy_v3,583.0,6.225506048911484,0.1953652839292772,,,,,,,/home/asaleh/PycharmProjects/hdgfem/run_outputs/torsion_reduced_optimizer_numerical_tests/meshes/smooth_star-p4-dof50000.msh,6008,48644,,0.05336080021888727,0.5,2.203542907800199e-05,48505,/home/asaleh/PycharmProjects/hdgfem/run_outputs/torsion_reduced_optimizer_numerical_tests/cases/inner_newton_policy_v3-smooth_star-c0cfa6d89bfb/attempt_002/run/logs/newton.csv,,,,,,None,1e-08,1,0,None,0,1e-08,59,8.871208800703216e-16,gmres,hypre,,,0.014268185840371886,6008,,,4,mumps_parent-smooth_star-21345849dc41,1,0.34163167100632563,1,0.058580429991707206,0,0.0,0,0.0,1,11.776458438980626,1,0.02083313700859435,2,0.1107080339861568,1,1.3205073080025613,1,0.27254765600082465,1,0.17167736298870295,1,0.20756537502165884,1,36.20374069799436,9,7.012922259949846,0,0.0,/home/asaleh/PycharmProjects/hdgfem/run_outputs/torsion_reduced_optimizer_numerical_tests/cases/inner_newton_policy_v3-smooth_star-c0cfa6d89bfb/attempt_002/run/logs/phases.csv,0.03164793260716922,0.01762834326240159,,,,insufficient_history,0,,,,26.77761579007949,26.77761579007949,1.0,16,,,,22.972380290011643,10,,,,,,,1,0.5718262446766823,0.33211562419372703,1.0,,/home/asaleh/PycharmProjects/hdgfem/run_outputs/torsion_reduced_optimizer_numerical_tests/cases/inner_newton_policy_v3-smooth_star-c0cfa6d89bfb/attempt_002/run,1,run,/home/asaleh/PycharmProjects/hdgfem/run_outputs/torsion_reduced_optimizer_numerical_tests/cases/inner_newton_policy_v3-smooth_star-c0cfa6d89bfb/attempt_002/run,0.02203542907800199,0.0,gmres,cg,hypre,optimized,,,failed,,,,,,,,,,,,,,,,,cg,hypre,0.3314003294182053,sharp_indicator,,,False,36.20374069799436,1e-11,,,,None,,,,,,,300,2.2035429078001992e-07,2.2035429078001992e-07,,,,,,,,,,,,,,,,38.37942838668823,
,,,,,,low_dof_inexact_newton_screen,,,0.45,0.5,,,,,,,,,,,,,,,,,,,,,,,,,,,,,,"[""v3_pilot"",""v3_full""]",,,,,,,,,,deferred,,,,,,,,,,,difficult,50000,,,,,,,,,,,,,,,,,,,,,,,,,,,,,,smooth_star,,,,,,,,,,,,,,,,,,,,,,,,,,,,,,,,,,,,,,,,,,,,,,inner_newton_policy_v3-smooth_star-ae59b0ec074b,,,,,,,,,,,,,,,,,,,,,,,window-fit,fast,,,,,,,,,,,,,,,,fixed_1e-3,0.001,,,,,,,inner_newton_policy_v3,,,,,,,,,,,,,,,,,,,,,,,,,,,,,,,,,,,,,,,,,4,mumps_parent-smooth_star-21345849dc41,,,,,,,,,,,,,,,,,,,,,,,,,,,,,,,,,,,,,,,,,,,,,,,,,,,,,,,,,,,,,,,,,,,,,,,,deferred,,,,,,,,,,,,,,,,,,,,,,,,,,,,,,,,,,,,,,,,,,,,,,,,,,,,,,,
,,,,,,low_dof_inexact_newton_screen,,,0.45,0.5,,,,,,,,,,,,,,,,,,,,,,,,,,,,,,"[""v3_pilot"",""v3_full""]",,,,,,,,,,deferred,,,,,,,,,,,difficult,50000,,,,,,,,,,,,,,,,,,,,,,,,,,,,,,smooth_star,,,,,,,,,,,,,,,,,,,,,,,,,,,,,,,,,,,,,,,,,,,,,,inner_newton_policy_v3-smooth_star-eeee5133d78f,,,,,,,,,,,,,,,,,,,,,,,window-fit,fast,,,,,,,,,,,,,,,,fixed_1e-5,1e-05,,,,,,,inner_newton_policy_v3,,,,,,,,,,,,,,,,,,,,,,,,,,,,,,,,,,,,,,,,,4,mumps_parent-smooth_star-21345849dc41,,,,,,,,,,,,,,,,,,,,,,,,,,,,,,,,,,,,,,,,,,,,,,,,,,,,,,,,,,,,,,,,,,,,,,,,deferred,,,,,,,,,,,,,,,,,,,,,,,,,,,,,,,,,,,,,,,,,,,,,,,,,,,,,,,
,,,,,,low_dof_inexact_newton_screen,,,0.45,0.5,,,,,,,,,,,,,,,,,,,,,,,,,,,,,,"[""v3_pilot"",""v3_full""]",,,,,,,,,,deferred,,,,,,,,,,,difficult,50000,,,,,,,,,,,,,,,,,,,,,,,,,,,,,,smooth_star,,,,,,,,,,,,,,,,,,,,,,,,,,,,,,,,,,,,,,,,,,,,,,inner_newton_policy_v3-smooth_star-5ff4c8c87f19,,,,,,,,,,,,,,,,,,,,,,,window-fit,fast,,,,,,,,,,,,,,,,fixed_1e-7,1e-07,,,,,,,inner_newton_policy_v3,,,,,,,,,,,,,,,,,,,,,,,,,,,,,,,,,,,,,,,,,4,mumps_parent-smooth_star-21345849dc41,,,,,,,,,,,,,,,,,,,,,,,,,,,,,,,,,,,,,,,,,,,,,,,,,,,,,,,,,,,,,,,,,,,,,,,,deferred,,,,,,,,,,,,,,,,,,,,,,,,,,,,,,,,,,,,,,,,,,,,,,,,,,,,,,,
-3.6422608788383437,9,9,,,,low_dof_mumps_inexact_newton_screen,0.45,0.5,0.45,0.5,,0.3163291471428238,,91.0,0.6016738801526207,0.2968131518746422,0.013336752930568083,0.014325740223617201,0.15621899245819498,0.47139057686649716,-1,0.005307332253819333,0.016014867164244218,0.18048866921382897,inf,7.911898344392945e-05,0.07433984299371582,0.22432036541491743,0.10892702053727733,0.32868712209340817,0.3945268406216134,8.904406154845336e-16,0.5325620478479758,0.0009889872930491182,0.03827093609276307,0.21059782068792207,,0.23399757854213563,,"[""v3_pilot"",""v3_full""]",0,0,1,8,5,0.001,,,0,geometrically_unsuccessful_pde_converged,,,0.0,superseded_by_revised_v3_protocol,0.0,0,,,,,difficult,50000,4.849243843176703,,relative,None,0.08,0.0014039854712528132,0.06,,0.08,/home/asaleh/PycharmProjects/hdgfem/run_outputs/torsion_reduced_optimizer_numerical_tests/cases/inner_newton_policy_v3-smooth_star-1dc228248b35/attempt_002/run/out/equilibrium.npz,/home/asaleh/PycharmProjects/hdgfem/run_outputs/torsion_reduced_optimizer_numerical_tests/cases/inner_newton_policy_v3-smooth_star-1dc228248b35/attempt_002/run/out/equilibrium.npz,,,0,,None,mumps,1,1,200,0.27977691902196966,CONVERGED_RESIDUAL,1e-12,1e-13,STEP_TOO_SMALL,,,,,smooth_star,file,0.06918991233972438,,,1.0,hminus1_full_refined,40,0,10,CONVERGED_LAMBDA1,,,,,,,1,1,0.1,None,1.0,mumps,0.35,0.00025,40,3.1102630279492587,1,0,10,CONVERGED_LAMBDA1,0.945679212018149,1e-11,,0.9999999999999999,10,40,0,4.260543288022745,10,,,,,,,inner_newton_policy_v3-smooth_star-1dc228248b35,model_feasibility_proxy,/home/asaleh/PycharmProjects/hdgfem/run_outputs/torsion_reduced_optimizer_numerical_tests/cases/inner_newton_policy_v3-smooth_star-1dc228248b35/attempt_002/run/logs/inexact_newton.csv,4,1e-12,60,"1e-2,1e-3,1e-5,1e-7,adaptive",1,True,"{""one-correction|unknown"":{""admissible"":false,""decision_agreement"":1.0,""gradient_angle_max_degrees"":0.07305430733076484,""gradient_error_max"":0.10379715892107776,""reason"":""snapshot_gate_failed"",""runtime_total"":20.38150152604794,""snapshot_count"":20,""trust_step_error_max"":0.0012750381092376812},""raw|unknown"":{""admissible"":false,""decision_agreement"":1.0,""gradient_angle_max_degrees"":0.9123534198050502,""gradient_error_max"":0.5193714174672849,""reason"":""snapshot_gate_failed"",""runtime_total"":14.971776655031135,""snapshot_count"":20,""trust_step_error_max"":0.015923402885340297},""reassembled|unknown"":{""admissible"":true,""decision_agreement"":1.0,""gradient_angle_max_degrees"":0.0,""gradient_error_max"":0.0,""reason"":""passed"",""runtime_total"":18.07872829027474,""snapshot_count"":20,""trust_step_error_max"":0.0}}",60,hminus1_full_refined,0.0004598539128045777,window-fit,0.7805609697184188,0.4918085106355259,-0.8392361448680419,0.5608976070069636,0.7803366372885447,homotopy,0.0004598539128045777,0.03032668504154642,full,window-fit,full,None,0,0.0,nan,None,,,,0.0,/home/asaleh/PycharmProjects/hdgfem/run_outputs/torsion_reduced_optimizer_numerical_tests/cases/inner_newton_policy_v3-smooth_star-1dc228248b35/attempt_002/run/logs/initialization.csv,,,None,1e-08,1e-07,adaptive,,1e-07,7.894028766398419e-08,,mumps,,2.0,inner_newton_policy_v3,182.0,43.05884426803095,0.8724426348344423,mumps,,,,,,/home/asaleh/PycharmProjects/hdgfem/run_outputs/torsion_reduced_optimizer_numerical_tests/meshes/smooth_star-p4-dof50000.msh,6008,48644,,0.05336080021888727,0.5,2.2035429079750885e-05,48505,/home/asaleh/PycharmProjects/hdgfem/run_outputs/torsion_reduced_optimizer_numerical_tests/cases/inner_newton_policy_v3-smooth_star-1dc228248b35/attempt_002/run/logs/newton.csv,,,,,,None,1e-08,1,0,None,0,1e-08,221,8.815188349892015e-16,None,mumps,,,0.014268185840371886,6008,,,4,,1,0.34071076099644415,1,0.34357669900055043,1,5.5915261909831315,1,4.27084293300868,1,58.13141629900201,1,0.023035065998556092,0,0.0,10,1.7768565009755548,10,3.194643445982365,1,0.1408333319996018,1,0.34194631699938327,1,129.53395940898918,19,32.84736955299741,0,0.0,/home/asaleh/PycharmProjects/hdgfem/run_outputs/torsion_reduced_optimizer_numerical_tests/cases/inner_newton_policy_v3-smooth_star-1dc228248b35/attempt_002/run/logs/phases.csv,0.031647932607888465,0.017628343263800708,,,,none,0,,,,26.777541907202366,720.6461029218581,0.03715768641311301,16,,,,37.26543775293976,11,,,,,,,1,0.5718262446766823,0.33211562419372703,1.0,,/home/asaleh/PycharmProjects/hdgfem/run_outputs/torsion_reduced_optimizer_numerical_tests/cases/inner_newton_policy_v3-smooth_star-1dc228248b35/attempt_002/run,1,run,/home/asaleh/PycharmProjects/hdgfem/run_outputs/torsion_reduced_optimizer_numerical_tests/cases/inner_newton_policy_v3-smooth_star-1dc228248b35/attempt_002/run,0.022035429079750885,0.0,gmres,None,mumps,optimized,,,completed,,,,,,,,,,,,,,,,,None,mumps,0.3314003294182053,sharp_indicator,,,False,129.53395940898918,1e-11,,,,None,,,,,,,300,2.2035429079750887e-07,2.2035429079750887e-07,,,,,,,,,,,,,,,,131.72524309158325,
,,,,,,low_dof_mumps_inexact_newton_screen,,,0.45,0.5,,,,,,,,,,,,,,,,,,,,,,,,,,,,,,"[""v3_pilot"",""v3_full""]",,,,,,,,,,incomplete,,,,,,,,,,,difficult,50000,,,,,,,,,,,,,,,,,,,,,,,,,,,,,,smooth_star,,,,,,,,,,,,,,,,,,,,,,,,,,,,,,,,,,,,,,,,,,,,,,inner_newton_policy_v3-smooth_star-4a5d3ea693f1,,,,,,,,,,,,,,,,,,,,,,,window-fit,full,,,,,,,,,,,,,,,,fixed_1e-3,0.001,,,,,,,inner_newton_policy_v3,,,,mumps,,,,,,,,,,,,,,,,,,,,,,,,,,,,,,,,,,,,,4,,,,,,,,,,,,,,,,,,,,,,,,,,,,,,,,,,,,,,,,,,,,,,,,,,,,,,,,,,,,,,,,,,,,,,,,,planned,,,,,,,,,,,,,,,,,,,,,,,,,,,,,,,,,,,,,,,,,,,,,,,,,,,,,,,
,,,,,,low_dof_mumps_inexact_newton_screen,,,0.45,0.5,,,,,,,,,,,,,,,,,,,,,,,,,,,,,,"[""v3_pilot"",""v3_full""]",,,,,,,,,,incomplete,,,,,,,,,,,difficult,50000,,,,,,,,,,,,,,,,,,,,,,,,,,,,,,smooth_star,,,,,,,,,,,,,,,,,,,,,,,,,,,,,,,,,,,,,,,,,,,,,,inner_newton_policy_v3-smooth_star-311e58f03ede,,,,,,,,,,,,,,,,,,,,,,,window-fit,full,,,,,,,,,,,,,,,,fixed_1e-5,1e-05,,,,,,,inner_newton_policy_v3,,,,mumps,,,,,,,,,,,,,,,,,,,,,,,,,,,,,,,,,,,,,4,,,,,,,,,,,,,,,,,,,,,,,,,,,,,,,,,,,,,,,,,,,,,,,,,,,,,,,,,,,,,,,,,,,,,,,,,planned,,,,,,,,,,,,,,,,,,,,,,,,,,,,,,,,,,,,,,,,,,,,,,,,,,,,,,,
,,,,,,low_dof_mumps_inexact_newton_screen,,,0.45,0.5,,,,,,,,,,,,,,,,,,,,,,,,,,,,,,"[""v3_pilot"",""v3_full""]",,,,,,,,,,incomplete,,,,,,,,,,,difficult,50000,,,,,,,,,,,,,,,,,,,,,,,,,,,,,,smooth_star,,,,,,,,,,,,,,,,,,,,,,,,,,,,,,,,,,,,,,,,,,,,,,inner_newton_policy_v3-smooth_star-dda239adc2b9,,,,,,,,,,,,,,,,,,,,,,,window-fit,full,,,,,,,,,,,,,,,,fixed_1e-7,1e-07,,,,,,,inner_newton_policy_v3,,,,mumps,,,,,,,,,,,,,,,,,,,,,,,,,,,,,,,,,,,,,4,,,,,,,,,,,,,,,,,,,,,,,,,,,,,,,,,,,,,,,,,,,,,,,,,,,,,,,,,,,,,,,,,,,,,,,,,planned,,,,,,,,,,,,,,,,,,,,,,,,,,,,,,,,,,,,,,,,,,,,,,,,,,,,,,,
-1.5934718226584368,5,5,,,,low_dof_mumps_band_screen,0.4,0.5,0.4,0.5,,0.4793194869707804,,432.0,0.42303916959525345,0.1444194772175608,0.0016207630978511544,0.0017665913975934667,0.07471230578845939,0.300689762294006,-1,0.024313625878779555,0.09785347017257906,0.1980710558687119,inf,1.1666263979384987e-05,0.059186931221727884,0.23820579611561232,0.16323718978255852,0.6569701105495918,0.15214929853410827,1.5726403753760868e-13,0.8508818780686329,0.00014582829974231232,0.006295351565010217,0.024489286354713105,,0.03061160794339138,,"[""v3_pilot""]",0,0,1,8,5,0.001,,,0,geometrically_unsuccessful_pde_converged,,,0.0,,0.0,0,,,,,,75000,3.0572480225793255,,relative,None,0.08,0.00036733929532069655,0.06,,0.08,/home/asaleh/PycharmProjects/hdgfem/run_outputs/torsion_reduced_optimizer_numerical_tests/cases/horseshoe_band_screen_v3-horseshoe-141f7407f3cd/attempt_001/run/out/equilibrium.npz,/home/asaleh/PycharmProjects/hdgfem/run_outputs/torsion_reduced_optimizer_numerical_tests/cases/horseshoe_band_screen_v3-horseshoe-141f7407f3cd/attempt_001/run/out/equilibrium.npz,,,0,,None,mumps,1,1,200,0.3942618820001371,CONVERGED_RESIDUAL,1e-12,1e-13,MAX_OPT_IT,,,,,horseshoe,file,0.03575819126118521,,,1.0,hminus1_full_refined,41,1,12,CONVERGED_LAMBDA1,,,,,,,1,1,0.1,None,1.0,mumps,0.35,0.00025,41,4.747730351838982,1,1,12,CONVERGED_LAMBDA1,1.754560942092212,1e-11,,1.0,12,41,1,6.8215943289978895,13,,,,,,,horseshoe_band_screen_v3-horseshoe-141f7407f3cd,model_feasibility_proxy,None,4,1e-12,0,"1e-2,1e-3,1e-5,1e-7,adaptive",1,,,,hminus1_full_refined,0.0002476842011803692,window-fit,0.6090806935462758,0.16724372488126218,-0.20297800340055644,0.5653646929000959,0.9562839993538202,homotopy,0.0002476842011803692,0.022256873148776727,full,window-fit,full,None,0,0.0,nan,None,,,,0.0,/home/asaleh/PycharmProjects/hdgfem/run_outputs/torsion_reduced_optimizer_numerical_tests/cases/horseshoe_band_screen_v3-horseshoe-141f7407f3cd/attempt_001/run/logs/initialization.csv,,,None,1e-08,1e-07,,,1e-07,1e-07,,mumps,,2.0,horseshoe_band_screen_v3,197.0,66.62163132696878,2.9934330467076506,mumps,,,10,,,/home/asaleh/PycharmProjects/hdgfem/run_outputs/torsion_reduced_optimizer_numerical_tests/meshes/horseshoe-p4-dof75000.msh,9034,73348,,0.026852374196707447,0.5,7.595402909606534e-06,72997,/home/asaleh/PycharmProjects/hdgfem/run_outputs/torsion_reduced_optimizer_numerical_tests/cases/horseshoe_band_screen_v3-horseshoe-141f7407f3cd/attempt_001/run/logs/newton.csv,,,,,,None,1e-08,1,0,None,0,1e-08,208,3.0464143765759177e-16,None,mumps,,,0.011696202269849501,9034,,,4,,1,0.49577153302379884,1,0.4690136119897943,1,8.897332717984682,1,6.838623447983991,0,0.0,1,0.03086698497645557,0,0.0,5,2.123558254999807,5,2.207805866986746,1,0.33717037198948674,1,0.8692889620142523,1,107.54421695199562,10,65.47655297003803,0,0.0,/home/asaleh/PycharmProjects/hdgfem/run_outputs/torsion_reduced_optimizer_numerical_tests/cases/horseshoe_band_screen_v3-horseshoe-141f7407f3cd/attempt_001/run/logs/phases.csv,0.004575806947180732,0.0060763223276852265,,,,none,0,,,,nan,512.1057160992904,nan,16,,,,63.96602325999993,6,,,,,,,1,0.4951798555936336,0.2481696751635413,1.0,,/home/asaleh/PycharmProjects/hdgfem/run_outputs/torsion_reduced_optimizer_numerical_tests/cases/horseshoe_band_screen_v3-horseshoe-141f7407f3cd/attempt_001/run,0,run,/home/asaleh/PycharmProjects/hdgfem/run_outputs/torsion_reduced_optimizer_numerical_tests/cases/horseshoe_band_screen_v3-horseshoe-141f7407f3cd/attempt_001/run,0.0075954029096065336,0.0,gmres,None,mumps,optimized,,,completed,,,,,,,,,,,,,,,,,None,mumps,0.24846973577839274,sharp_indicator,,,False,107.54421695199562,1e-11,,,,None,,,,,,,300,1.2458359622482118e-05,1.2458359622482118e-05,,,,,,,,,,,,,,,,109.81906199455261,
-9.991500799799905,21,21,,,,continued_low_dof_mumps_band_candidate,0.4,0.5,0.4,0.5,,0.5463673758204095,,224.0,0.43701872432356825,0.14512826094897419,0.001604195882815824,0.001750778053276836,0.07495604229414932,0.3016707127704347,-1,0.02427939690573968,0.09771571104898744,0.19779309038998222,inf,1.172657363688096e-05,0.05816689662714922,0.2341005291647575,0.16150837145656588,0.65001224777175,0.15207827795233173,2.0521026638128234e-16,0.8434723882453007,0.00014658217046101198,0.20965722550861077,0.024489286354713105,,0.03061160794339138,,"[""v3_pilot""]",0,0,1,8,5,0.001,,,0,geometrically_unsuccessful_pde_converged,,,0.0,,0.0,0,,,,,,75000,3.0572480225793255,,relative,None,0.08,0.00036733929532069655,0.06,,0.08,/home/asaleh/PycharmProjects/hdgfem/run_outputs/torsion_reduced_optimizer_numerical_tests/cases/trajectory_horseshoe_band_candidate_v3-horseshoe-dfba417fa450/attempt_001/run/out/equilibrium.npz,/home/asaleh/PycharmProjects/hdgfem/run_outputs/torsion_reduced_optimizer_numerical_tests/cases/trajectory_horseshoe_band_candidate_v3-horseshoe-dfba417fa450/attempt_001/run/out/equilibrium.npz,,,0,,None,mumps,1,1,200,0.394699625991052,CONVERGED_RESIDUAL,1e-12,1e-13,MAX_OPT_IT,,,,,horseshoe,file,0.03575819126118521,,,,,,,,,,,,,,,0,,0.1,None,,mumps,0.35,0.00025,,,1,,,,,1e-11,,,0,0,0,0,0,,,,,,,trajectory_horseshoe_band_candidate_v3-horseshoe-dfba417fa450,model_feasibility_proxy,None,4,1e-12,0,"1e-2,1e-3,1e-5,1e-7,adaptive",1,,,,checkpoint_transfer,nan,window-fit,,,,,,homotopy,,,fast,window-fit,fast,/home/asaleh/PycharmProjects/hdgfem/run_outputs/torsion_reduced_optimizer_numerical_tests/cases/horseshoe_band_screen_v3-horseshoe-141f7407f3cd/attempt_001/run/out/equilibrium.npz,1,0.0,2.2887833992611187e-16,coordinate_match,0,1.5726403753760868e-13,CONVERGED_RESIDUAL,0.0,/home/asaleh/PycharmProjects/hdgfem/run_outputs/torsion_reduced_optimizer_numerical_tests/cases/trajectory_horseshoe_band_candidate_v3-horseshoe-dfba417fa450/attempt_001/run/logs/initialization.csv,,,None,1e-08,1e-07,,,1e-07,1e-07,,mumps,,2.0,trajectory_horseshoe_band_candidate_v3,142.0,57.47943827486597,1.8148452970781364,mumps,,,30,,,/home/asaleh/PycharmProjects/hdgfem/run_outputs/torsion_reduced_optimizer_numerical_tests/meshes/horseshoe-p4-dof75000.msh,9034,73348,,0.026852374196707447,0.5,7.595402909606534e-06,72997,/home/asaleh/PycharmProjects/hdgfem/run_outputs/torsion_reduced_optimizer_numerical_tests/cases/trajectory_horseshoe_band_candidate_v3-horseshoe-dfba417fa450/attempt_001/run/logs/newton.csv,,,,,,None,1e-08,1,0,None,0,1e-08,176,2.0521026638128234e-16,None,mumps,,,0.011696202269849501,9034,,,4,horseshoe_band_screen_v3-horseshoe-141f7407f3cd,2,2.0768341519869864,1,0.4668214289995376,0,0.0,0,0.0,0,0.0,1,0.031163829000433907,2,0.12932865400216542,21,4.060727251926437,21,9.521083823987283,1,0.1582702579908073,1,0.46043284801999107,1,134.78099684798508,30,61.34857591701439,0,0.0,/home/asaleh/PycharmProjects/hdgfem/run_outputs/torsion_reduced_optimizer_numerical_tests/cases/trajectory_horseshoe_band_candidate_v3-horseshoe-dfba417fa450/attempt_001/run/logs/phases.csv,0.004575806947180732,0.0060763223276852265,,,,none,0,,,,nan,205.4232939770852,nan,16,,,,61.2829319749726,10,,,,,,,1,0.4951798555936336,0.2481696751635413,1.0,,/home/asaleh/PycharmProjects/hdgfem/run_outputs/torsion_reduced_optimizer_numerical_tests/cases/trajectory_horseshoe_band_candidate_v3-horseshoe-dfba417fa450/attempt_001/run,0,run,/home/asaleh/PycharmProjects/hdgfem/run_outputs/torsion_reduced_optimizer_numerical_tests/cases/trajectory_horseshoe_band_candidate_v3-horseshoe-dfba417fa450/attempt_001/run,0.0075954029096065336,0.0,gmres,None,mumps,optimized,,,completed,,,,,,,,,,,,,,,,,None,mumps,0.24846973577839274,sharp_indicator,,,False,134.78099684798508,1e-11,,,,/home/asaleh/PycharmProjects/hdgfem/run_outputs/torsion_reduced_optimizer_numerical_tests/cases/trajectory_horseshoe_band_candidate_v3-horseshoe-dfba417fa450/attempt_001/run/out/trajectory.npz,1,,,,,,300,1.2614089117763145e-06,9.61293180747077e-07,,,,,,,,,,,,,,,,137.03760719299316,
,,,,,,pde_exact_cross_target_branch_continuation_diagnostic,,,0.415,0.49,,,,,,,,,,,,,,,,,,,,,,,,,,,,,,"[""v3_pilot""]",,,,,,,,,,incomplete,,,,,,,,,,,,75000,,,,,,,,,,,,,,,,,,,,,,,,,,,,,,horseshoe,,,,,,,,,,,,,,,,,,,,,,,,,,,,,,,,,,,,,,,,,,,,,,trajectory_horseshoe_branch_continuation_v3-horseshoe-d944f5d36024,,,,,,,,,,,,,,,,,,,,,,,window-fit,fast,,,,,,,,,,,,,,,,,,,,,,,,trajectory_horseshoe_branch_continuation_v3,,,,mumps,,,20,,,,,,,,,,,,,,,,,,,,,,,,,,,,,,,,,,4,trajectory_horseshoe_band_candidate_v3-horseshoe-dfba417fa450,,,,,,,,,,,,,,,,,,,,,,,,,,,,,,,,,,,,,,,,,,,,,,,,,,,,,,,,,,,,,,,,,,,,,,,,planned,,,,,,,,,,,,,,,,,,,,,,,,,,,,,,1,,,,,,,,,,,,,,,,,,,,,,,,,
,,,,,,pde_exact_cross_target_branch_continuation_diagnostic,,,0.42,0.48,,,,,,,,,,,,,,,,,,,,,,,,,,,,,,"[""v3_pilot""]",,,,,,,,,,incomplete,,,,,,,,,,,,75000,,,,,,,,,,,,,,,,,,,,,,,,,,,,,,horseshoe,,,,,,,,,,,,,,,,,,,,,,,,,,,,,,,,,,,,,,,,,,,,,,trajectory_horseshoe_branch_continuation_v3-horseshoe-04f6b69ef1f4,,,,,,,,,,,,,,,,,,,,,,,window-fit,fast,,,,,,,,,,,,,,,,,,,,,,,,trajectory_horseshoe_branch_continuation_v3,,,,mumps,,,20,,,,,,,,,,,,,,,,,,,,,,,,,,,,,,,,,,4,trajectory_horseshoe_band_candidate_v3-horseshoe-dfba417fa450,,,,,,,,,,,,,,,,,,,,,,,,,,,,,,,,,,,,,,,,,,,,,,,,,,,,,,,,,,,,,,,,,,,,,,,,planned,,,,,,,,,,,,,,,,,,,,,,,,,,,,,,1,,,,,,,,,,,,,,,,,,,,,,,,,
,,,,,,pde_exact_cross_target_branch_continuation_diagnostic,,,0.425,0.475,,,,,,,,,,,,,,,,,,,,,,,,,,,,,,"[""v3_pilot""]",,,,,,,,,,incomplete,,,,,,,,,,,,75000,,,,,,,,,,,,,,,,,,,,,,,,,,,,,,horseshoe,,,,,,,,,,,,,,,,,,,,,,,,,,,,,,,,,,,,,,,,,,,,,,trajectory_horseshoe_branch_continuation_v3-horseshoe-1a9938c9a27a,,,,,,,,,,,,,,,,,,,,,,,window-fit,fast,,,,,,,,,,,,,,,,,,,,,,,,trajectory_horseshoe_branch_continuation_v3,,,,mumps,,,20,,,,,,,,,,,,,,,,,,,,,,,,,,,,,,,,,,4,trajectory_horseshoe_band_candidate_v3-horseshoe-dfba417fa450,,,,,,,,,,,,,,,,,,,,,,,,,,,,,,,,,,,,,,,,,,,,,,,,,,,,,,,,,,,,,,,,,,,,,,,,planned,,,,,,,,,,,,,,,,,,,,,,,,,,,,,,1,,,,,,,,,,,,,,,,,,,,,,,,,
,,,,,,pde_exact_cross_target_branch_continuation_diagnostic,,,0.425,0.5,,,,,,,,,,,,,,,,,,,,,,,,,,,,,,"[""v3_pilot""]",,,,,,,,,,incomplete,,,,,,,,,,,,75000,,,,,,,,,,,,,,,,,,,,,,,,,,,,,,horseshoe,,,,,,,,,,,,,,,,,,,,,,,,,,,,,,,,,,,,,,,,,,,,,,trajectory_horseshoe_branch_continuation_v3-horseshoe-028c899b6017,,,,,,,,,,,,,,,,,,,,,,,window-fit,fast,,,,,,,,,,,,,,,,,,,,,,,,trajectory_horseshoe_branch_continuation_v3,,,,mumps,,,20,,,,,,,,,,,,,,,,,,,,,,,,,,,,,,,,,,4,trajectory_horseshoe_band_candidate_v3-horseshoe-dfba417fa450,,,,,,,,,,,,,,,,,,,,,,,,,,,,,,,,,,,,,,,,,,,,,,,,,,,,,,,,,,,,,,,,,,,,,,,,planned,,,,,,,,,,,,,,,,,,,,,,,,,,,,,,1,,,,,,,,,,,,,,,,,,,,,,,,,
,,,,,,pde_exact_cross_target_branch_continuation_diagnostic,,,0.4,0.475,,,,,,,,,,,,,,,,,,,,,,,,,,,,,,"[""v3_pilot""]",,,,,,,,,,incomplete,,,,,,,,,,,,75000,,,,,,,,,,,,,,,,,,,,,,,,,,,,,,horseshoe,,,,,,,,,,,,,,,,,,,,,,,,,,,,,,,,,,,,,,,,,,,,,,trajectory_horseshoe_branch_continuation_v3-horseshoe-27ee3ac2605d,,,,,,,,,,,,,,,,,,,,,,,window-fit,fast,,,,,,,,,,,,,,,,,,,,,,,,trajectory_horseshoe_branch_continuation_v3,,,,mumps,,,20,,,,,,,,,,,,,,,,,,,,,,,,,,,,,,,,,,4,trajectory_horseshoe_band_candidate_v3-horseshoe-dfba417fa450,,,,,,,,,,,,,,,,,,,,,,,,,,,,,,,,,,,,,,,,,,,,,,,,,,,,,,,,,,,,,,,,,,,,,,,,planned,,,,,,,,,,,,,,,,,,,,,,,,,,,,,,1,,,,,,,,,,,,,,,,,,,,,,,,,
,,,,,,low_dof_mumps_fixed_homotopy_tolerance,,,0.6,0.7,,,,,,,,,,,,,,,,,,,,,,,,,,,,,,"[""v3_pilot"",""v3_full""]",,,,,,,,,,incomplete,,,,,,,homotopy_nonlinear_tolerance_cost_accuracy,smooth_star_easy_tol_1e-7,,,easy,50000,,,,,,,,,,,,,,,,,,,,,,,,,,,1e-12,,,smooth_star,,,,,,,,,,,,,,,,,,,,,,,,,,,,,,,,,,,,,,,,,,,,1e-07,tol_1e-7,trajectory_homotopy_tolerance_v3-smooth_star-6befe58e8b70,,,,,,,,,,,,,,,,,,,,,,,window-fit,full,,,,,,,,,,,,automatic_full_hminus1_identical_grid,,,,,,,,,,,,trajectory_homotopy_tolerance_v3,,,,mumps,,,0,,,,,,,,,,,,,,,,,,,,,,,,,,,,,,,,,,4,,,,,,,,,,,,,,,,,,,,,,,,,,,,,,,,,,,,,,,,,,,,,,,,,,,,,,,,,,,,,,,,,,,,,,,,,planned,,,,,,,,,,,,,,,,,,,,,,,,,,,,,,1,,,,,,,,,,,,,,,,,,,,,,,,,
,,,,,,low_dof_mumps_fixed_homotopy_tolerance,,,0.6,0.7,,,,,,,,,,,,,,,,,,,,,,,,,,,,,,"[""v3_pilot"",""v3_full""]",,,,,,,,,,incomplete,,,,,,,homotopy_nonlinear_tolerance_cost_accuracy,smooth_star_easy_tol_1e-9,,,easy,50000,,,,,,,,,,,,,,,,,,,,,,,,,,,1e-12,,,smooth_star,,,,,,,,,,,,,,,,,,,,,,,,,,,,,,,,,,,,,,,,,,,,1e-09,tol_1e-9,trajectory_homotopy_tolerance_v3-smooth_star-90988afeef54,,,,,,,,,,,,,,,,,,,,,,,window-fit,full,,,,,,,,,,,,automatic_full_hminus1_identical_grid,,,,,,,,,,,,trajectory_homotopy_tolerance_v3,,,,mumps,,,0,,,,,,,,,,,,,,,,,,,,,,,,,,,,,,,,,,4,,,,,,,,,,,,,,,,,,,,,,,,,,,,,,,,,,,,,,,,,,,,,,,,,,,,,,,,,,,,,,,,,,,,,,,,,planned,,,,,,,,,,,,,,,,,,,,,,,,,,,,,,1,,,,,,,,,,,,,,,,,,,,,,,,,
,,,,,,low_dof_mumps_fixed_homotopy_tolerance,,,0.6,0.7,,,,,,,,,,,,,,,,,,,,,,,,,,,,,,"[""v3_pilot"",""v3_full""]",,,,,,,,,,incomplete,,,,,,,homotopy_nonlinear_tolerance_cost_accuracy,smooth_star_easy_tol_1e-11,,,easy,50000,,,,,,,,,,,,,,,,,,,,,,,,,,,1e-12,,,smooth_star,,,,,,,,,,,,,,,,,,,,,,,,,,,,,,,,,,,,,,,,,,,,1e-11,tol_1e-11,trajectory_homotopy_tolerance_v3-smooth_star-f029111e143f,,,,,,,,,,,,,,,,,,,,,,,window-fit,full,,,,,,,,,,,,automatic_full_hminus1_identical_grid,,,,,,,,,,,,trajectory_homotopy_tolerance_v3,,,,mumps,,,0,,,,,,,,,,,,,,,,,,,,,,,,,,,,,,,,,,4,,,,,,,,,,,,,,,,,,,,,,,,,,,,,,,,,,,,,,,,,,,,,,,,,,,,,,,,,,,,,,,,,,,,,,,,,planned,,,,,,,,,,,,,,,,,,,,,,,,,,,,,,1,,,,,,,,,,,,,,,,,,,,,,,,,
,,,,,,low_dof_mumps_fixed_homotopy_tolerance,,,0.45,0.5,,,,,,,,,,,,,,,,,,,,,,,,,,,,,,"[""v3_pilot"",""v3_full""]",,,,,,,,,,incomplete,,,,,,,homotopy_nonlinear_tolerance_cost_accuracy,smooth_star_difficult_tol_1e-7,,,difficult,50000,,,,,,,,,,,,,,,,,,,,,,,,,,,1e-12,,,smooth_star,,,,,,,,,,,,,,,,,,,,,,,,,,,,,,,,,,,,,,,,,,,,1e-07,tol_1e-7,trajectory_homotopy_tolerance_v3-smooth_star-667b42e5844b,,,,,,,,,,,,,,,,,,,,,,,window-fit,full,,,,,,,,,,,,automatic_full_hminus1_identical_grid,,,,,,,,,,,,trajectory_homotopy_tolerance_v3,,,,mumps,,,0,,,,,,,,,,,,,,,,,,,,,,,,,,,,,,,,,,4,,,,,,,,,,,,,,,,,,,,,,,,,,,,,,,,,,,,,,,,,,,,,,,,,,,,,,,,,,,,,,,,,,,,,,,,,planned,,,,,,,,,,,,,,,,,,,,,,,,,,,,,,1,,,,,,,,,,,,,,,,,,,,,,,,,
,,,,,,low_dof_mumps_fixed_homotopy_tolerance,,,0.45,0.5,,,,,,,,,,,,,,,,,,,,,,,,,,,,,,"[""v3_pilot"",""v3_full""]",,,,,,,,,,incomplete,,,,,,,homotopy_nonlinear_tolerance_cost_accuracy,smooth_star_difficult_tol_1e-9,,,difficult,50000,,,,,,,,,,,,,,,,,,,,,,,,,,,1e-12,,,smooth_star,,,,,,,,,,,,,,,,,,,,,,,,,,,,,,,,,,,,,,,,,,,,1e-09,tol_1e-9,trajectory_homotopy_tolerance_v3-smooth_star-776e06d5fc23,,,,,,,,,,,,,,,,,,,,,,,window-fit,full,,,,,,,,,,,,automatic_full_hminus1_identical_grid,,,,,,,,,,,,trajectory_homotopy_tolerance_v3,,,,mumps,,,0,,,,,,,,,,,,,,,,,,,,,,,,,,,,,,,,,,4,,,,,,,,,,,,,,,,,,,,,,,,,,,,,,,,,,,,,,,,,,,,,,,,,,,,,,,,,,,,,,,,,,,,,,,,,planned,,,,,,,,,,,,,,,,,,,,,,,,,,,,,,1,,,,,,,,,,,,,,,,,,,,,,,,,
,,,,,,low_dof_mumps_fixed_homotopy_tolerance,,,0.45,0.5,,,,,,,,,,,,,,,,,,,,,,,,,,,,,,"[""v3_pilot"",""v3_full""]",,,,,,,,,,incomplete,,,,,,,homotopy_nonlinear_tolerance_cost_accuracy,smooth_star_difficult_tol_1e-11,,,difficult,50000,,,,,,,,,,,,,,,,,,,,,,,,,,,1e-12,,,smooth_star,,,,,,,,,,,,,,,,,,,,,,,,,,,,,,,,,,,,,,,,,,,,1e-11,tol_1e-11,trajectory_homotopy_tolerance_v3-smooth_star-3d948ec9d961,,,,,,,,,,,,,,,,,,,,,,,window-fit,full,,,,,,,,,,,,automatic_full_hminus1_identical_grid,,,,,,,,,,,,trajectory_homotopy_tolerance_v3,,,,mumps,,,0,,,,,,,,,,,,,,,,,,,,,,,,,,,,,,,,,,4,,,,,,,,,,,,,,,,,,,,,,,,,,,,,,,,,,,,,,,,,,,,,,,,,,,,,,,,,,,,,,,,,,,,,,,,,planned,,,,,,,,,,,,,,,,,,,,,,,,,,,,,,1,,,,,,,,,,,,,,,,,,,,,,,,,
,,,,,,low_dof_mumps_fixed_homotopy_tolerance,,,0.2,0.295,,,,,,,,,,,,,,,,,,,,,,,,,,,,,,"[""v3_pilot"",""v3_full""]",,,,,,,,,,incomplete,,,,,,,homotopy_nonlinear_tolerance_cost_accuracy,horseshoe_difficult_storyboard_anchor_tol_1e-7,,,difficult_storyboard_anchor,75000,,,,,,,,,,,,,,,,,,,,,,,,,,,1e-12,,,horseshoe,,,,,,,,,,,,,,,,,,,,,,,,,,,,,,,,,,,,,,,,,,,,1e-07,tol_1e-7,trajectory_homotopy_tolerance_v3-horseshoe-d029b6ba1cb4,,,,,,,,,,,,,,,,,,,,,,,window-fit,full,,,,,,,,,,,,automatic_full_hminus1_identical_grid,,,,,,,,,,,,trajectory_homotopy_tolerance_v3,,,,mumps,,,0,,,,,,,,,,,,,,,,,,,,,,,,,,,,,,,,,,4,,,,,,,,,,,,,,,,,,,,,,,,,,,,,,,,,,,,,,,,,,,,,,,,,,,,,,,,,,,,,,,,,,,,,,,,,planned,,,,,,,,,,,,,,,,,,,,,,,,,,,,,,1,,,,,,,,,,,,,,,,,,,,,,,,,
,,,,,,low_dof_mumps_fixed_homotopy_tolerance,,,0.2,0.295,,,,,,,,,,,,,,,,,,,,,,,,,,,,,,"[""v3_pilot"",""v3_full""]",,,,,,,,,,incomplete,,,,,,,homotopy_nonlinear_tolerance_cost_accuracy,horseshoe_difficult_storyboard_anchor_tol_1e-9,,,difficult_storyboard_anchor,75000,,,,,,,,,,,,,,,,,,,,,,,,,,,1e-12,,,horseshoe,,,,,,,,,,,,,,,,,,,,,,,,,,,,,,,,,,,,,,,,,,,,1e-09,tol_1e-9,trajectory_homotopy_tolerance_v3-horseshoe-1fe114c7e89b,,,,,,,,,,,,,,,,,,,,,,,window-fit,full,,,,,,,,,,,,automatic_full_hminus1_identical_grid,,,,,,,,,,,,trajectory_homotopy_tolerance_v3,,,,mumps,,,0,,,,,,,,,,,,,,,,,,,,,,,,,,,,,,,,,,4,,,,,,,,,,,,,,,,,,,,,,,,,,,,,,,,,,,,,,,,,,,,,,,,,,,,,,,,,,,,,,,,,,,,,,,,,planned,,,,,,,,,,,,,,,,,,,,,,,,,,,,,,1,,,,,,,,,,,,,,,,,,,,,,,,,
,,,,,,low_dof_mumps_fixed_homotopy_tolerance,,,0.2,0.295,,,,,,,,,,,,,,,,,,,,,,,,,,,,,,"[""v3_pilot"",""v3_full""]",,,,,,,,,,incomplete,,,,,,,homotopy_nonlinear_tolerance_cost_accuracy,horseshoe_difficult_storyboard_anchor_tol_1e-11,,,difficult_storyboard_anchor,75000,,,,,,,,,,,,,,,,,,,,,,,,,,,1e-12,,,horseshoe,,,,,,,,,,,,,,,,,,,,,,,,,,,,,,,,,,,,,,,,,,,,1e-11,tol_1e-11,trajectory_homotopy_tolerance_v3-horseshoe-82108791db49,,,,,,,,,,,,,,,,,,,,,,,window-fit,full,,,,,,,,,,,,automatic_full_hminus1_identical_grid,,,,,,,,,,,,trajectory_homotopy_tolerance_v3,,,,mumps,,,0,,,,,,,,,,,,,,,,,,,,,,,,,,,,,,,,,,4,,,,,,,,,,,,,,,,,,,,,,,,,,,,,,,,,,,,,,,,,,,,,,,,,,,,,,,,,,,,,,,,,,,,,,,,,planned,,,,,,,,,,,,,,,,,,,,,,,,,,,,,,1,,,,,,,,,,,,,,,,,,,,,,,,,
nan,0,0,,,,window_fit_only_mumps_high_newton_low_dof,0.6,0.7,0.6,0.7,,0.4852176932618022,,2705.0,0.0,0.8590246488705762,0.172629848570041,0.1844631390235248,0.46647312704146393,0.1575343052530202,-1,0.46647312704146393,0.1575343052530202,2.961089181764242,inf,0.0009466632362787042,0.8590246488705762,0.29010428127624377,2.961089181764242,1.0,0.0,0.0034835885081731066,1.1147610539500807,0.011833290453483802,1.0,1.160534421363161,,1.3539568249236877,,"[""v3_pilot"",""v3_full""]",0,0,1,8,5,0.001,,,0,pde_failure,,,2.9802322387695312e-08,,0.0,0,,,,,,75000,10.850829461382203,,relative,None,0.08,0.011605344213631606,0.06,,0.08,/home/asaleh/PycharmProjects/hdgfem/run_outputs/torsion_reduced_optimizer_numerical_tests/cases/trajectory_iter_window_fit_high_newton_v3-iter-8997eebadb46/attempt_001/run/out/equilibrium.npz,/home/asaleh/PycharmProjects/hdgfem/run_outputs/torsion_reduced_optimizer_numerical_tests/cases/trajectory_iter_window_fit_high_newton_v3-iter-8997eebadb46/attempt_001/run/out/equilibrium.npz,,,3,,None,mumps,0,0,400,0.4052773180010263,FAIL_LS,1e-12,1e-13,NEWTON_NOT_CONVERGED,400,,,,iter,file,0.11822188121332863,,,,,,,,,,,,,,,0,,0.1,None,,mumps,0.35,0.00025,,,1,,,,,1e-11,,,0,0,0,0,0,,,,,,,trajectory_iter_window_fit_high_newton_v3-iter-8997eebadb46,model_feasibility_proxy,None,4,1e-12,0,"1e-2,1e-3,1e-5,1e-7,adaptive",1,,,,density_l2,17.27869026348752,window-fit,,,,,,legacy,,,full,,,None,0,0.0,nan,None,,,,0.0,/home/asaleh/PycharmProjects/hdgfem/run_outputs/torsion_reduced_optimizer_numerical_tests/cases/trajectory_iter_window_fit_high_newton_v3-iter-8997eebadb46/attempt_001/run/logs/initialization.csv,legacy_fit_window_newton,,None,1e-08,1e-07,,,1e-07,1e-07,,mumps,,2.0,trajectory_iter_window_fit_high_newton_v3,163.0,66.94090506288921,11.960872965952149,mumps,160,160,80,,,/home/asaleh/PycharmProjects/hdgfem/run_outputs/torsion_reduced_optimizer_numerical_tests/meshes/iter-p4-dof75000.msh,8888,71694,,0.09189341652153325,0.5,0.00030064458130894513,71661,/home/asaleh/PycharmProjects/hdgfem/run_outputs/torsion_reduced_optimizer_numerical_tests/cases/trajectory_iter_window_fit_high_newton_v3-iter-8997eebadb46/attempt_001/run/logs/newton.csv,1,20,0.98,4.0,4,None,1e-08,1,0,None,0,1e-08,163,0.0034835885081731066,None,mumps,,,0.010895193001979893,8888,,,4,,2,0.6970260509988293,1,0.5833192669961136,0,0.0,0,0.0,0,0.0,1,0.02957752300426364,0,0.0,0,0.0,0,0.0,1,0.34546924600726925,1,0.8836369450145867,1,136.54560827001114,0,0.0,1,0.45579202999942936,/home/asaleh/PycharmProjects/hdgfem/run_outputs/torsion_reduced_optimizer_numerical_tests/cases/trajectory_iter_window_fit_high_newton_v3-iter-8997eebadb46/attempt_001/run/logs/phases.csv,0.7946872373983568,0.2405156650471561,,,,insufficient_history,0,,,,nan,nan,nan,16,,,,94.94294591702055,81,,,,,,,1,1.6141506462114268,2.9606454480482878,0.9995193755599296,,/home/asaleh/PycharmProjects/hdgfem/run_outputs/torsion_reduced_optimizer_numerical_tests/cases/trajectory_iter_window_fit_high_newton_v3-iter-8997eebadb46/attempt_001/run,0,run,/home/asaleh/PycharmProjects/hdgfem/run_outputs/torsion_reduced_optimizer_numerical_tests/cases/trajectory_iter_window_fit_high_newton_v3-iter-8997eebadb46/attempt_001/run,0.3006445813089451,0.0,gmres,None,mumps,optimized,,,failed,,,,,,,,,,,,,,,,,None,mumps,2.961089181764242,legacy_smoothed_interpolant,,,False,136.54560827001114,1e-11,,,,/home/asaleh/PycharmProjects/hdgfem/run_outputs/torsion_reduced_optimizer_numerical_tests/cases/trajectory_iter_window_fit_high_newton_v3-iter-8997eebadb46/attempt_001/run/out/trajectory.npz,1,,,,,,300,0.0015032229065447256,0.0015032229065447256,,,,,,,,,,,,,,,,138.71332097053528,
,,,,,"[""boundary_failure_side""]",,,,0.125,0.175,,,,,,,,,,,,,,,,,,,,,,,,,,,,,,,,,,,,,,,,incomplete,,,,,,,,,,,,700000,,,,,,,,,,,,,,,,,,,,,,,,,,,,,,smooth_star,,,,,,,,,,,,,,,,,,,,,,,,,,,,,,,,,,,,,,,,,,,,,,fine_confirmation-smooth_star-7a8dec8418f6,,,,,,,,,,,,,,,,,,,,,,,,,,,,,,,,,,,,,,,,,,,,,,,,fine_confirmation,,,,,,,,,,,,,,,,,,,,,,,,,,,,,,,,,,,,,,,,,4,,,,,,,,,,,,,,,,,,,,,,,,,,,,,,,,,,,,,,,,,,,,,,,,,,,,,,,,,,,,,,,,,,,,,,,,,planned,,,,,,,,,,,,,,,,,,,,,,,,,,,,,,,,,,,,,,,,,,,,,,,,,,,,,,,
,,,,,"[""boundary_success_side"",""fixed_anchor"",""worst_success""]",,,,0.6,0.7,,,,,,,,,,,,,,,,,,,,,,,,,,,,,,,,,,,,,,,,incomplete,,,,,,,,,,,,700000,,,,,,,,,,,,,,,,,,,,,,,,,,,,,,smooth_star,,,,,,,,,,,,,,,,,,,,,,,,,,,,,,,,,,,,,,,,,,,,,,fine_confirmation-smooth_star-b4d86357a1d7,,,,,,,,,,,,,,,,,,,,,,,,,,,,,,,,,,,,,,,,,,,,,,,,fine_confirmation,,,,,,,,,,,,,,,,,,,,,,,,,,,,,,,,,,,,,,,,,4,,,,,,,,,,,,,,,,,,,,,,,,,,,,,,,,,,,,,,,,,,,,,,,,,,,,,,,,,,,,,,,,,,,,,,,,,planned,,,,,,,,,,,,,,,,,,,,,,,,,,,,,,,,,,,,,,,,,,,,,,,,,,,,,,,
